Date;Close
24/03/2025;93,7282
21/03/2025;94,3533
20/03/2025;94,6464
19/03/2025;94,573
18/03/2025;93,997
17/03/2025;93,9091
14/03/2025;93,7275
13/03/2025;93,6268
12/03/2025;93,8716
11/03/2025;93,5518
10/03/2025;94,5549
07/03/2025;94,2039
06/03/2025;94,803
05/03/2025;94,7647
04/03/2025;95,0771
03/03/2025;96,8813
28/02/2025;95,4348
27/02/2025;95,6111
26/02/2025;95,792
25/02/2025;95,7157
24/02/2025;94,6986
21/02/2025;94,5112
20/02/2025;93,3012
19/02/2025;93,0842
18/02/2025;93,4586
17/02/2025;94,2872
14/02/2025;94,2902
13/02/2025;93,2808
12/02/2025;92,1933
11/02/2025;93,1468
10/02/2025;93,4633
07/02/2025;93,9649
06/02/2025;94,5038
05/02/2025;94,7282
04/02/2025;93,2359
03/02/2025;93,3324
31/01/2025;93,5719
30/01/2025;93,8267
29/01/2025;93,5054
28/01/2025;93,3087
27/01/2025;93,5704
24/01/2025;92,8038
23/01/2025;92,4952
22/01/2025;92,9036
21/01/2025;92,8381
20/01/2025;92,3541
17/01/2025;92,2313
16/01/2025;92,5693
15/01/2025;92,3724
14/01/2025;90,8105
13/01/2025;90,9596
10/01/2025;91,2004
09/01/2025;91,6482
08/01/2025;92,035
07/01/2025;91,5108
06/01/2025;92,414
03/01/2025;92,7332
02/01/2025;93,1592
01/01/2025;93,4787
31/12/2024;93,4966
30/12/2024;93,8526
27/12/2024;92,8448
26/12/2024;93,2327
24/12/2024;93,0801
23/12/2024;92,9679
20/12/2024;93,4772
19/12/2024;93,0977
18/12/2024;93,826
17/12/2024;95,5101
16/12/2024;95,3813
13/12/2024;95,5569
12/12/2024;96,2476
11/12/2024;97,4809
10/12/2024;97,2182
09/12/2024;98,2831
06/12/2024;98,3303
05/12/2024;98,2867
04/12/2024;98,4749
03/12/2024;97,3785
02/12/2024;97,402
29/11/2024;97,7244
28/11/2024;96,9689
27/11/2024;96,7777
26/11/2024;96,5168
25/11/2024;96,7183
22/11/2024;95,1031
21/11/2024;95,252
20/11/2024;95,3219
19/11/2024;95,7137
18/11/2024;95,4017
15/11/2024;94,8029
14/11/2024;96,3026
13/11/2024;95,4315
12/11/2024;97,068
11/11/2024;97,5248
08/11/2024;97,6499
07/11/2024;96,7
06/11/2024;95,5473
05/11/2024;97,11
04/11/2024;97,1663
01/11/2024;95,3031
31/10/2024;96,7353
30/10/2024;95,954
29/10/2024;96,2371
28/10/2024;96,6292
25/10/2024;96,4759
24/10/2024;96,8442
23/10/2024;95,6993
22/10/2024;96,768
21/10/2024;96,746
18/10/2024;98,9823
17/10/2024;98,9014
16/10/2024;100,148
15/10/2024;99,8868
14/10/2024;98,7333
11/10/2024;98,8382
10/10/2024;98,9687
09/10/2024;98,9244
08/10/2024;99,483
07/10/2024;99,1759
04/10/2024;99,3865
03/10/2024;100,6948
02/10/2024;101,4484
01/10/2024;101,8932
30/09/2024;101,1248
27/09/2024;101,5954
26/09/2024;101,3236
25/09/2024;101,6275
24/09/2024;102,0482
23/09/2024;102,3647
20/09/2024;102,4747
19/09/2024;103,1148
18/09/2024;102,8445
17/09/2024;101,9612
16/09/2024;103,0923
13/09/2024;101,8003
12/09/2024;101,8428
11/09/2024;101,5139
10/09/2024;103,8609
09/09/2024;101,4655
06/09/2024;101,1686
05/09/2024;101,6898
04/09/2024;100,1152
03/09/2024;99,3766
02/09/2024;99,0143
30/08/2024;99,1744
29/08/2024;99,2549
28/08/2024;99,3248
27/08/2024;99,8781
26/08/2024;99,9301
23/08/2024;100,0764
22/08/2024;99,3026
21/08/2024;100,5843
20/08/2024;100,5363
19/08/2024;99,8343
16/08/2024;99,0558
15/08/2024;98,6646
14/08/2024;99,627
13/08/2024;98,4044
12/08/2024;97,6012
09/08/2024;96,7299
08/08/2024;95,3749
07/08/2024;96,7265
06/08/2024;97,2113
05/08/2024;98,8412
02/08/2024;99,5403
01/08/2024;96,5125
31/07/2024;97,2424
30/07/2024;95,6768
29/07/2024;94,6463
26/07/2024;95,6507
25/07/2024;94,1625
24/07/2024;93,9201
23/07/2024;94,0872
22/07/2024;94,9144
19/07/2024;95,0307
18/07/2024;95,1936
17/07/2024;96,2738
16/07/2024;96,5276
15/07/2024;95,9124
12/07/2024;
11/07/2024;
10/07/2024;94,6014
09/07/2024;94,8485
08/07/2024;95,5143
05/07/2024;94,7414
04/07/2024;94,3344
03/07/2024;94,266
02/07/2024;93,08
01/07/2024;93,2175
28/06/2024;93,515
27/06/2024;95,2368
26/06/2024;93,7921
25/06/2024;95,3282
24/06/2024;95,7915
21/06/2024;95,1382
20/06/2024;95,3842
19/06/2024;95,6728
18/06/2024;95,6162
17/06/2024;94,8319
14/06/2024;95,6828
13/06/2024;95,5893
12/06/2024;94,9839
11/06/2024;94,3627
10/06/2024;93,9454
07/06/2024;94,1441
06/06/2024;95,823
05/06/2024;96,0498
04/06/2024;95,7335
03/06/2024;95,6919
31/05/2024;94,061
30/05/2024;93,9724
29/05/2024;92,2255
28/05/2024;92,6718
27/05/2024;93,6151
24/05/2024;93,6173
23/05/2024;93,5426
22/05/2024;94,0112
21/05/2024;94,2896
20/05/2024;94,4164
17/05/2024;94,4
16/05/2024;95,2471
15/05/2024;95,781
14/05/2024;94,5957
13/05/2024;94,1346
10/05/2024;93,6528
09/05/2024;94,1326
08/05/2024;93,9234
07/05/2024;94,2214
06/05/2024;93,995
03/05/2024;93,5641
02/05/2024;92,503
01/05/2024;91,9479
30/04/2024;91,6854
29/04/2024;92,0467
26/04/2024;91,93
25/04/2024;91,081
24/04/2024;91,6107
23/04/2024;91,8853
22/04/2024;91,9183
19/04/2024;91,4788
18/04/2024;92,124
17/04/2024;92,5176
16/04/2024;91,6599
15/04/2024;92,5097
12/04/2024;93,8024
11/04/2024;92,8447
10/04/2024;93,4545
09/04/2024;96,0623
08/04/2024;94,9228
05/04/2024;94,4469
04/04/2024;95,5715
03/04/2024;95,5528
02/04/2024;95,5702
01/04/2024;95,7653
29/03/2024;97,0376
28/03/2024;97,0434
27/03/2024;97,2933
26/03/2024;96,6912
25/03/2024;97,1927
22/03/2024;97,3984
21/03/2024;96,7721
20/03/2024;96,134
19/03/2024;96,5928
18/03/2024;96,2267
15/03/2024;96,182
14/03/2024;96,389
13/03/2024;97,6446
12/03/2024;97,6503
11/03/2024;98,1814
08/03/2024;98,1716
07/03/2024;98,1781
06/03/2024;98,6204
05/03/2024;97,3445
04/03/2024;96,572
01/03/2024;96,8877
29/02/2024;96,3308
28/02/2024;95,7625
27/02/2024;95,6043
26/02/2024;95,4518
23/02/2024;96,4347
22/02/2024;95,6684
21/02/2024;95,2889
20/02/2024;95,5395
19/02/2024;95,947
16/02/2024;96,08
15/02/2024;96,2197
14/02/2024;96,2187
13/02/2024;95,3545
12/02/2024;96,9132
09/02/2024;96,689
08/02/2024;96,9538
07/02/2024;98,3912
06/02/2024;99,153
05/02/2024;97,7061
02/02/2024;98,9783
01/02/2024;100,3492
31/01/2024;100,6334
30/01/2024;99,9314
29/01/2024;99,5542
26/01/2024;98,6263
25/01/2024;98,5889
24/01/2024;98,1229
23/01/2024;98,5377
22/01/2024;98,9368
19/01/2024;98,7876
18/01/2024;97,5206
17/01/2024;98,5706
16/01/2024;99,7351
15/01/2024;100,7971
12/01/2024;101,5828
11/01/2024;100,8005
10/01/2024;100,2028
09/01/2024;99,6785
08/01/2024;99,5373
05/01/2024;99,2396
04/01/2024;99,6035
03/01/2024;101,0624
02/01/2024;101,1615
01/01/2024;102,3932
29/12/2023;102,3934
28/12/2023;102,3306
27/12/2023;103,1418
26/12/2023;101,7537
22/12/2023;101,5652
21/12/2023;101,2124
20/12/2023;102,5576
19/12/2023;101,9235
18/12/2023;102,1147
15/12/2023;102,9228
14/12/2023;102,8187
13/12/2023;100,5618
12/12/2023;98,7112
11/12/2023;98,4135
08/12/2023;98,5867
07/12/2023;99,226
06/12/2023;100,1373
05/12/2023;99,183
04/12/2023;97,4991
01/12/2023;98,1087
30/11/2023;96,668
29/11/2023;96,7631
28/11/2023;95,8983
27/11/2023;95,4319
24/11/2023;93,707
23/11/2023;94,2334
22/11/2023;94,4938
21/11/2023;94,3363
20/11/2023;94,6811
17/11/2023;93,5164
16/11/2023;93,453
15/11/2023;91,9628
14/11/2023;92,7203
13/11/2023;90,6465
10/11/2023;90,3784
09/11/2023;90,1637
08/11/2023;91,8076
07/11/2023;90,9361
06/11/2023;89,8028
03/11/2023;90,3999
02/11/2023;89,5676
01/11/2023;87,8975
31/10/2023;86,0322
30/10/2023;86,254
27/10/2023;86,7877
26/10/2023;87,151
25/10/2023;85,2194
24/10/2023;87,8663
23/10/2023;86,805
20/10/2023;85,9567
19/10/2023;85,2861
18/10/2023;86,6935
17/10/2023;88,0437
16/10/2023;89,4281
13/10/2023;90,384
12/10/2023;89,5639
11/10/2023;91,1789
10/10/2023;90,0002
09/10/2023;88,8349
06/10/2023;87,6377
05/10/2023;89,0197
04/10/2023;89,1195
03/10/2023;88,6211
02/10/2023;89,7733
29/09/2023;91,355
28/09/2023;91,3171
27/09/2023;91,7831
26/09/2023;92,065
25/09/2023;92,9829
22/09/2023;94,2594
21/09/2023;93,1087
20/09/2023;94,8222
19/09/2023;94,4097
18/09/2023;94,7795
15/09/2023;94,3583
14/09/2023;95,218
13/09/2023;95,2395
12/09/2023;94,7983
11/09/2023;94,7426
08/09/2023;95,1524
07/09/2023;95,1895
06/09/2023;94,4051
05/09/2023;94,9499
01/09/2023;95,9489
31/08/2023;97,309
30/08/2023;96,6192
29/08/2023;96,7597
28/08/2023;95,9771
25/08/2023;95,2815
24/08/2023;95,3289
23/08/2023;95,6744
22/08/2023;93,9521
21/08/2023;93,1654
18/08/2023;94,5617
17/08/2023;94,3312
16/08/2023;94,7873
15/08/2023;
14/08/2023;95,3261
11/08/2023;95,9839
10/08/2023;96,278
09/08/2023;97,4033
08/08/2023;96,8579
07/08/2023;96,0443
04/08/2023;96,6056
03/08/2023;95,2821
02/08/2023;96,6944
01/08/2023;98,7142
31/07/2023;99,4918
28/07/2023;99,5556
27/07/2023;99,1988
26/07/2023;100,5569
25/07/2023;99,9593
24/07/2023;100,0918
21/07/2023;100,1709
20/07/2023;100,6035
19/07/2023;101,4348
18/07/2023;100,6323
17/07/2023;100,3712
14/07/2023;100,1853
13/07/2023;100,9042
12/07/2023;99,2627
11/07/2023;98,2579
10/07/2023;97,9165
07/07/2023;97,8149
06/07/2023;
05/07/2023;99,3966
04/07/2023;100,8635
03/07/2023;100,8263
30/06/2023;100,5364
29/06/2023;99,3718
28/06/2023;100,7464
27/06/2023;100,1543
26/06/2023;100,5512
23/06/2023;100,9357
22/06/2023;100,1296
21/06/2023;101,6659
20/06/2023;101,8071
19/06/2023;99,614
16/06/2023;100,4867
15/06/2023;101,4639
14/06/2023;100,2599
13/06/2023;99,0258
12/06/2023;99,6362
09/06/2023;99,4622
08/06/2023;99,8585
07/06/2023;99,2841
06/06/2023;100,4575
05/06/2023;99,9262
02/06/2023;99,8165
01/06/2023;100,4093
31/05/2023;100,2448
30/05/2023;98,9555
29/05/2023;98,6998
26/05/2023;98,2252
25/05/2023;98,0097
24/05/2023;98,3148
23/05/2023;98,7976
22/05/2023;98,6188
19/05/2023;98,3066
18/05/2023;99,0223
17/05/2023;99,7332
16/05/2023;99,5803
15/05/2023;99,7174
12/05/2023;101,0738
11/05/2023;102,7041
10/05/2023;101,3877
09/05/2023;100,2145
08/05/2023;100,4775
05/05/2023;101,2186
04/05/2023;101,6298
03/05/2023;102,4913
02/05/2023;102,2915
01/05/2023;100,8005
28/04/2023;102,9943
27/04/2023;101,3515
26/04/2023;102,0522
25/04/2023;103,0089
24/04/2023;103,0837
21/04/2023;101,1705
20/04/2023;101,6029
19/04/2023;101,0907
18/04/2023;101,2297
17/04/2023;101,3039
14/04/2023;101,8261
13/04/2023;102,5214
12/04/2023;103,2096
11/04/2023;103,4669
10/04/2023;102,7611
07/04/2023;103,1232
06/04/2023;104,2786
05/04/2023;104,445
04/04/2023;103,5864
03/04/2023;103,4267
31/03/2023;102,9895
30/03/2023;102,972
29/03/2023;101,8514
28/03/2023;101,3563
27/03/2023;101,0217
24/03/2023;102,9418
23/03/2023;102,0804
22/03/2023;101,7818
21/03/2023;100,6923
20/03/2023;101,2904
17/03/2023;102,2606
16/03/2023;101,1187
15/03/2023;101,1969
14/03/2023;99,9876
13/03/2023;100,4017
10/03/2023;99,8485
09/03/2023;99,1573
08/03/2023;97,9861
07/03/2023;97,9691
06/03/2023;98,73
03/03/2023;98,4683
02/03/2023;96,4521
01/03/2023;96,6783
28/02/2023;98,291
27/02/2023;98,1546
24/02/2023;97,9784
23/02/2023;99,1631
22/02/2023;98,7417
21/02/2023;97,7207
20/02/2023;99,4201
17/02/2023;99,5478
16/02/2023;99,3688
15/02/2023;100,3487
14/02/2023;101,2753
13/02/2023;101,6244
10/02/2023;101,7416
09/02/2023;102,952
08/02/2023;103,4968
07/02/2023;103,3157
06/02/2023;104,5144
03/02/2023;105,5271
02/02/2023;106,5123
01/02/2023;105,9136
31/01/2023;104,2516
30/01/2023;103,5536
27/01/2023;104,1365
26/01/2023;103,7254
25/01/2023;104,5042
24/01/2023;104,279
23/01/2023;103,9392
20/01/2023;104,1024
19/01/2023;105,3111
18/01/2023;106,9123
17/01/2023;104,3577
16/01/2023;103,1533
13/01/2023;103,9413
12/01/2023;104,197
11/01/2023;102,8531
10/01/2023;101,1342
09/01/2023;102,3175
06/01/2023;101,1118
05/01/2023;99,8799
04/01/2023;99,5185
03/01/2023;98,8219
02/01/2023;98,7889
30/12/2022;98,2243
29/12/2022;98,9551
28/12/2022;97,7307
27/12/2022;98,2074
23/12/2022;99,8371
22/12/2022;100,6079
21/12/2022;100,7804
20/12/2022;100,5406
19/12/2022;104,0194
16/12/2022;105,3451
15/12/2022;106,0604
14/12/2022;105,4675
13/12/2022;105,348
12/12/2022;103,7472
09/12/2022;103,5479
08/12/2022;105,9331
07/12/2022;105,8112
06/12/2022;104,1602
05/12/2022;103,6987
02/12/2022;104,2818
01/12/2022;103,0656
30/11/2022;101,1709
29/11/2022;100,0361
28/11/2022;101,0715
25/11/2022;101,9162
24/11/2022;102,5131
23/11/2022;102,1448
22/11/2022;99,9771
21/11/2022;98,7713
18/11/2022;98,548
17/11/2022;97,79
16/11/2022;98,6015
15/11/2022;97,6129
14/11/2022;96,3926
11/11/2022;95,1897
10/11/2022;95,5104
09/11/2022;92,1357
08/11/2022;92,4529
07/11/2022;91,6754
04/11/2022;92,0596
03/11/2022;93,4328
02/11/2022;93,8892
01/11/2022;93,7766
31/10/2022;93,0409
28/10/2022;93,5614
27/10/2022;93,0746
26/10/2022;92,9058
25/10/2022;91,6836
24/10/2022;89,8367
21/10/2022;89,9501
20/10/2022;92,4779
19/10/2022;92,3631
18/10/2022;94,1324
17/10/2022;93,0847
14/10/2022;93,9529
13/10/2022;94,3695
12/10/2022;94,4855
11/10/2022;94,187
10/10/2022;95,2079
07/10/2022;96,3514
06/10/2022;97,121
05/10/2022;97,0135
04/10/2022;98,0088
03/10/2022;98,0458
30/09/2022;95,8815
29/09/2022;95,788
28/09/2022;96,6085
27/09/2022;94,6046
26/09/2022;97,6664
23/09/2022;99,004
22/09/2022;98,7247
21/09/2022;101,7866
20/09/2022;100,3594
19/09/2022;101,1893
16/09/2022;100,8322
15/09/2022;102,5477
14/09/2022;102,2529
13/09/2022;102,0705
12/09/2022;103,2184
09/09/2022;102,6237
08/09/2022;101,9489
07/09/2022;102,4472
06/09/2022;101,4546
05/09/2022;103,7062
02/09/2022;104,1368
01/09/2022;104,0039
31/08/2022;104,9264
30/08/2022;106,2822
29/08/2022;105,9398
26/08/2022;107,5638
25/08/2022;107,0424
24/08/2022;104,9392
23/08/2022;105,6849
22/08/2022;106,291
19/08/2022;107,0828
18/08/2022;109,4667
17/08/2022;108,0196
16/08/2022;109,653
15/08/2022;109,6571
12/08/2022;109,2685
11/08/2022;108,8519
10/08/2022;109,733
09/08/2022;110,6168
08/08/2022;111,1771
05/08/2022;109,4426
04/08/2022;110,872
03/08/2022;111,7223
02/08/2022;110,8144
01/08/2022;112,5178
29/07/2022;111,3399
28/07/2022;110,6524
27/07/2022;110,4804
26/07/2022;108,6654
25/07/2022;109,1576
22/07/2022;110,2545
21/07/2022;109,8538
20/07/2022;107,5871
19/07/2022;107,4244
18/07/2022;107,2109
15/07/2022;107,525
14/07/2022;106,695
13/07/2022;106,8365
12/07/2022;106,5547
11/07/2022;106,7521
08/07/2022;105,6846
07/07/2022;105,3187
06/07/2022;106,378
05/07/2022;106,1994
04/07/2022;105,2784
01/07/2022;105,821
30/06/2022;104,7436
29/06/2022;104,802
28/06/2022;104,2347
27/06/2022;103,8219
24/06/2022;105,0425
23/06/2022;105,1607
22/06/2022;103,6667
21/06/2022;104,2022
20/06/2022;103,8477
17/06/2022;104,6481
16/06/2022;105,8195
15/06/2022;104,2317
14/06/2022;101,398
13/06/2022;104,2284
10/06/2022;106,0468
09/06/2022;108,2716
08/06/2022;108,3995
07/06/2022;108,9276
06/06/2022;107,577
03/06/2022;109,3272
02/06/2022;109,8554
01/06/2022;110,3202
31/05/2022;110,3182
30/05/2022;110,5567
27/05/2022;111,3125
26/05/2022;111,5161
25/05/2022;110,5433
24/05/2022;108,7337
23/05/2022;106,0275
20/05/2022;107,0344
19/05/2022;106,5149
18/05/2022;107,0293
17/05/2022;104,883
16/05/2022;107,0144
13/05/2022;106,943
12/05/2022;108,461
11/05/2022;107,4448
10/05/2022;107,226
09/05/2022;106,6009
06/05/2022;106,3004
05/05/2022;107,3864
04/05/2022;109,5011
03/05/2022;108,8978
02/05/2022;108,4045
29/04/2022;108,955
28/04/2022;110,2482
27/04/2022;111,2422
26/04/2022;112,5408
25/04/2022;110,8986
22/04/2022;110,8736
21/04/2022;110,9678
20/04/2022;112,1594
19/04/2022;109,7706
18/04/2022;111,3584
15/04/2022;112,253
14/04/2022;112,1732
13/04/2022;112,2729
12/04/2022;114,4464
11/04/2022;114,75
08/04/2022;116,1915
07/04/2022;119,1818
06/04/2022;118,6925
05/04/2022;121,3822
04/04/2022;122,0026
01/04/2022;121,4755
31/03/2022;121,7179
30/03/2022;122,4833
29/03/2022;121,7984
28/03/2022;120,4631
25/03/2022;118,3461
24/03/2022;120,5799
23/03/2022;122,2751
22/03/2022;119,5761
21/03/2022;120,5523
18/03/2022;122,3883
17/03/2022;122,1173
16/03/2022;119,8155
15/03/2022;118,0474
14/03/2022;118,4141
11/03/2022;120,3681
10/03/2022;120,4638
09/03/2022;121,7004
08/03/2022;120,7744
07/03/2022;121,8891
04/03/2022;122,9645
03/03/2022;122,8691
02/03/2022;122,0725
01/03/2022;124,3219
28/02/2022;122,8592
25/02/2022;121,0642
24/02/2022;120,1729
23/02/2022;119,9083
22/02/2022;121,5099
21/02/2022;121,2224
18/02/2022;121,1051
17/02/2022;121,846
16/02/2022;120,5339
15/02/2022;120,8692
14/02/2022;123,0885
11/02/2022;123,7572
10/02/2022;122,0787
09/02/2022;124,4295
08/02/2022;124,3069
07/02/2022;124,6364
04/02/2022;
03/02/2022;126,3514
02/02/2022;127,3254
01/02/2022;127,7462
31/01/2022;127,2513
28/01/2022;128,0202
27/01/2022;127,6129
26/01/2022;128,2262
25/01/2022;129,8957
24/01/2022;130,6661
21/01/2022;130,2892
20/01/2022;130,3316
19/01/2022;129,5737
18/01/2022;129,8408
17/01/2022;129,9908
14/01/2022;130,5488
13/01/2022;132,4163
12/01/2022;132,0819
11/01/2022;132,7859
10/01/2022;132,5043
07/01/2022;133,401
06/01/2022;133,7522
05/01/2022;133,8342
04/01/2022;134,5727
03/01/2022;133,5532
31/12/2021;137,4107
30/12/2021;136,8406
29/12/2021;135,7002
28/12/2021;136,5783
27/12/2021;137,0412
24/12/2021;137,1543
23/12/2021;137,1532
22/12/2021;137,1554
21/12/2021;136,9156
20/12/2021;136,3182
17/12/2021;137,8251
16/12/2021;137,6941
15/12/2021;136,7471
14/12/2021;137,2554
13/12/2021;138,6864
10/12/2021;136,9531
09/12/2021;137,3408
08/12/2021;136,8571
07/12/2021;139,8073
06/12/2021;140,7171
03/12/2021;141,142
02/12/2021;138,8399
01/12/2021;140,0074
30/11/2021;138,3061
29/11/2021;138,086
26/11/2021;138,1889
25/11/2021;136,2938
24/11/2021;136,1244
23/11/2021;135,5023
22/11/2021;136,7053
19/11/2021;137,8411
18/11/2021;136,8519
17/11/2021;136,7638
16/11/2021;136,3359
15/11/2021;137,1279
12/11/2021;138,8475
11/11/2021;140,3605
10/11/2021;140,4828
09/11/2021;141,2952
08/11/2021;140,6946
05/11/2021;140,8869
04/11/2021;138,6976
03/11/2021;137,6397
02/11/2021;138,1752
01/11/2021;138,1897
29/10/2021;138,5163
28/10/2021;137,8722
27/10/2021;138,7558
26/10/2021;136,5388
25/10/2021;135,5714
22/10/2021;135,8246
21/10/2021;133,7025
20/10/2021;135,3523
19/10/2021;135,522
18/10/2021;136,9664
15/10/2021;134,8907
14/10/2021;135,5895
13/10/2021;135,2624
12/10/2021;134,1396
11/10/2021;132,6481
08/10/2021;132,8321
07/10/2021;134,2629
06/10/2021;135,4147
05/10/2021;135,1012
04/10/2021;136,6637
01/10/2021;136,5218
30/09/2021;136,0781
29/09/2021;136,0353
28/09/2021;134,9716
27/09/2021;137,1962
24/09/2021;137,625
23/09/2021;138,4673
22/09/2021;141,0333
21/09/2021;139,9631
20/09/2021;139,2555
17/09/2021;139,3368
16/09/2021;139,0887
15/09/2021;139,3755
14/09/2021;139,3161
13/09/2021;139,1069
10/09/2021;138,0197
09/09/2021;138,976
08/09/2021;137,0844
07/09/2021;136,2635
06/09/2021;138,0839
03/09/2021;138,0225
02/09/2021;138,7338
01/09/2021;138,3722
31/08/2021;138,4317
30/08/2021;138,6048
27/08/2021;137,9941
26/08/2021;137,3289
25/08/2021;137,1135
24/08/2021;138,7613
23/08/2021;138,1482
20/08/2021;138,239
19/08/2021;138,1514
18/08/2021;138,8763
17/08/2021;138,347
16/08/2021;137,6047
13/08/2021;137,9864
12/08/2021;136,839
11/08/2021;136,0516
10/08/2021;137,7018
09/08/2021;138,3775
06/08/2021;138,5575
05/08/2021;140,123
04/08/2021;140,1844
03/08/2021;139,9165
02/08/2021;141,2376
30/07/2021;140,1274
29/07/2021;139,0698
28/07/2021;139,798
27/07/2021;139,6319
26/07/2021;138,4606
23/07/2021;139,6631
22/07/2021;138,9024
21/07/2021;139,2016
20/07/2021;139,5624
19/07/2021;140,1977
16/07/2021;139,002
15/07/2021;139,0914
14/07/2021;138,0097
13/07/2021;135,9177
12/07/2021;136,9811
09/07/2021;137,458
08/07/2021;138,331
07/07/2021;139,121
06/07/2021;138,359
05/07/2021;136,649
02/07/2021;137,336
01/07/2021;136,906
30/06/2021;135,965
29/06/2021;135,345
28/06/2021;136,07
25/06/2021;135,883
24/06/2021;136,329
23/06/2021;135,662
22/06/2021;135,296
21/06/2021;135,831
18/06/2021;138,203
17/06/2021;136,443
16/06/2021;134,084
15/06/2021;134,221
14/06/2021;134,168
11/06/2021;134,797
10/06/2021;134,656
09/06/2021;134,184
08/06/2021;132,116
07/06/2021;132,142
04/06/2021;132,532
03/06/2021;131,116
02/06/2021;131,143
01/06/2021;131,722
31/05/2021;131,411
28/05/2021;131,377
27/05/2021;131,622
26/05/2021;131,846
25/05/2021;133,172
24/05/2021;130,987
21/05/2021;130,55
20/05/2021;130,231
19/05/2021;128,952
18/05/2021;129,896
17/05/2021;129,769
14/05/2021;130,504
13/05/2021;128,628
12/05/2021;128,731
11/05/2021;130,082
10/05/2021;130,375
07/05/2021;131,122
06/05/2021;131,914
05/05/2021;131,46
04/05/2021;131,927
03/05/2021;131,713
30/04/2021;130,659
29/04/2021;131,382
28/04/2021;131,674
27/04/2021;132,22
26/04/2021;132,065
23/04/2021;132,694
22/04/2021;132,958
21/04/2021;132,331
20/04/2021;132,191
19/04/2021;132,495
16/04/2021;132,835
15/04/2021;133,187
14/04/2021;131,655
13/04/2021;132,057
12/04/2021;131,387
09/04/2021;131,268
08/04/2021;132,727
07/04/2021;131,3
06/04/2021;132,512
05/04/2021;132,171
02/04/2021;131,101
01/04/2021;131,581
31/03/2021;129,289
30/03/2021;129,099
29/03/2021;126,909
26/03/2021;127,636
25/03/2021;128,237
24/03/2021;129,435
23/03/2021;128,827
22/03/2021;128,04
19/03/2021;127,769
18/03/2021;126,797
17/03/2021;127,804
16/03/2021;128,023
15/03/2021;128,27
12/03/2021;128,08
11/03/2021;129,91
10/03/2021;129,322
09/03/2021;128,398
08/03/2021;126,373
05/03/2021;130,215
04/03/2021;132,435
03/03/2021;131,925
02/03/2021;133,611
01/03/2021;134,09
26/02/2021;134,442
25/02/2021;130,399
24/02/2021;132,842
23/02/2021;134,028
22/02/2021;136,2
19/02/2021;135,971
18/02/2021;138,142
17/02/2021;138,897
16/02/2021;136,28
15/02/2021;137,693
12/02/2021;138,165
11/02/2021;139,857
10/02/2021;140,86
09/02/2021;139,378
08/02/2021;140,153
05/02/2021;138,848
04/02/2021;139,884
03/02/2021;140,015
02/02/2021;139,631
01/02/2021;141,026
29/01/2021;142,294
28/01/2021;142,984
27/01/2021;142,942
26/01/2021;143,012
25/01/2021;142,23
22/01/2021;141,947
21/01/2021;140,645
20/01/2021;142,623
19/01/2021;142,273
18/01/2021;141,781
15/01/2021;141,852
14/01/2021;141,078
13/01/2021;142,433
12/01/2021;140,601
11/01/2021;140,595
08/01/2021;141,788
07/01/2021;141,835
06/01/2021;141,95
05/01/2021;145,117
04/01/2021;146,524
31/12/2020;147,38
30/12/2020;146,722
29/12/2020;146,291
28/12/2020;146,758
24/12/2020;146,639
23/12/2020;146,51
22/12/2020;146,682
21/12/2020;146,068
18/12/2020;147,004
17/12/2020;147,243
16/12/2020;147,905
15/12/2020;145,787
14/12/2020;147,327
11/12/2020;147,02
10/12/2020;147,685
09/12/2020;145,19
08/12/2020;146,728
07/12/2020;148,617
04/12/2020;146,893
03/12/2020;148,708
02/12/2020;148,431
01/12/2020;148,295
30/11/2020;149,377
27/11/2020;148,297
26/11/2020;147,788
25/11/2020;147,239
24/11/2020;148,531
23/11/2020;148,898
20/11/2020;149,198
19/11/2020;148,185
18/11/2020;145,785
17/11/2020;145,094
16/11/2020;144,057
13/11/2020;143,543
12/11/2020;143,439
10/11/2020;142,117
09/11/2020;147,532
06/11/2020;144,618
05/11/2020;145,731
04/11/2020;142,68
03/11/2020;140,755
02/11/2020;141,062
30/10/2020;140,611
29/10/2020;141,231
28/10/2020;142,836
27/10/2020;142,887
26/10/2020;141,329
23/10/2020;140,688
22/10/2020;140,609
21/10/2020;141,924
20/10/2020;141,009
19/10/2020;142,454
16/10/2020;142,161
15/10/2020;141,975
14/10/2020;143,033
13/10/2020;143,176
12/10/2020;142,28
09/10/2020;141,721
08/10/2020;140,865
07/10/2020;140,245
06/10/2020;141,436
05/10/2020;140,916
02/10/2020;141,271
01/10/2020;141,681
30/09/2020;141,805
29/09/2020;141,758
28/09/2020;142,504
25/09/2020;143,731
24/09/2020;142,925
23/09/2020;142,518
22/09/2020;144,596
21/09/2020;145,619
18/09/2020;144,903
17/09/2020;145,256
16/09/2020;144,782
15/09/2020;143,959
14/09/2020;144,341
11/09/2020;144,808
10/09/2020;143,594
09/09/2020;143,552
08/09/2020;145,144
07/09/2020;143,843
04/09/2020;144,028
03/09/2020;145,785
02/09/2020;146,56
01/09/2020;145,426
31/08/2020;143,479
28/08/2020;144,503
27/08/2020;141,741
26/08/2020;144,593
25/08/2020;144,848
24/08/2020;145,896
21/08/2020;145,626
20/08/2020;144,754
19/08/2020;143,528
18/08/2020;144,558
17/08/2020;144,411
14/08/2020;145,891
13/08/2020;145,759
12/08/2020;148,762
11/08/2020;147,952
10/08/2020;149,825
07/08/2020;151,739
06/08/2020;151,928
05/08/2020;151,325
04/08/2020;151,595
03/08/2020;151,615
31/07/2020;151,722
30/07/2020;151,738
29/07/2020;149,979
28/07/2020;150,841
27/07/2020;150,152
24/07/2020;151,338
23/07/2020;153,337
22/07/2020;149,895
21/07/2020;150,078
20/07/2020;151,083
17/07/2020;149,991
16/07/2020;149,198
15/07/2020;147,353
14/07/2020;147,798
13/07/2020;147,585
10/07/2020;146,063
09/07/2020;145,627
08/07/2020;145,073
07/07/2020;145,919
06/07/2020;145,539
03/07/2020;143,561
02/07/2020;143,488
01/07/2020;144,174
30/06/2020;142,543
29/06/2020;142,665
26/06/2020;142,651
25/06/2020;141,625
24/06/2020;141,151
23/06/2020;140,317
22/06/2020;140,661
19/06/2020;140,446
18/06/2020;140,859
17/06/2020;139,655
16/06/2020;140,224
15/06/2020;140,488
12/06/2020;140,165
11/06/2020;141,212
10/06/2020;141,371
09/06/2020;140,492
08/06/2020;139,566
05/06/2020;140,176
04/06/2020;139,899
03/06/2020;140,647
02/06/2020;139,606
01/06/2020;139,818
29/05/2020;140,506
28/05/2020;140,093
27/05/2020;141,598
26/05/2020;140,302
25/05/2020;141,862
22/05/2020;141,753
21/05/2020;142,081
20/05/2020;141,843
19/05/2020;139,427
18/05/2020;139,739
15/05/2020;139,504
14/05/2020;137,837
13/05/2020;135,005
12/05/2020;133,34
11/05/2020;132,026
08/05/2020;134,046
07/05/2020;134,869
06/05/2020;133,975
05/05/2020;137,409
04/05/2020;138,172
01/05/2020;138,893
30/04/2020;139,316
29/04/2020;141,541
28/04/2020;142,612
27/04/2020;142,655
24/04/2020;142,454
23/04/2020;143,908
22/04/2020;141,962
21/04/2020;141,663
20/04/2020;145,098
17/04/2020;144,706
16/04/2020;145,991
15/04/2020;146,227
14/04/2020;143,985
13/04/2020;144,267
10/04/2020;141,879
09/04/2020;141,682
08/04/2020;138,297
07/04/2020;138,609
06/04/2020;137,644
03/04/2020;136,33
02/04/2020;136,953
01/04/2020;138,27
31/03/2020;137,367
30/03/2020;138,739
27/03/2020;136,896
26/03/2020;129,826
25/03/2020;130,601
24/03/2020;122,685
23/03/2020;113,306
20/03/2020;106,406
19/03/2020;107,499
18/03/2020;114,341
17/03/2020;122,635
16/03/2020;133,541
13/03/2020;132,976
12/03/2020;138,386
11/03/2020;138,46
10/03/2020;142,559
09/03/2020;144,29
06/03/2020;145,335
05/03/2020;141,817
04/03/2020;139,448
03/03/2020;141,548
02/03/2020;139,596
28/02/2020;138,867
27/02/2020;137,508
26/02/2020;136,949
25/02/2020;137,164
24/02/2020;138,737
21/02/2020;136,007
20/02/2020;136,405
19/02/2020;134,987
18/02/2020;136,583
17/02/2020;135,948
14/02/2020;135,93
13/02/2020;135,036
12/02/2020;135,157
11/02/2020;135,431
10/02/2020;136,457
07/02/2020;136,436
06/02/2020;134,285
05/02/2020;133,435
04/02/2020;133,654
03/02/2020;135,117
31/01/2020;134,264
30/01/2020;132,972
29/01/2020;133,71
28/01/2020;132,96
27/01/2020;133,122
24/01/2020;133,036
23/01/2020;132,864
22/01/2020;131,763
21/01/2020;132,231
20/01/2020;131,372
17/01/2020;131,424
16/01/2020;131,395
15/01/2020;131,378
14/01/2020;131,189
13/01/2020;130,821
10/01/2020;131,742
09/01/2020;130,24
08/01/2020;129,049
07/01/2020;130,67
06/01/2020;131,527
03/01/2020;132,911
02/01/2020;131,519
01/01/2020;130,812
31/12/2019;130,567
30/12/2019;132,568
27/12/2019;132,419
26/12/2019;132,262
25/12/2019;131,908
24/12/2019;132,013
23/12/2019;131,546
20/12/2019;131,77
19/12/2019;132,071
18/12/2019;131,192
17/12/2019;131,84
16/12/2019;131,543
13/12/2019;133,2
12/12/2019;131,229
11/12/2019;131,919
10/12/2019;131,565
09/12/2019;132,359
06/12/2019;131,565
05/12/2019;131,892
04/12/2019;131,824
03/12/2019;133,088
02/12/2019;130,53
29/11/2019;131,981
28/11/2019;131,83
27/11/2019;132,104
26/11/2019;132,588
25/11/2019;132,214
22/11/2019;131,006
21/11/2019;130,094
20/11/2019;130,156
19/11/2019;129,613
18/11/2019;129,091
15/11/2019;129,198
14/11/2019;129,304
13/11/2019;128,535
12/11/2019;128,463
11/11/2019;127,594
08/11/2019;127,411
07/11/2019;127,955
06/11/2019;128,906
05/11/2019;128,467
04/11/2019;128,621
01/11/2019;129,17
31/10/2019;129,942
30/10/2019;127,77
29/10/2019;127,262
28/10/2019;126,958
25/10/2019;127,9
24/10/2019;127,84
23/10/2019;127,542
22/10/2019;128,016
21/10/2019;127,079
18/10/2019;128,178
17/10/2019;128,764
16/10/2019;127,649
15/10/2019;127,969
14/10/2019;129,193
11/10/2019;128,691
10/10/2019;127,915
09/10/2019;129,144
08/10/2019;130,465
07/10/2019;130,17
04/10/2019;130,136
03/10/2019;129,725
02/10/2019;128,596
01/10/2019;129,204
30/09/2019;128,561
27/09/2019;127,963
26/09/2019;128,165
25/09/2019;127,309
24/09/2019;129,88
23/09/2019;128,77
20/09/2019;129,296
19/09/2019;127,206
18/09/2019;127,249
17/09/2019;126,657
16/09/2019;126,21
13/09/2019;123,686
12/09/2019;126,073
11/09/2019;126,824
10/09/2019;126,811
09/09/2019;128,947
06/09/2019;131,192
05/09/2019;130,637
04/09/2019;132,063
03/09/2019;132,203
02/09/2019;133,011
30/08/2019;132,806
29/08/2019;132,84
28/08/2019;133,837
27/08/2019;133,505
26/08/2019;132,296
23/08/2019;132,979
22/08/2019;131,717
21/08/2019;132,417
20/08/2019;131,526
19/08/2019;131,554
16/08/2019;131,292
15/08/2019;133,831
14/08/2019;132,856
13/08/2019;129,799
12/08/2019;130,354
09/08/2019;128,098
08/08/2019;128,608
07/08/2019;128,12
06/08/2019;128,577
05/08/2019;130,091
02/08/2019;127,653
01/08/2019;126,188
31/07/2019;124,221
30/07/2019;123,429
29/07/2019;123,252
26/07/2019;123,982
25/07/2019;122,967
24/07/2019;123,639
23/07/2019;123,69
22/07/2019;123,265
19/07/2019;123,226
18/07/2019;123,21
17/07/2019;123,587
16/07/2019;122,26
15/07/2019;121,914
12/07/2019;121,427
11/07/2019;121,166
10/07/2019;122,844
09/07/2019;123,484
08/07/2019;123,954
05/07/2019;123,566
04/07/2019;125,088
03/07/2019;124,9
02/07/2019;124,87
01/07/2019;123,433
28/06/2019;122,745
27/06/2019;123,168
26/06/2019;121,51
25/06/2019;122,298
24/06/2019;122,339
21/06/2019;120,351
20/06/2019;121,029
19/06/2019;119,738
18/06/2019;119,651
17/06/2019;118,214
14/06/2019;117,812
13/06/2019;118,639
12/06/2019;117,38
11/06/2019;117,688
10/06/2019;118,267
07/06/2019;118,95
06/06/2019;117,989
05/06/2019;116,923
04/06/2019;117,623
03/06/2019;118,989
31/05/2019;117,541
30/05/2019;116,191
29/05/2019;114,693
28/05/2019;114,797
27/05/2019;114,595
24/05/2019;114,315
23/05/2019;114,927
22/05/2019;114,305
21/05/2019;114,381
20/05/2019;113,57
17/05/2019;114,883
16/05/2019;114,266
15/05/2019;114,2
14/05/2019;113,918
13/05/2019;113,265
10/05/2019;113,837
09/05/2019;113,163
08/05/2019;113,085
07/05/2019;115,154
06/05/2019;114,238
03/05/2019;114,206
02/05/2019;113,986
01/05/2019;114,784
30/04/2019;114,478
29/04/2019;113,524
26/04/2019;114,27
25/04/2019;113,707
24/04/2019;114,649
23/04/2019;113,466
22/04/2019;113,299
19/04/2019;114,567
18/04/2019;114,558
17/04/2019;112,689
16/04/2019;113,68
15/04/2019;113,846
12/04/2019;114,498
11/04/2019;113,556
10/04/2019;114,203
09/04/2019;113,415
08/04/2019;112,665
05/04/2019;113,801
04/04/2019;112,613
03/04/2019;112,585
02/04/2019;113,534
01/04/2019;113,468
29/03/2019;115,012
28/03/2019;115,72
27/03/2019;115,856
26/03/2019;114,498
25/03/2019;114,685
22/03/2019;114,252
21/03/2019;112,614
20/03/2019;112,28
19/03/2019;110,944
18/03/2019;111,373
15/03/2019;111,475
14/03/2019;109,93
13/03/2019;111,122
12/03/2019;111,431
11/03/2019;109,76
08/03/2019;111,388
07/03/2019;111,162
06/03/2019;110,421
05/03/2019;110,198
04/03/2019;110,045
01/03/2019;109,431
28/02/2019;109,059
27/02/2019;109,648
26/02/2019;110,242
25/02/2019;109,819
22/02/2019;110,061
21/02/2019;110,182
20/02/2019;110,583
19/02/2019;111,424
18/02/2019;111,14
15/02/2019;111,112
14/02/2019;110,707
13/02/2019;111,262
12/02/2019;111,288
11/02/2019;111,875
08/02/2019;111,423
07/02/2019;111,293
06/02/2019;111,163
05/02/2019;111,845
04/02/2019;110,742
01/02/2019;111,477
31/01/2019;111,305
30/01/2019;110,005
29/01/2019;109,327
28/01/2019;109,033
25/01/2019;108,748
24/01/2019;109,14
23/01/2019;107,637
22/01/2019;107,221
21/01/2019;106,849
18/01/2019;106,74
17/01/2019;106,011
16/01/2019;106,349
15/01/2019;105,686
14/01/2019;106,184
11/01/2019;107,071
10/01/2019;106,521
09/01/2019;108,218
08/01/2019;107,063
07/01/2019;106,252
04/01/2019;105,311
03/01/2019;106,219
02/01/2019;106,618
31/12/2018;105,106
28/12/2018;104,899
27/12/2018;104,654
26/12/2018;106,13
24/12/2018;107,516
21/12/2018;107,019
20/12/2018;105,987
19/12/2018;108,41
18/12/2018;107,094
17/12/2018;107,276
14/12/2018;106,359
13/12/2018;106,279
12/12/2018;106,713
11/12/2018;106,191
10/12/2018;105,288
07/12/2018;104,963
06/12/2018;104,76
05/12/2018;104,451
04/12/2018;104,641
03/12/2018;104,839
30/11/2018;103,732
29/11/2018;103,656
28/11/2018;103,957
27/11/2018;103,943
26/11/2018;104,165
23/11/2018;103,839
22/11/2018;103,612
21/11/2018;103,656
20/11/2018;102,911
19/11/2018;103,597
16/11/2018;103,534
15/11/2018;102,41
14/11/2018;103,856
13/11/2018;103,943
12/11/2018;104,394
09/11/2018;103,825
08/11/2018;103,589
07/11/2018;103,764
06/11/2018;103,362
05/11/2018;102,839
02/11/2018;102,518
01/11/2018;103,065
31/10/2018;102,926
30/10/2018;103,159
29/10/2018;103,443
26/10/2018;103,83
25/10/2018;103,754
24/10/2018;104,456
23/10/2018;104,322
22/10/2018;103,996
19/10/2018;104,497
18/10/2018;104,405
17/10/2018;105,058
16/10/2018;105,535
15/10/2018;105,531
12/10/2018;105,155
11/10/2018;106,331
10/10/2018;106,263
09/10/2018;105,831
08/10/2018;104,595
05/10/2018;104,902
04/10/2018;105,652
03/10/2018;106,56
02/10/2018;108,09
01/10/2018;107,868
28/09/2018;108,354
27/09/2018;108,226
26/09/2018;109,18
25/09/2018;108,391
24/09/2018;107,753
21/09/2018;107,934
20/09/2018;109,024
19/09/2018;108,123
18/09/2018;108,094
17/09/2018;108,785
14/09/2018;109,119
13/09/2018;108,296
12/09/2018;108,044
11/09/2018;107,598
10/09/2018;107,569
07/09/2018;107,802
06/09/2018;108,767
05/09/2018;107,889
04/09/2018;108,248
03/09/2018;107,957
31/08/2018;108,176
30/08/2018;109,414
29/08/2018;109,447
28/08/2018;107,93
27/08/2018;108,944
24/08/2018;109,324
23/08/2018;108,814
22/08/2018;108,799
21/08/2018;109,016
20/08/2018;109,485
17/08/2018;108,858
16/08/2018;108,372
15/08/2018;108,485
14/08/2018;108,199
13/08/2018;107,733
10/08/2018;108,691
09/08/2018;109,071
08/08/2018;109,111
07/08/2018;108,982
06/08/2018;109,646
03/08/2018;109,49
02/08/2018;108,879
01/08/2018;108,833
31/07/2018;109,884
30/07/2018;109,415
27/07/2018;109,986
26/07/2018;109,454
25/07/2018;108,872
24/07/2018;109,265
23/07/2018;108,937
20/07/2018;109,196
19/07/2018;110,119
18/07/2018;109,073
17/07/2018;109,894
16/07/2018;110,408
13/07/2018;110,725
12/07/2018;110,841
11/07/2018;110,406
10/07/2018;110,183
09/07/2018;109,658
06/07/2018;109,186
05/07/2018;108,762
04/07/2018;108,003
03/07/2018;108,196
02/07/2018;107,475
29/06/2018;107,517
28/06/2018;106,855
27/06/2018;107,159
26/06/2018;106,244
25/06/2018;106,211
22/06/2018;106,193
21/06/2018;106,117
20/06/2018;106,441
19/06/2018;107,319
18/06/2018;106,94
15/06/2018;107,728
14/06/2018;107,914
13/06/2018;107,253
12/06/2018;106,916
11/06/2018;106,919
08/06/2018;107,191
07/06/2018;107,676
06/06/2018;106,801
05/06/2018;107,471
04/06/2018;107,104
01/06/2018;107,971
31/05/2018;107,613
30/05/2018;107,123
29/05/2018;107,971
28/05/2018;107,621
25/05/2018;107,066
24/05/2018;106,734
23/05/2018;106,294
22/05/2018;104,919
21/05/2018;105,166
18/05/2018;104,694
17/05/2018;104,376
16/05/2018;105,128
15/05/2018;105,852
14/05/2018;107,483
11/05/2018;108,711
10/05/2018;106,718
09/05/2018;105,621
08/05/2018;105,732
07/05/2018;105,075
04/05/2018;105,009
03/05/2018;105,799
02/05/2018;106,225
01/05/2018;106,896
30/04/2018;107,794
27/04/2018;108,269
26/04/2018;107,811
25/04/2018;106,642
24/04/2018;107,817
23/04/2018;108,305
20/04/2018;108,582
19/04/2018;109,241
18/04/2018;109,381
17/04/2018;110,687
16/04/2018;110,362
13/04/2018;109,835
12/04/2018;110,22
11/04/2018;110,912
10/04/2018;110,602
09/04/2018;111,108
06/04/2018;110,702
05/04/2018;109,702
04/04/2018;110,124
03/04/2018;109,521
02/04/2018;110,511
29/03/2018;109,355
28/03/2018;108,536
27/03/2018;108,788
26/03/2018;107,092
23/03/2018;107,856
22/03/2018;108,251
21/03/2018;108,335
20/03/2018;107,65
19/03/2018;108,803
16/03/2018;108,093
15/03/2018;107,72
14/03/2018;108,202
13/03/2018;107,347
12/03/2018;107,333
09/03/2018;106,976
08/03/2018;107,435
07/03/2018;107,519
06/03/2018;108,136
05/03/2018;107,793
02/03/2018;106,979
01/03/2018;107,661
28/02/2018;107,4
27/02/2018;107,62
26/02/2018;108,317
23/02/2018;108,792
22/02/2018;108,296
21/02/2018;108,077
20/02/2018;109,515
16/02/2018;109,668
15/02/2018;109,725
14/02/2018;109,233
13/02/2018;108,8
12/02/2018;109,914
09/02/2018;108,682
08/02/2018;110,733
07/02/2018;110,752
06/02/2018;111,682
05/02/2018;112,824
02/02/2018;111,325
01/02/2018;112,953
31/01/2018;114,171
30/01/2018;113,158
29/01/2018;113,839
26/01/2018;113,25
25/01/2018;114,546
24/01/2018;113,271
23/01/2018;111,691
22/01/2018;110,619
19/01/2018;111,944
18/01/2018;112,525
17/01/2018;113,368
16/01/2018;113,997
12/01/2018;114,35
11/01/2018;113,868
10/01/2018;113,282
09/01/2018;111,772
08/01/2018;113,467
05/01/2018;112,954
04/01/2018;112,826
03/01/2018;113,434
02/01/2018;113,49
29/12/2017;114,143
28/12/2017;115,224
27/12/2017;114,982
26/12/2017;113,624
22/12/2017;113,238
21/12/2017;112,927
20/12/2017;112,401
19/12/2017;112,857
18/12/2017;114,596
15/12/2017;115,235
14/12/2017;114,823
13/12/2017;113,486
12/12/2017;113,211
11/12/2017;112,262
08/12/2017;112,992
07/12/2017;112,773
06/12/2017;112,812
05/12/2017;112,722
04/12/2017;113,089
01/12/2017;112,104
30/11/2017;111,996
29/11/2017;112,143
28/11/2017;112,471
27/11/2017;112,782
24/11/2017;112,911
23/11/2017;112,68
22/11/2017;112,582
21/11/2017;112,402
20/11/2017;111,443
17/11/2017;110,977
16/11/2017;110,199
15/11/2017;111,202
14/11/2017;110,404
13/11/2017;109,169
10/11/2017;108,692
09/11/2017;110,236
08/11/2017;111,361
07/11/2017;111,588
06/11/2017;112,137
03/11/2017;111,176
02/11/2017;112,189
01/11/2017;112,334
31/10/2017;112,188
30/10/2017;112,231
27/10/2017;111,278
26/10/2017;110,094
25/10/2017;111,544
24/10/2017;111,275
23/10/2017;111,266
20/10/2017;110,95
19/10/2017;111,068
18/10/2017;110,842
17/10/2017;111,689
16/10/2017;111,496
13/10/2017;111,462
12/10/2017;111,008
11/10/2017;110,6
10/10/2017;111,548
06/10/2017;111,138
05/10/2017;110,688
04/10/2017;111,82
03/10/2017;111,505
02/10/2017;111,72
29/09/2017;111,482
28/09/2017;111,209
27/09/2017;109,92
26/09/2017;111,133
25/09/2017;111,168
22/09/2017;111,288
21/09/2017;110,729
20/09/2017;110,516
19/09/2017;110,9
18/09/2017;110,47
15/09/2017;111,615
14/09/2017;111,454
13/09/2017;111,045
12/09/2017;110,508
11/09/2017;110,372
08/09/2017;111,062
07/09/2017;112,261
06/09/2017;110,243
05/09/2017;112,298
01/09/2017;110,456
31/08/2017;111,826
30/08/2017;111,577
29/08/2017;111,195
28/08/2017;111,267
25/08/2017;110,496
24/08/2017;110,123
23/08/2017;110,336
22/08/2017;109,241
21/08/2017;109,347
18/08/2017;109,771
17/08/2017;109,878
16/08/2017;110,322
15/08/2017;109,632
14/08/2017;108,332
11/08/2017;108,795
10/08/2017;109,421
09/08/2017;108,597
08/08/2017;109,634
07/08/2017;110,348
04/08/2017;110,17
03/08/2017;110,74
02/08/2017;110,7
01/08/2017;111,245
31/07/2017;110,396
28/07/2017;110,475
27/07/2017;109,927
26/07/2017;110,781
25/07/2017;110,205
24/07/2017;111,821
21/07/2017;111,324
20/07/2017;112,014
19/07/2017;111,539
18/07/2017;111,596
17/07/2017;110,266
14/07/2017;110,268
13/07/2017;109,79
12/07/2017;110,24
11/07/2017;110,416
10/07/2017;110,756
07/07/2017;110,843
06/07/2017;109,933
05/07/2017;109,97
04/07/2017;110,173
03/07/2017;110,224
30/06/2017;109,856
29/06/2017;110,526
28/06/2017;110,689
27/06/2017;110,995
26/06/2017;111,438
23/06/2017;110,908
22/06/2017;110,719
21/06/2017;111,013
20/06/2017;111,197
19/06/2017;110,221
16/06/2017;110,034
15/06/2017;110,156
14/06/2017;109,999
13/06/2017;108,794
12/06/2017;107,672
09/06/2017;108,399
08/06/2017;108,488
07/06/2017;108,834
06/06/2017;108,306
05/06/2017;108,009
02/06/2017;108,712
01/06/2017;106,732
31/05/2017;106,494
30/05/2017;106,445
26/05/2017;105,936
25/05/2017;105,769
24/05/2017;105,511
23/05/2017;105,737
22/05/2017;106,218
19/05/2017;106,321
18/05/2017;106,258
17/05/2017;105,976
16/05/2017;105,554
15/05/2017;104,353
12/05/2017;105,45
11/05/2017;104,851
10/05/2017;104,254
09/05/2017;104,27
08/05/2017;103,305
05/05/2017;104,009
04/05/2017;103,434
03/05/2017;104,198
02/05/2017;104,234
01/05/2017;103,295
28/04/2017;104,092
27/04/2017;104,16
26/04/2017;104,289
25/04/2017;103,549
24/04/2017;103,422
21/04/2017;103,785
20/04/2017;104,096
19/04/2017;104,935
18/04/2017;105,369
17/04/2017;103,909
13/04/2017;104,921
12/04/2017;105,207
11/04/2017;104,357
10/04/2017;103,517
07/04/2017;103,412
06/04/2017;103,745
05/04/2017;103,518
04/04/2017;103,014
03/04/2017;104,439
31/03/2017;103,673
30/03/2017;103,437
29/03/2017;104,574
28/03/2017;102,934
27/03/2017;104,188
24/03/2017;103,425
23/03/2017;103,046
22/03/2017;103,256
21/03/2017;102,366
20/03/2017;102,125
17/03/2017;101,614
16/03/2017;101,026
15/03/2017;101,553
14/03/2017;100,209
13/03/2017;99,826
10/03/2017;100,35
09/03/2017;100,208
08/03/2017;100,645
07/03/2017;102,131
06/03/2017;102,888
03/03/2017;103,308
02/03/2017;103,472
01/03/2017;102,885
28/02/2017;102,778
27/02/2017;103,4722
24/02/2017;103,8663
23/02/2017;103,1691
22/02/2017;102,2085
21/02/2017;101,4564
17/02/2017;102,0285
16/02/2017;101,1733
15/02/2017;100,5384
14/02/2017;101,0143
13/02/2017;100,3197
10/02/2017;100,7238
09/02/2017;100,821
08/02/2017;101,5848
07/02/2017;101,6942
06/02/2017;100,4952
03/02/2017;99,7601
02/02/2017;99,8474
01/02/2017;100,6191
31/01/2017;100,744
30/01/2017;100,8541
27/01/2017;101,2471
26/01/2017;100,8233
25/01/2017;100,4615
24/01/2017;101,2359
23/01/2017;101,7611
20/01/2017;100,9981
19/01/2017;100,8695
18/01/2017;101,0771
17/01/2017;102,4073
13/01/2017;102,0015
12/01/2017;102,3313
11/01/2017;102,1613
10/01/2017;102,2269
09/01/2017;102,4082
06/01/2017;102,1938
05/01/2017;104,0716
04/01/2017;102,9592
03/01/2017;102,572
30/12/2016;102,4143
29/12/2016;101,3086
28/12/2016;100,9718
27/12/2016;100,2597
23/12/2016;100,8075
22/12/2016;100,4176
21/12/2016;100,5108
20/12/2016;100,2115
19/12/2016;100,4466
16/12/2016;98,9404
15/12/2016;99,0763
14/12/2016;99,1454
13/12/2016;99,7667
12/12/2016;100,1651
09/12/2016;99,7421
08/12/2016;100,339
07/12/2016;101,4141
06/12/2016;99,5336
05/12/2016;100,6108
02/12/2016;100,1283
01/12/2016;99,9013
30/11/2016;100,4829
29/11/2016;101,0485
28/11/2016;100,7679
25/11/2016;100,4047
23/11/2016;100,1854
22/11/2016;100,4514