"Data","Ultimo","Apertura","Massimo","Minimo","Vol.","Var. %"
"24.03.2025","21,74","21,60","21,77","21,52","22,30K","0,98%"
"21.03.2025","21,53","21,55","21,62","21,47","118,60K","-0,78%"
"20.03.2025","21,70","21,63","21,89","21,63","37,85K","-0,43%"
"19.03.2025","21,79","21,69","21,81","21,58","41,83K","0,38%"
"18.03.2025","21,71","22,00","22,00","21,71","12,30K","-2,12%"
"17.03.2025","22,18","21,90","22,18","21,80","21,79K","1,05%"
"14.03.2025","21,95","21,95","22,06","21,85","12,50K","0,87%"
"13.03.2025","21,76","21,94","22,22","21,73","26,80K","-0,96%"
"12.03.2025","21,97","21,94","22,06","21,75","17,85K","0,88%"
"11.03.2025","21,78","21,94","21,97","21,48","17,99K","-1,28%"
"10.03.2025","22,06","22,16","22,47","21,90","35,83K","-2,04%"
"07.03.2025","22,52","22,35","22,71","22,35","28,16K","0,71%"
"06.03.2025","22,36","22,21","22,55","22,21","62,15K","-0,84%"
"05.03.2025","22,55","22,11","22,55","22,11","99,22K","2,39%"
"04.03.2025","22,02","21,80","22,18","21,73","16,16K","0,47%"
"03.03.2025","21,92","22,61","22,61","21,85","22,18K","-2,58%"
"28.02.2025","22,50","22,08","22,50","22,00","13,56K","1,21%"
"27.02.2025","22,23","22,46","22,64","22,21","105,62K","-1,01%"
"26.02.2025","22,46","22,67","22,72","22,39","15,42K","-0,81%"
"25.02.2025","22,64","22,91","22,93","22,56","15,08K","-0,79%"
"24.02.2025","22,82","23,02","23,07","22,69","12,00K","-1,25%"
"21.02.2025","23,11","23,33","23,33","23,06","13,86K","0,00%"
"20.02.2025","23,11","23,16","23,16","22,99","15,79K","0,48%"
"19.02.2025","23,00","22,87","23,09","22,83","49,14K","-0,04%"
"18.02.2025","23,01","22,99","23,31","22,93","20,98K","0,44%"
"14.02.2025","22,91","22,82","23,14","22,70","61,52K","0,75%"
"13.02.2025","22,74","22,45","22,74","22,32","19,98K","1,74%"
"12.02.2025","22,35","21,96","22,35","21,90","10,36K","0,90%"
"11.02.2025","22,15","22,29","22,36","22,06","18,34K","-1,42%"
"10.02.2025","22,47","22,67","22,88","22,40","58,43K","-0,13%"
"07.02.2025","22,50","22,88","22,97","22,50","30,96K","-1,45%"
"06.02.2025","22,83","23,29","23,29","22,83","43,90K","-1,55%"
"05.02.2025","23,19","22,51","23,22","22,51","43,30K","3,48%"
"04.02.2025","22,41","22,29","22,60","22,19","12,48K","0,49%"
"03.02.2025","22,30","22,19","22,58","22,16","18,14K","-2,19%"
"31.01.2025","22,80","22,94","23,17","22,70","20,66K","-0,31%"
"30.01.2025","22,87","22,75","23,12","22,70","18,78K","1,06%"
"29.01.2025","22,63","22,82","22,93","22,49","24,58K","-0,75%"
"28.01.2025","22,80","22,72","22,90","22,58","35,15K","0,09%"
"27.01.2025","22,78","22,63","23,14","22,63","29,16K","0,44%"
"24.01.2025","22,68","22,95","23,04","22,68","17,70K","-1,26%"
"23.01.2025","22,97","22,41","22,97","22,22","27,81K","2,27%"
"22.01.2025","22,46","22,49","22,60","22,33","16,25K","-0,09%"
"21.01.2025","22,48","22,21","22,49","22,13","24,79K","2,60%"
"17.01.2025","21,91","22,09","22,16","21,89","32,54K","0,05%"
"16.01.2025","21,90","21,98","22,03","21,79","86,27K","-0,09%"
"15.01.2025","21,92","21,98","22,15","21,80","18,53K","1,67%"
"14.01.2025","21,56","22,16","22,16","21,52","22,89K","-1,78%"
"13.01.2025","21,95","22,06","22,06","21,61","21,25K","-2,79%"
"10.01.2025","22,58","23,00","23,17","22,43","18,13K","-2,71%"
"08.01.2025","23,21","23,66","23,66","23,19","11,28K","-1,78%"
"07.01.2025","23,63","23,31","23,88","23,31","91,63K","1,99%"
"06.01.2025","23,17","23,12","23,45","23,06","23,52K","0,74%"
"03.01.2025","23,00","22,85","23,12","22,80","17,52K","1,05%"
"02.01.2025","22,76","22,75","23,05","22,69","20,13K","0,57%"
"31.12.2024","22,63","22,49","22,63","22,39","55,78K","0,53%"
"30.12.2024","22,51","22,65","22,69","22,40","63,83K","-1,40%"
"27.12.2024","22,83","22,90","23,01","22,66","52,86K","-0,57%"
"26.12.2024","22,96","22,65","22,99","22,65","38,36K","0,57%"
"24.12.2024","22,83","22,71","22,88","22,61","12,93K","0,18%"
"23.12.2024","22,79","22,64","22,81","22,52","23,13K","0,66%"
"20.12.2024","22,64","22,27","22,73","22,23","35,78K","1,16%"
"19.12.2024","22,38","22,51","22,51","22,16","50,19K","-0,09%"
"18.12.2024","22,40","23,32","23,32","22,33","97,88K","-3,90%"
"17.12.2024","23,31","23,16","23,44","23,14","47,87K","-0,55%"
"16.12.2024","23,44","23,29","23,63","23,23","105,26K","0,39%"
"13.12.2024","23,35","23,51","23,51","23,26","27,32K","-0,98%"
"12.12.2024","23,58","23,85","23,93","23,56","19,78K","-1,75%"
"11.12.2024","24,00","24,22","24,28","24,00","40,10K","-0,70%"
"10.12.2024","24,17","24,36","24,39","24,15","13,09K","-0,53%"
"09.12.2024","24,30","24,53","24,60","24,27","38,01K","-0,82%"
"06.12.2024","24,50","24,29","24,73","24,29","16,67K","1,38%"
"05.12.2024","24,17","24,02","24,26","24,02","20,44K","0,40%"
"04.12.2024","24,07","24,14","24,31","24,04","78,59K","-0,04%"
"03.12.2024","24,08","24,47","24,56","24,08","71,41K","-2,15%"
"02.12.2024","24,61","24,61","24,74","24,36","16,28K","-0,44%"
"29.11.2024","24,72","24,75","24,87","24,62","19,29K","0,29%"
"27.11.2024","24,65","24,37","24,66","24,37","18,42K","1,52%"
"26.11.2024","24,28","24,04","24,28","23,99","14,39K","0,65%"
"25.11.2024","24,12","23,92","24,19","23,82","17,20K","1,98%"
"22.11.2024","23,66","23,28","23,75","23,21","17,03K","1,53%"
"21.11.2024","23,30","23,22","23,44","23,00","44,28K","0,78%"
"20.11.2024","23,12","23,19","23,21","23,01","26,17K","-0,04%"
"19.11.2024","23,13","22,68","23,13","22,68","20,05K","0,09%"
"18.11.2024","23,11","23,05","23,15","22,96","33,12K","0,61%"
"15.11.2024","22,97","23,70","23,70","22,93","24,57K","-3,53%"
"14.11.2024","23,81","24,44","24,50","23,81","20,16K","-2,70%"
"13.11.2024","24,47","24,70","24,96","24,45","28,74K","-0,97%"
"12.11.2024","24,71","25,14","25,27","24,71","37,40K","-3,19%"
"11.11.2024","25,53","25,48","25,80","25,46","185,40K","0,57%"
"08.11.2024","25,38","25,25","25,40","25,25","21,42K","0,04%"
"07.11.2024","25,37","25,27","25,48","25,24","36,36K","1,22%"
"06.11.2024","25,07","25,00","25,17","24,84","24,71K","1,34%"
"05.11.2024","24,73","24,53","24,73","24,21","67,85K","0,71%"
"04.11.2024","24,56","24,53","24,68","24,30","42,56K","0,24%"
"01.11.2024","24,50","24,30","24,50","24,19","69,57K","1,53%"
"31.10.2024","24,13","24,28","24,29","24,06","17,84K","-1,63%"
"30.10.2024","24,53","24,35","24,61","24,35","12,40K","0,32%"
"29.10.2024","24,45","24,35","24,48","24,31","52,92K","0,67%"
"28.10.2024","24,29","24,02","24,40","24,02","29,73K","1,48%"
"25.10.2024","23,94","23,98","24,23","23,94","12,19K","0,07%"
"24.10.2024","23,92","24,01","24,15","23,89","41,67K","-0,33%"
"23.10.2024","24,00","24,16","24,16","23,91","17,84K","-0,95%"
"22.10.2024","24,23","24,10","24,23","24,05","22,44K","0,04%"
"21.10.2024","24,22","24,55","24,55","24,20","16,87K","-1,58%"
"18.10.2024","24,61","24,55","24,69","24,50","6,74K","0,36%"
"17.10.2024","24,52","24,69","24,69","24,49","31,68K","-0,60%"
"16.10.2024","24,67","24,60","24,75","24,47","20,32K","0,24%"
"15.10.2024","24,61","24,50","24,77","24,48","19,21K","0,04%"
"14.10.2024","24,60","24,52","24,62","24,47","19,32K","0,12%"
"11.10.2024","24,57","24,20","24,62","24,20","23,16K","1,74%"
"10.10.2024","24,15","24,17","24,23","24,05","18,71K","-0,54%"
"09.10.2024","24,28","24,20","24,31","24,10","16,72K","0,12%"
"08.10.2024","24,25","24,18","24,38","24,18","6,19K","0,08%"
"07.10.2024","24,23","24,50","24,50","24,12","11,02K","-1,34%"
"04.10.2024","24,56","24,37","24,56","24,36","17,21K","1,74%"
"03.10.2024","24,14","24,26","24,34","24,14","12,54K","-1,43%"
"02.10.2024","24,49","24,35","24,50","24,22","16,16K","0,12%"
"01.10.2024","24,46","24,64","24,65","24,19","16,59K","-0,63%"
"30.09.2024","24,61","24,65","24,85","24,46","13,35K","0,22%"
"27.09.2024","24,56","24,58","24,74","24,56","29,02K","0,57%"
"26.09.2024","24,42","24,46","24,53","24,25","97,39K","0,98%"
"25.09.2024","24,18","24,58","24,58","24,15","57,94K","-1,25%"
"24.09.2024","24,49","24,45","24,52","24,27","46,79K","0,41%"
"23.09.2024","24,39","24,92","24,95","24,36","7,18K","-1,85%"
"20.09.2024","24,85","25,01","25,01","24,83","19,75K","-1,07%"
"19.09.2024","25,12","25,25","25,35","25,06","11,35K","0,94%"
"18.09.2024","24,89","25,01","25,26","24,88","8,26K","-0,38%"
"17.09.2024","24,98","24,97","25,24","24,93","15,69K","0,24%"
"16.09.2024","24,92","25,00","25,08","24,81","36,44K","-0,16%"
"13.09.2024","24,96","24,30","24,96","24,30","22,19K","2,67%"
"12.09.2024","24,31","24,30","24,37","24,02","11,60K","-0,53%"
"11.09.2024","24,44","24,36","24,48","24,32","6,02K","0,33%"
"10.09.2024","24,36","24,20","24,38","24,11","8,12K","0,74%"
"09.09.2024","24,18","23,94","24,18","23,82","7,68K","1,04%"
"06.09.2024","23,93","24,33","24,42","23,81","11,62K","-1,56%"
"05.09.2024","24,31","24,32","24,42","24,24","43,06K","0,12%"
"04.09.2024","24,28","24,31","24,47","24,19","11,42K","-0,49%"
"03.09.2024","24,40","24,88","25,07","24,35","36,13K","-2,24%"
"30.08.2024","24,96","24,99","25,06","24,80","12,40K","0,00%"
"29.08.2024","24,96","25,02","25,23","24,95","12,74K","0,24%"
"28.08.2024","24,90","24,96","25,13","24,87","8,48K","-0,59%"
"27.08.2024","25,05","25,12","25,17","24,88","9,59K","-0,33%"
"26.08.2024","25,13","25,09","25,23","25,07","7,92K","0,52%"
"23.08.2024","25,00","24,74","25,11","24,70","54,56K","1,63%"
"22.08.2024","24,60","25,12","25,12","24,60","8,83K","-1,57%"
"21.08.2024","24,99","24,78","25,02","24,78","15,15K","0,94%"
"20.08.2024","24,76","24,70","24,80","24,60","22,64K","0,22%"
"19.08.2024","24,70","24,30","24,72","24,30","103,54K","1,58%"
"16.08.2024","24,32","24,31","24,36","24,19","12,62K","-0,02%"
"15.08.2024","24,33","24,23","24,39","24,11","10,40K","1,69%"
"14.08.2024","23,92","24,18","24,18","23,76","27,58K","-0,87%"
"13.08.2024","24,13","23,97","24,16","23,88","18,86K","1,43%"
"12.08.2024","23,79","23,88","23,89","23,69","17,09K","-0,15%"
"09.08.2024","23,82","23,68","23,84","23,67","33,65K","0,65%"
"08.08.2024","23,67","23,26","23,73","23,23","20,88K","2,09%"
"07.08.2024","23,19","23,67","23,67","23,10","62,25K","-0,27%"
"06.08.2024","23,25","23,18","23,54","22,97","37,45K","0,61%"
"05.08.2024","23,11","22,67","23,38","22,50","88,36K","-2,75%"
"02.08.2024","23,76","24,43","24,43","23,47","69,76K","-2,22%"
"01.08.2024","24,30","24,63","24,70","24,26","39,83K","-2,00%"
"31.07.2024","24,80","25,03","25,08","24,80","15,41K","-0,32%"
"30.07.2024","24,88","25,25","25,25","24,74","20,11K","-1,82%"
"29.07.2024","25,34","25,51","25,51","25,16","83,30K","-0,59%"
"26.07.2024","25,49","25,36","25,70","25,36","27,91K","1,23%"
"25.07.2024","25,18","24,90","25,43","24,89","52,99K","1,90%"
"24.07.2024","24,71","24,62","24,90","24,62","17,82K","-0,52%"
"23.07.2024","24,84","24,60","24,92","24,53","13,81K","0,48%"
"22.07.2024","24,72","24,48","24,72","24,32","15,17K","1,59%"
"19.07.2024","24,34","24,39","24,42","24,26","32,86K","-0,29%"
"18.07.2024","24,41","24,90","25,00","24,36","20,14K","-1,90%"
"17.07.2024","24,88","25,08","25,27","24,72","27,30K","-1,19%"
"16.07.2024","25,18","24,67","25,30","24,67","34,23K","1,82%"
"15.07.2024","24,73","24,70","24,78","24,47","26,31K","0,38%"
"12.07.2024","24,64","24,59","24,84","24,46","21,76K","1,25%"
"11.07.2024","24,33","23,97","24,41","23,97","27,34K","2,89%"
"10.07.2024","23,65","23,50","23,65","23,44","75,95K","0,86%"
"09.07.2024","23,45","23,17","23,47","23,17","25,61K","1,39%"
"08.07.2024","23,13","23,00","23,27","23,00","25,96K","0,80%"
"05.07.2024","22,94","22,85","22,94","22,67","54,00K","0,34%"
"03.07.2024","22,86","22,95","23,13","22,85","16,74K","0,04%"
"02.07.2024","22,86","23,08","23,11","22,76","48,88K","-1,32%"
"01.07.2024","23,16","23,18","23,61","23,16","24,48K","0,18%"
"28.06.2024","23,12","23,38","23,38","22,95","59,14K","-0,52%"
"27.06.2024","23,24","23,20","23,27","23,12","21,90K","-0,13%"
"26.06.2024","23,27","23,62","23,62","23,26","40,79K","-2,19%"
"25.06.2024","23,79","23,94","23,94","23,79","32,82K","-0,77%"
"24.06.2024","23,97","23,92","24,18","23,92","13,85K","0,94%"
"21.06.2024","23,75","23,62","23,83","23,62","28,34K","2,55%"
"20.06.2024","23,16","22,94","23,26","22,84","61,83K","0,55%"
"18.06.2024","23,03","23,18","23,18","22,92","58,53K","-0,72%"
"17.06.2024","23,20","23,49","23,49","23,14","34,52K","-1,44%"
"14.06.2024","23,54","23,90","23,90","23,47","33,85K","-1,83%"
"13.06.2024","23,98","24,16","24,16","23,90","18,41K","-0,52%"
"12.06.2024","24,10","24,46","24,46","24,00","24,15K","0,18%"
"11.06.2024","24,06","23,98","24,11","23,75","22,10K","-0,17%"
"10.06.2024","24,10","23,88","24,10","23,70","39,78K","0,00%"
"07.06.2024","24,10","24,22","24,33","24,07","37,90K","-1,03%"
"06.06.2024","24,35","24,72","24,72","24,33","15,32K","-1,34%"
"05.06.2024","24,68","24,17","24,68","24,12","11,02K","3,13%"
"04.06.2024","23,93","24,07","24,11","23,92","10,39K","-0,66%"
"03.06.2024","24,09","23,71","24,35","23,62","40,74K","1,60%"
"31.05.2024","23,71","23,74","24,00","23,62","19,33K","0,04%"
"30.05.2024","23,70","23,45","23,70","23,36","14,11K","1,78%"
"29.05.2024","23,29","23,30","23,36","23,12","19,19K","-1,25%"
"28.05.2024","23,58","24,02","24,03","23,43","20,43K","-1,87%"
"24.05.2024","24,03","24,23","24,30","24,00","13,04K","-0,58%"
"23.05.2024","24,17","24,70","24,70","24,06","16,20K","-2,11%"
"22.05.2024","24,69","24,11","24,76","24,11","17,06K","2,07%"
"21.05.2024","24,19","24,13","24,23","24,00","16,92K","-0,25%"
"20.05.2024","24,25","24,20","24,34","24,10","11,50K","0,29%"
"17.05.2024","24,18","24,28","24,30","24,11","28,05K","-0,37%"
"16.05.2024","24,27","24,20","24,30","24,03","20,73K","-0,08%"
"15.05.2024","24,29","24,24","24,40","24,14","17,99K","1,38%"
"14.05.2024","23,96","24,00","24,20","23,90","19,07K","0,34%"
"13.05.2024","23,88","23,40","23,88","23,40","17,23K","2,80%"
"10.05.2024","23,23","23,82","23,82","23,17","25,25K","-2,15%"
"09.05.2024","23,74","23,54","23,78","23,54","23,75K","1,15%"
"08.05.2024","23,47","23,71","23,72","23,40","21,61K","-1,88%"
"07.05.2024","23,92","23,90","23,97","23,75","13,98K","0,29%"
"06.05.2024","23,85","23,90","23,96","23,80","12,72K","-0,04%"
"03.05.2024","23,86","23,70","23,99","23,64","26,18K","2,18%"
"02.05.2024","23,35","23,28","23,39","22,98","19,98K","1,36%"
"01.05.2024","23,04","22,62","23,37","22,58","22,05K","1,98%"
"30.04.2024","22,59","22,69","22,91","22,59","14,75K","-1,27%"
"29.04.2024","22,88","22,64","23,02","22,64","17,01K","2,61%"
"26.04.2024","22,30","22,01","22,38","21,95","17,78K","1,64%"
"25.04.2024","21,94","22,02","22,16","21,78","14,47K","-1,04%"
"24.04.2024","22,17","22,32","22,35","22,05","12,46K","-0,44%"
"23.04.2024","22,27","22,09","22,60","22,09","21,94K","1,09%"
"22.04.2024","22,03","21,94","22,21","21,79","20,59K","1,47%"
"19.04.2024","21,71","21,82","22,06","21,53","20,45K","-0,60%"
"18.04.2024","21,84","22,10","22,13","21,84","15,24K","-1,13%"
"17.04.2024","22,09","22,31","22,31","22,04","22,10K","-0,50%"
"16.04.2024","22,20","22,19","22,40","22,11","33,77K","-0,63%"
"15.04.2024","22,34","22,74","22,80","22,26","54,37K","-1,59%"
"12.04.2024","22,70","23,26","23,26","22,60","19,88K","-2,45%"
"11.04.2024","23,27","23,28","23,36","23,09","25,79K","0,39%"
"10.04.2024","23,18","23,10","23,25","23,05","24,09K","-1,28%"
"09.04.2024","23,48","23,18","23,56","23,18","18,74K","1,60%"
"08.04.2024","23,11","23,05","23,15","23,00","36,20K","0,04%"
"05.04.2024","23,10","23,00","23,25","22,90","52,92K","0,13%"
"04.04.2024","23,07","23,50","23,60","23,04","23,64K","-1,03%"
"03.04.2024","23,31","23,18","23,33","23,03","18,86K","0,26%"
"02.04.2024","23,25","23,52","23,52","23,25","26,27K","-2,47%"
"01.04.2024","23,84","24,07","24,07","23,65","32,75K","-1,00%"
"28.03.2024","24,08","24,22","24,23","24,05","21,44K","-0,17%"
"27.03.2024","24,12","23,90","24,15","23,69","17,09K","1,56%"
"26.03.2024","23,75","23,94","24,10","23,70","225,41K","-0,34%"
"25.03.2024","23,83","23,84","24,05","23,80","31,12K","-0,29%"
"22.03.2024","23,90","24,16","24,16","23,90","32,08K","-1,32%"
"21.03.2024","24,22","24,32","24,50","24,22","10,27K","0,17%"
"20.03.2024","24,18","23,83","24,25","23,64","28,26K","1,17%"
"19.03.2024","23,90","23,70","24,00","23,70","22,06K","0,67%"
"18.03.2024","23,74","24,10","24,10","23,73","12,15K","-1,04%"
"15.03.2024","23,99","23,79","24,08","23,79","27,98K","0,67%"
"14.03.2024","23,83","24,17","24,29","23,65","39,67K","-1,73%"
"13.03.2024","24,25","24,24","24,40","24,16","19,95K","0,33%"
"12.03.2024","24,17","24,57","24,57","24,12","30,08K","-1,02%"
"11.03.2024","24,42","24,60","24,80","24,42","40,19K","0,00%"
"08.03.2024","24,42","24,30","24,75","24,26","23,46K","0,58%"
"07.03.2024","24,28","24,42","24,60","24,28","60,31K","-0,41%"
"06.03.2024","24,38","24,29","24,39","24,20","55,29K","1,37%"
"05.03.2024","24,05","24,11","24,20","23,93","312,06K","-0,66%"
"04.03.2024","24,21","24,63","24,63","24,08","29,58K","-0,94%"
"01.03.2024","24,44","24,30","24,70","24,29","22,72K","0,95%"
"29.02.2024","24,21","24,90","25,00","24,20","26,48K","-2,26%"
"28.02.2024","24,77","24,99","25,18","24,77","49,93K","-1,71%"
"27.02.2024","25,20","24,71","25,22","24,60","31,92K","3,28%"
"26.02.2024","24,40","23,98","24,42","23,98","32,03K","1,79%"
"23.02.2024","23,97","24,03","24,19","23,93","18,94K","0,35%"
"22.02.2024","23,89","23,63","24,00","23,59","26,32K","1,73%"
"21.02.2024","23,48","23,27","23,48","23,12","26,60K","0,73%"
"20.02.2024","23,31","23,36","23,53","23,20","36,35K","-0,13%"
"16.02.2024","23,34","23,29","23,53","23,20","67,28K","0,26%"
"15.02.2024","23,28","23,04","23,40","23,04","13,96K","1,48%"
"14.02.2024","22,94","22,60","22,94","22,55","31,14K","2,32%"
"13.02.2024","22,42","22,86","22,86","22,25","24,93K","-3,61%"
"12.02.2024","23,26","22,84","23,27","22,84","21,90K","1,71%"
"09.02.2024","22,87","22,70","22,90","22,70","28,19K","1,33%"
"08.02.2024","22,57","22,56","22,67","22,38","46,07K","-0,27%"
"07.02.2024","22,63","23,03","23,03","22,61","22,65K","-1,74%"
"06.02.2024","23,03","22,62","23,03","22,58","19,43K","2,04%"
"05.02.2024","22,57","22,27","22,64","22,21","37,93K","1,03%"
"02.02.2024","22,34","22,49","22,49","22,13","16,41K","-0,84%"
"01.02.2024","22,53","22,28","22,62","22,15","161,79K","1,08%"
"31.01.2024","22,29","22,60","22,80","22,26","24,95K","-1,15%"
"30.01.2024","22,55","22,84","22,84","22,48","20,82K","-1,83%"
"29.01.2024","22,97","22,47","22,98","22,35","32,59K","2,09%"
"26.01.2024","22,50","22,60","22,75","22,43","29,69K","-0,22%"
"25.01.2024","22,55","22,45","22,61","22,40","21,15K","0,58%"
"24.01.2024","22,42","22,78","22,80","22,40","32,45K","-1,02%"
"23.01.2024","22,65","22,71","22,71","22,37","52,42K","0,46%"
"22.01.2024","22,55","22,37","22,70","22,24","74,96K","0,83%"
"19.01.2024","22,36","22,26","22,38","22,04","214,42K","0,36%"
"18.01.2024","22,28","22,53","22,53","22,15","24,30K","-0,76%"
"17.01.2024","22,45","22,55","22,55","22,30","102,19K","-1,45%"
"16.01.2024","22,78","23,00","23,00","22,69","36,68K","-1,98%"
"12.01.2024","23,24","23,29","23,70","23,20","36,10K","-0,04%"
"11.01.2024","23,25","23,44","23,44","23,09","60,96K","-1,44%"
"10.01.2024","23,59","23,79","23,90","23,40","60,41K","-0,67%"
"09.01.2024","23,75","23,60","23,83","23,50","55,37K","0,17%"
"08.01.2024","23,71","23,08","23,71","22,80","30,84K","2,73%"
"05.01.2024","23,08","23,10","23,22","22,80","20,48K","-0,86%"
"04.01.2024","23,28","23,15","23,32","23,10","18,45K","0,95%"
"03.01.2024","23,06","23,26","23,26","23,00","14,89K","-1,41%"
"02.01.2024","23,39","22,80","23,63","22,80","67,04K","1,65%"
"29.12.2023","23,01","23,23","23,28","22,98","39,35K","-1,24%"
"28.12.2023","23,30","23,20","23,40","23,16","92,31K","0,43%"
"27.12.2023","23,20","23,20","23,20","22,90","99,48K","0,30%"
"26.12.2023","23,13","22,80","23,15","22,80","41,39K","1,58%"
"22.12.2023","22,77","22,45","22,90","22,45","24,05K","2,11%"
"21.12.2023","22,30","22,16","22,32","22,12","44,85K","1,78%"
"20.12.2023","21,91","22,55","22,63","21,85","33,06K","-3,90%"
"19.12.2023","22,80","22,35","22,80","22,35","47,71K","2,10%"
"18.12.2023","22,33","22,41","22,50","22,24","35,25K","-0,62%"
"15.12.2023","22,47","22,68","22,84","22,27","18,62K","-0,62%"
"14.12.2023","22,61","22,26","22,83","22,25","48,47K","2,77%"
"13.12.2023","22,00","21,14","22,00","20,87","35,24K","4,17%"
"12.12.2023","21,12","20,85","21,18","20,63","34,13K","0,76%"
"11.12.2023","20,96","21,09","21,09","20,65","82,01K","-0,24%"
"08.12.2023","21,01","20,92","21,38","20,92","31,19K","-0,47%"
"07.12.2023","21,11","21,06","21,18","20,91","73,70K","0,52%"
"06.12.2023","21,00","20,94","21,26","20,77","18,77K","0,38%"
"05.12.2023","20,92","21,15","21,15","20,88","18,41K","-1,74%"
"04.12.2023","21,29","21,02","21,37","20,89","45,35K","0,90%"
"01.12.2023","21,10","20,69","21,10","20,22","35,59K","2,28%"
"30.11.2023","20,63","20,65","21,14","20,62","52,26K","0,78%"
"29.11.2023","20,47","20,52","20,92","20,42","31,96K","0,44%"
"28.11.2023","20,38","20,24","20,42","20,07","54,00K","0,99%"
"27.11.2023","20,18","20,34","20,37","20,02","38,72K","-0,93%"
"24.11.2023","20,37","20,13","20,40","20,13","12,11K","1,44%"
"22.11.2023","20,08","20,00","20,21","19,97","19,55K","0,95%"
"21.11.2023","19,89","20,29","20,29","19,89","30,23K","-3,06%"
"20.11.2023","20,52","20,20","20,70","20,13","23,86K","2,19%"
"17.11.2023","20,08","19,46","20,12","19,40","32,22K","4,31%"
"16.11.2023","19,25","19,60","19,60","19,10","25,39K","-1,69%"
"15.11.2023","19,58","19,48","19,94","19,48","23,73K","0,72%"
"14.11.2023","19,44","19,08","19,45","19,08","32,01K","5,25%"
"13.11.2023","18,47","18,34","18,47","17,95","33,60K","0,33%"
"10.11.2023","18,41","18,39","18,45","17,98","103,09K","0,71%"
"09.11.2023","18,28","19,24","19,24","18,28","21,95K","-4,54%"
"08.11.2023","19,15","19,68","19,68","19,10","29,44K","-2,05%"
"07.11.2023","19,55","19,17","19,56","19,11","24,18K","1,56%"
"06.11.2023","19,25","19,72","19,77","19,18","19,51K","-1,07%"
"03.11.2023","19,46","18,94","19,63","18,94","20,21K","4,56%"
"02.11.2023","18,61","18,46","18,68","18,40","17,07K","1,53%"
"01.11.2023","18,33","18,15","18,34","18,14","16,56K","1,16%"
"31.10.2023","18,12","17,65","18,15","17,65","15,14K","2,20%"
"30.10.2023","17,73","17,61","17,84","17,57","37,04K","2,07%"
"27.10.2023","17,37","18,05","18,06","17,33","25,17K","-3,55%"
"26.10.2023","18,01","17,81","18,12","17,76","21,71K","1,69%"
"25.10.2023","17,71","18,11","18,11","17,71","31,33K","-2,85%"
"24.10.2023","18,23","17,99","18,37","17,99","8,47K","2,47%"
"23.10.2023","17,79","17,90","18,01","17,78","30,09K","-1,22%"
"20.10.2023","18,01","18,00","18,20","17,90","48,95K","0,00%"
"19.10.2023","18,01","18,52","18,57","18,01","25,33K","-3,33%"
"18.10.2023","18,63","19,10","19,10","18,63","16,11K","-3,22%"
"17.10.2023","19,25","19,14","19,42","19,10","23,20K","-0,36%"
"16.10.2023","19,32","19,25","19,44","18,99","70,36K","0,00%"
"13.10.2023","19,32","19,30","19,32","19,11","28,47K","0,57%"
"12.10.2023","19,21","19,89","19,89","19,19","30,43K","-3,56%"
"11.10.2023","19,92","20,12","20,27","19,76","21,84K","-0,75%"
"10.10.2023","20,07","19,71","20,19","19,71","20,90K","1,98%"
"09.10.2023","19,68","19,69","19,73","19,38","16,34K","-0,61%"
"06.10.2023","19,80","19,68","19,94","19,62","28,68K","0,15%"
"05.10.2023","19,77","19,40","19,85","19,39","22,12K","1,91%"
"04.10.2023","19,40","19,64","19,64","19,26","43,57K","-1,02%"
"03.10.2023","19,60","19,68","19,77","19,49","27,75K","-1,11%"
"02.10.2023","19,82","20,32","20,35","19,76","30,67K","-2,60%"
"29.09.2023","20,35","20,53","20,68","20,32","4,93K","-0,05%"
"28.09.2023","20,36","20,54","20,54","20,11","15,47K","-0,78%"
"27.09.2023","20,52","20,67","20,82","20,38","65,26K","0,54%"
"26.09.2023","20,41","20,49","20,80","20,36","34,30K","-0,29%"
"25.09.2023","20,47","20,54","20,63","20,43","25,13K","-0,90%"
"22.09.2023","20,66","20,80","20,94","20,66","16,38K","-0,41%"
"21.09.2023","20,74","21,00","21,00","20,65","29,13K","-1,98%"
"20.09.2023","21,16","21,59","21,60","21,15","30,64K","-1,81%"
"19.09.2023","21,55","21,50","21,57","21,37","31,80K","0,05%"
"18.09.2023","21,54","21,75","21,79","21,50","22,68K","-0,83%"
"15.09.2023","21,72","21,89","21,99","21,69","37,37K","-0,46%"
"14.09.2023","21,82","21,97","21,99","21,80","41,69K","-0,14%"
"13.09.2023","21,85","22,29","22,30","21,85","35,23K","-1,67%"
"12.09.2023","22,22","22,31","22,41","22,22","16,48K","-0,71%"
"11.09.2023","22,38","22,34","22,47","22,27","20,29K","0,86%"
"08.09.2023","22,19","22,17","22,30","22,07","15,06K","-0,14%"
"07.09.2023","22,22","22,32","22,32","22,12","106,57K","-0,89%"
"06.09.2023","22,42","22,42","22,51","22,16","11,11K","-0,40%"
"05.09.2023","22,51","22,70","22,80","22,42","138,60K","-1,10%"
"01.09.2023","22,76","22,71","22,90","22,70","18,13K","1,17%"
"31.08.2023","22,50","22,67","22,70","22,50","16,89K","-0,59%"
"30.08.2023","22,63","22,48","22,68","22,48","21,25K","0,62%"
"29.08.2023","22,49","22,17","22,59","22,10","17,57K","1,76%"
"28.08.2023","22,10","22,13","22,14","21,98","14,10K","0,82%"
"25.08.2023","21,92","21,89","22,03","21,60","21,99K","0,46%"
"24.08.2023","21,82","22,35","22,35","21,82","5,25K","-1,93%"
"23.08.2023","22,25","22,07","22,47","22,07","18,02K","1,41%"
"22.08.2023","21,94","21,90","21,99","21,74","11,95K","0,55%"
"21.08.2023","21,82","21,48","21,87","21,37","12,37K","1,96%"
"18.08.2023","21,40","21,25","21,61","21,13","62,96K","0,19%"
"17.08.2023","21,36","21,54","21,62","21,36","32,37K","-0,88%"
"16.08.2023","21,55","21,90","21,92","21,50","18,11K","-1,96%"
"15.08.2023","21,98","22,07","22,08","21,87","20,44K","-0,90%"
"14.08.2023","22,18","22,06","22,20","21,77","20,45K","-0,31%"
"11.08.2023","22,25","22,10","22,33","22,10","10,60K","0,24%"
"10.08.2023","22,20","22,40","22,51","22,12","14,08K","-0,77%"
"09.08.2023","22,37","22,29","22,50","22,22","24,34K","1,04%"
"08.08.2023","22,14","21,93","22,21","21,77","35,95K","0,64%"
"07.08.2023","22,00","22,53","22,56","21,95","52,29K","-2,40%"
"04.08.2023","22,54","22,71","22,84","22,50","21,74K","-0,18%"
"03.08.2023","22,58","22,56","22,72","22,50","16,88K","0,13%"
"02.08.2023","22,55","23,15","23,15","22,50","29,32K","-3,38%"
"01.08.2023","23,34","23,80","23,80","23,26","18,05K","-2,67%"
"31.07.2023","23,98","23,90","24,00","23,83","13,10K","0,51%"
"28.07.2023","23,86","23,47","23,87","23,47","23,32K","2,52%"
"27.07.2023","23,27","23,84","23,88","23,20","17,21K","-1,61%"
"26.07.2023","23,65","23,46","23,75","23,40","10,38K","0,51%"
"25.07.2023","23,53","23,48","23,71","23,48","26,63K","0,17%"
"24.07.2023","23,49","23,93","23,95","23,49","36,61K","-1,96%"
"21.07.2023","23,96","23,82","24,07","23,60","23,29K","1,18%"
"20.07.2023","23,68","24,07","24,15","23,63","33,82K","-3,11%"
"19.07.2023","24,44","24,25","24,64","24,25","48,63K","1,24%"
"18.07.2023","24,14","24,06","24,33","24,06","136,74K","0,58%"
"17.07.2023","24,00","23,89","24,13","23,74","141,94K","0,88%"
"14.07.2023","23,79","24,20","24,21","23,68","27,42K","-1,69%"
"13.07.2023","24,20","24,39","24,45","24,18","25,01K","0,37%"
"12.07.2023","24,11","24,07","24,21","23,87","22,90K","1,95%"
"11.07.2023","23,65","23,82","23,82","23,58","24,00K","-0,55%"
"10.07.2023","23,78","22,96","23,84","22,96","80,70K","3,65%"
"07.07.2023","22,94","22,83","23,10","22,83","178,68K","0,67%"
"06.07.2023","22,79","23,04","23,06","22,63","31,02K","-2,44%"
"05.07.2023","23,36","23,36","23,46","23,25","22,91K","0,39%"
"03.07.2023","23,27","23,33","23,48","23,26","8,43K","-0,36%"
"30.06.2023","23,35","23,35","23,50","23,30","18,85K","0,45%"
"29.06.2023","23,25","23,33","23,40","23,20","34,19K","-0,60%"
"28.06.2023","23,39","22,95","23,39","22,78","17,11K","1,48%"
"27.06.2023","23,05","23,14","23,14","22,83","25,35K","-0,04%"
"26.06.2023","23,06","23,45","23,47","23,05","24,29K","-1,79%"
"23.06.2023","23,48","23,41","23,48","23,25","10,60K","-0,59%"
"22.06.2023","23,62","23,62","23,67","23,48","14,96K","-0,46%"
"21.06.2023","23,73","23,94","23,94","23,49","30,43K","-1,37%"
"20.06.2023","24,06","24,08","24,12","23,81","21,50K","-0,46%"
"16.06.2023","24,17","24,55","24,58","24,13","40,42K","-1,10%"
"15.06.2023","24,44","24,17","24,51","24,09","24,50K","0,04%"
"14.06.2023","24,43","24,80","24,80","24,20","29,08K","-1,17%"
"13.06.2023","24,72","24,58","24,91","24,57","46,83K","1,15%"
"12.06.2023","24,44","24,36","24,58","24,21","25,21K","0,66%"
"09.06.2023","24,28","24,56","24,56","24,22","11,38K","-0,63%"
"08.06.2023","24,43","24,56","24,56","24,25","18,79K","-0,72%"
"07.06.2023","24,61","24,66","24,74","24,37","16,67K","-0,55%"
"06.06.2023","24,75","24,30","24,75","24,20","20,39K","1,81%"
"05.06.2023","24,31","24,43","24,43","24,19","19,80K","-0,98%"
"02.06.2023","24,55","24,31","24,55","24,13","13,17K","1,95%"
"01.06.2023","24,08","23,91","24,22","23,82","13,67K","1,01%"
"31.05.2023","23,84","23,80","24,04","23,53","13,25K","-0,33%"
"30.05.2023","23,92","24,17","24,26","23,74","14,04K","-0,46%"
"26.05.2023","24,03","23,97","24,07","23,81","19,58K","0,92%"
"25.05.2023","23,81","24,55","24,55","23,64","13,98K","-2,86%"
"24.05.2023","24,51","24,99","24,99","24,42","17,96K","-2,35%"
"23.05.2023","25,10","24,78","25,52","24,78","15,80K","1,41%"
"22.05.2023","24,75","24,20","24,82","24,20","9,56K","2,89%"
"19.05.2023","24,05","23,98","24,22","23,98","14,95K","0,56%"
"18.05.2023","23,92","24,10","24,10","23,60","7,56K","-0,95%"
"17.05.2023","24,15","24,02","24,15","23,81","15,85K","0,50%"
"16.05.2023","24,03","24,45","24,45","23,97","12,46K","-2,65%"
"15.05.2023","24,68","24,00","24,79","24,00","12,76K","3,24%"
"12.05.2023","23,91","24,25","24,30","23,87","14,14K","-1,32%"
"11.05.2023","24,23","24,38","24,44","24,09","16,19K","-1,70%"
"10.05.2023","24,65","24,67","24,90","24,57","19,67K","0,33%"
"09.05.2023","24,57","24,22","24,67","24,20","29,63K","0,33%"
"08.05.2023","24,49","24,62","24,62","24,31","16,65K","-0,53%"
"05.05.2023","24,62","24,58","24,78","24,44","17,41K","1,23%"
"04.05.2023","24,32","23,74","24,44","23,67","19,64K","2,49%"
"03.05.2023","23,73","23,30","24,00","23,30","15,36K","2,11%"
"02.05.2023","23,24","23,54","23,64","23,19","21,21K","-1,57%"
"01.05.2023","23,61","23,50","23,77","23,40","12,54K","0,73%"
"28.04.2023","23,44","23,19","23,55","23,00","20,20K","0,82%"
"27.04.2023","23,25","23,32","23,40","23,08","13,04K","0,04%"
"26.04.2023","23,24","23,51","23,51","23,12","28,03K","-1,19%"
"25.04.2023","23,52","23,77","23,80","23,42","10,58K","-1,71%"
"24.04.2023","23,93","24,07","24,07","23,71","36,02K","-0,58%"
"21.04.2023","24,07","23,76","24,09","23,73","9,85K","1,52%"
"20.04.2023","23,71","23,93","23,97","23,66","10,06K","-1,86%"
"19.04.2023","24,16","23,92","24,27","23,85","14,34K","0,00%"
"18.04.2023","24,16","24,62","24,62","24,04","25,40K","-1,35%"
"17.04.2023","24,49","24,36","24,71","24,35","77,10K","0,70%"
"14.04.2023","24,32","24,70","24,74","24,29","61,09K","-1,22%"
"13.04.2023","24,62","23,66","24,68","23,61","22,76K","5,26%"
"12.04.2023","23,39","23,89","23,93","23,39","50,52K","-0,85%"
"11.04.2023","23,59","23,51","23,67","23,48","12,21K","0,73%"
"10.04.2023","23,42","23,67","23,67","23,30","22,08K","-1,76%"
"06.04.2023","23,84","23,30","23,88","23,25","19,26K","2,67%"
"05.04.2023","23,22","23,17","23,25","23,02","13,47K","0,63%"
"04.04.2023","23,08","23,45","23,45","22,95","9,68K","-1,05%"
"03.04.2023","23,32","23,22","23,41","23,14","18,28K","0,21%"
"31.03.2023","23,27","22,96","23,35","22,96","19,18K","1,53%"
"30.03.2023","22,92","23,35","23,44","22,85","28,02K","-0,99%"
"29.03.2023","23,15","22,92","23,18","22,92","13,71K","1,67%"
"28.03.2023","22,77","22,95","22,97","22,71","17,74K","-1,00%"
"27.03.2023","23,00","22,98","23,09","22,90","36,42K","0,79%"
"24.03.2023","22,82","22,54","22,88","22,40","7,54K","0,75%"
"23.03.2023","22,65","22,81","23,00","22,38","12,16K","0,53%"
"22.03.2023","22,53","23,29","23,29","22,51","21,15K","-3,06%"
"21.03.2023","23,24","23,28","23,33","23,16","14,14K","0,82%"
"20.03.2023","23,05","23,15","23,18","22,94","12,27K","0,00%"
"17.03.2023","23,05","23,33","23,33","22,89","18,34K","-1,24%"
"16.03.2023","23,34","23,23","23,46","22,97","52,64K","-0,09%"
"15.03.2023","23,36","23,05","23,45","23,05","35,24K","-0,64%"
"14.03.2023","23,51","23,48","23,55","23,23","25,90K","1,64%"
"13.03.2023","23,13","22,23","23,26","22,23","24,12K","2,89%"
"10.03.2023","22,48","23,05","23,05","22,09","29,92K","-2,26%"
"09.03.2023","23,00","23,53","23,62","22,88","22,43K","-1,79%"
"08.03.2023","23,42","23,62","23,62","23,29","20,56K","-0,72%"
"07.03.2023","23,59","23,84","23,94","23,59","28,72K","-1,01%"
"06.03.2023","23,83","24,45","24,45","23,74","29,97K","-2,42%"
"03.03.2023","24,42","24,09","24,50","24,05","34,01K","1,75%"
"02.03.2023","24,00","23,60","24,00","23,60","22,98K","0,46%"
"01.03.2023","23,89","24,11","24,19","23,78","12,55K","-0,79%"
"28.02.2023","24,08","23,95","24,21","23,90","14,83K","0,58%"
"27.02.2023","23,94","24,02","24,11","23,88","36,39K","0,38%"
"24.02.2023","23,85","24,29","24,29","23,74","36,35K","-3,56%"
"23.02.2023","24,73","25,12","25,12","24,37","23,91K","-1,32%"
"22.02.2023","25,06","24,80","25,17","24,80","9,21K","1,25%"
"21.02.2023","24,75","25,47","25,51","24,74","18,18K","-3,62%"
"17.02.2023","25,68","25,29","25,68","24,95","18,03K","0,90%"
"16.02.2023","25,45","25,69","25,81","25,43","14,63K","-2,11%"
"15.02.2023","26,00","25,77","26,00","25,63","32,70K","0,22%"
"14.02.2023","25,94","25,81","26,22","25,55","17,65K","0,12%"
"13.02.2023","25,91","25,78","26,09","25,53","84,74K","0,54%"
"10.02.2023","25,77","25,83","25,83","25,50","23,62K","-0,81%"
"09.02.2023","25,98","26,69","26,75","25,94","18,45K","-1,70%"
"08.02.2023","26,43","27,05","27,13","26,43","10,87K","-2,76%"
"07.02.2023","27,18","27,00","27,18","26,65","15,13K","0,78%"
"06.02.2023","26,97","27,11","27,29","26,95","36,79K","-1,35%"
"03.02.2023","27,34","27,57","27,70","27,17","12,39K","-2,01%"
"02.02.2023","27,90","27,50","28,06","27,39","69,48K","2,54%"
"01.02.2023","27,21","26,92","27,39","26,53","21,26K","1,00%"
"31.01.2023","26,94","26,51","27,02","26,51","97,93K","1,62%"
"30.01.2023","26,51","26,95","27,11","26,50","123,91K","-2,72%"
"27.01.2023","27,25","26,79","27,38","26,79","20,95K","1,42%"
"26.01.2023","26,87","27,41","27,41","26,65","17,30K","-1,00%"
"25.01.2023","27,14","26,90","27,14","26,46","14,18K","0,33%"
"24.01.2023","27,05","26,70","27,16","26,70","29,93K","0,78%"
"23.01.2023","26,84","26,48","26,87","26,25","56,41K","2,01%"
"20.01.2023","26,31","26,11","26,38","26,04","18,59K","1,19%"
"19.01.2023","26,00","26,24","26,29","25,80","51,46K","-1,10%"
"18.01.2023","26,29","26,85","27,16","26,26","21,18K","-0,94%"
"17.01.2023","26,54","26,47","26,65","26,33","53,35K","-0,04%"
"13.01.2023","26,55","26,37","26,84","26,30","42,01K","-0,23%"
"12.01.2023","26,61","26,05","26,62","25,57","63,04K","2,42%"
"11.01.2023","25,98","25,94","25,99","25,63","27,31K","0,39%"
"10.01.2023","25,88","25,28","25,88","25,24","19,40K","1,85%"
"09.01.2023","25,41","26,01","26,01","25,37","23,42K","-0,97%"
"06.01.2023","25,66","25,60","25,91","25,10","30,82K","-0,12%"
"05.01.2023","25,69","25,67","25,75","25,45","21,13K","-0,96%"
"04.01.2023","25,94","25,31","26,01","25,31","96,51K","3,47%"
"03.01.2023","25,07","25,55","25,69","24,96","16,20K","-0,40%"
"30.12.2022","25,17","24,77","25,25","24,66","87,52K","0,36%"
"29.12.2022","25,08","24,50","25,30","24,47","54,86K","3,55%"
"28.12.2022","24,22","24,47","24,72","24,20","57,01K","-1,02%"
"27.12.2022","24,47","25,34","25,44","24,47","172,23K","-3,55%"
"23.12.2022","25,37","25,81","25,86","25,26","32,58K","-1,63%"
"22.12.2022","25,79","25,77","25,84","25,25","29,91K","-0,58%"
"21.12.2022","25,94","25,66","26,10","25,46","34,57K","1,85%"
"20.12.2022","25,47","25,31","25,67","25,24","30,07K","-0,12%"
"19.12.2022","25,50","26,44","26,44","25,48","40,17K","-3,23%"
"16.12.2022","26,35","26,41","26,45","25,98","33,19K","-0,94%"
"15.12.2022","26,60","27,22","27,22","26,57","33,64K","-3,83%"
"14.12.2022","27,66","27,58","28,00","27,38","43,05K","0,51%"
"13.12.2022","27,52","27,71","28,04","27,21","44,80K","2,76%"
"12.12.2022","26,78","26,70","26,78","26,40","28,02K","-0,11%"
"09.12.2022","26,81","27,14","27,27","26,81","17,92K","-1,97%"
"08.12.2022","27,35","27,06","27,35","26,88","32,86K","1,48%"
"07.12.2022","26,95","26,79","27,12","26,73","27,40K","0,11%"
"06.12.2022","26,92","27,49","27,55","26,69","60,78K","-3,24%"
"05.12.2022","27,82","28,36","28,36","27,67","28,12K","-2,18%"
"02.12.2022","28,44","27,59","28,51","27,59","104,04K","1,50%"
"01.12.2022","28,02","28,09","28,31","27,93","51,40K","-0,43%"
"30.11.2022","28,14","27,35","28,22","27,22","63,38K","3,84%"
"29.11.2022","27,10","27,13","27,44","27,01","34,95K","-0,15%"
"28.11.2022","27,14","27,22","27,63","27,01","33,82K","-0,30%"
"25.11.2022","27,22","27,26","27,34","27,15","13,27K","-0,47%"
"23.11.2022","27,35","27,26","27,57","27,19","29,25K","0,40%"
"22.11.2022","27,24","27,44","27,44","26,95","36,99K","-0,33%"
"21.11.2022","27,33","27,51","27,61","27,22","29,54K","-1,37%"
"18.11.2022","27,71","28,15","28,15","27,59","32,02K","-0,68%"
"17.11.2022","27,90","27,72","28,02","27,61","83,33K","-1,34%"
"16.11.2022","28,28","28,73","28,73","28,20","22,12K","-1,70%"
"15.11.2022","28,77","29,13","29,29","28,51","33,42K","0,00%"
"14.11.2022","28,77","28,88","29,28","28,76","39,74K","-0,83%"
"11.11.2022","29,01","28,15","29,21","28,11","57,42K","2,69%"
"10.11.2022","28,25","27,36","28,28","27,36","50,69K","6,89%"
"09.11.2022","26,43","26,71","26,96","26,37","22,89K","-1,97%"
"08.11.2022","26,96","26,89","27,49","26,72","33,39K","0,11%"
"07.11.2022","26,93","26,91","27,13","26,51","69,91K","-0,41%"
"04.11.2022","27,04","27,21","27,21","26,56","88,49K","1,24%"
"03.11.2022","26,71","26,19","26,96","25,86","68,96K","-0,71%"
"02.11.2022","26,90","27,36","28,03","26,88","97,40K","-1,68%"
"01.11.2022","27,36","27,56","27,88","27,30","18,94K","0,40%"
"31.10.2022","27,25","27,45","27,64","27,16","25,48K","-1,48%"
"28.10.2022","27,66","26,98","27,71","26,90","18,63K","2,83%"
"27.10.2022","26,90","27,30","27,32","26,85","17,28K","-1,36%"
"26.10.2022","27,27","26,73","27,84","26,73","26,67K","2,10%"
"25.10.2022","26,71","26,02","26,78","26,02","44,28K","2,89%"
"24.10.2022","25,96","26,00","26,06","25,35","36,27K","-0,35%"
"21.10.2022","26,05","25,27","26,07","25,19","47,33K","3,13%"
"20.10.2022","25,26","25,57","26,02","25,18","69,26K","-1,56%"
"19.10.2022","25,66","26,61","26,62","25,50","27,90K","-4,65%"
"18.10.2022","26,91","27,39","27,62","26,69","56,08K","-0,15%"
"17.10.2022","26,95","26,44","27,00","26,44","40,98K","3,26%"
"14.10.2022","26,10","26,95","27,23","26,10","45,09K","-2,17%"
"13.10.2022","26,68","25,54","26,86","25,47","72,16K","1,52%"
"12.10.2022","26,28","25,99","26,39","25,77","78,74K","1,82%"
"11.10.2022","25,81","25,86","26,46","25,38","38,32K","-0,42%"
"10.10.2022","25,92","26,23","26,23","25,75","258,46K","-1,67%"
"07.10.2022","26,36","27,12","27,12","26,25","29,28K","-4,35%"
"06.10.2022","27,56","27,43","27,73","27,31","19,90K","-0,36%"
"05.10.2022","27,66","27,45","27,76","27,02","24,06K","-0,47%"
"04.10.2022","27,79","27,21","27,82","27,21","20,49K","3,81%"
"03.10.2022","26,77","26,65","27,03","26,40","77,23K","1,44%"
"30.09.2022","26,39","26,27","27,18","26,27","36,90K","0,08%"
"29.09.2022","26,37","26,97","26,97","26,07","35,36K","-3,12%"
"28.09.2022","27,22","26,50","27,40","26,50","53,00K","3,26%"
"27.09.2022","26,36","26,09","26,65","26,09","59,25K","2,29%"
"26.09.2022","25,77","26,23","26,78","25,72","75,30K","-2,05%"
"23.09.2022","26,31","26,31","26,56","25,88","42,52K","-2,08%"
"22.09.2022","26,87","27,34","27,34","26,71","131,36K","-2,08%"
"21.09.2022","27,44","28,31","28,41","27,42","20,00K","-2,92%"
"20.09.2022","28,27","28,20","28,61","28,05","23,87K","-1,07%"
"19.09.2022","28,57","28,81","28,81","28,00","66,74K","-1,89%"
"16.09.2022","29,12","29,73","29,73","28,88","43,06K","-3,19%"
"15.09.2022","30,08","29,68","30,35","29,51","35,19K","1,31%"
"14.09.2022","29,69","29,40","29,79","29,20","26,04K","1,40%"
"13.09.2022","29,28","30,14","30,14","29,20","43,26K","-5,43%"
"12.09.2022","30,96","31,04","31,04","30,57","63,99K","0,32%"
"09.09.2022","30,86","30,76","31,03","30,54","24,34K","1,75%"
"08.09.2022","30,33","29,35","30,36","29,34","29,70K","2,78%"
"07.09.2022","29,51","28,45","29,55","28,43","65,85K","3,65%"
"06.09.2022","28,47","29,34","29,34","28,43","38,15K","-2,57%"
"02.09.2022","29,22","30,15","30,18","29,11","32,98K","-2,56%"
"01.09.2022","29,99","29,33","29,99","28,92","19,34K","1,04%"
"31.08.2022","29,68","29,88","30,11","29,51","27,35K","0,19%"
"30.08.2022","29,62","30,16","30,29","29,38","28,61K","-1,00%"
"29.08.2022","29,92","30,02","30,35","29,83","44,57K","-1,06%"
"26.08.2022","30,24","31,76","31,76","30,20","63,55K","-4,67%"
"25.08.2022","31,72","31,78","31,79","31,36","199,57K","0,57%"
"24.08.2022","31,54","30,95","31,69","30,75","14,74K","1,91%"
"23.08.2022","30,95","30,59","31,05","30,32","69,74K","1,24%"
"22.08.2022","30,57","30,71","31,21","30,43","31,15K","-1,58%"
"19.08.2022","31,06","31,30","31,48","30,98","24,84K","-2,23%"
"18.08.2022","31,77","32,42","32,42","31,49","33,24K","-1,91%"
"17.08.2022","32,39","33,14","33,17","32,19","20,48K","-3,72%"
"16.08.2022","33,64","34,51","34,51","33,38","77,40K","-2,69%"
"15.08.2022","34,57","34,11","34,62","33,92","62,84K","0,96%"
"12.08.2022","34,24","33,43","34,35","33,43","40,34K","3,16%"
"11.08.2022","33,19","34,10","34,53","33,11","29,66K","-2,90%"
"10.08.2022","34,18","33,10","34,20","32,71","76,74K","4,69%"
"09.08.2022","32,65","33,48","33,48","32,24","129,85K","-4,11%"
"08.08.2022","34,05","34,11","34,66","33,74","88,06K","0,12%"
"05.08.2022","34,01","33,23","34,01","32,88","26,95K","1,19%"
"04.08.2022","33,61","33,08","33,66","32,72","47,81K","1,63%"
"03.08.2022","33,07","32,27","33,58","32,27","66,20K","4,59%"
"02.08.2022","31,62","31,00","31,99","31,00","63,14K","1,57%"
"01.08.2022","31,13","31,46","31,91","31,06","79,42K","-1,67%"
"29.07.2022","31,66","32,11","32,11","31,35","27,37K","-1,83%"
"28.07.2022","32,25","32,51","32,51","31,30","215,79K","-0,77%"
"27.07.2022","32,50","32,07","32,62","31,64","145,36K","2,01%"
"26.07.2022","31,86","31,81","32,37","31,47","17,88K","-0,34%"
"25.07.2022","31,97","31,87","32,04","31,52","84,31K","0,22%"
"22.07.2022","31,90","33,18","33,19","31,88","20,40K","-3,65%"
"21.07.2022","33,11","33,04","33,31","32,90","27,09K","0,21%"
"20.07.2022","33,04","32,53","33,59","32,53","26,91K","1,66%"
"19.07.2022","32,50","31,49","32,57","31,29","44,74K","4,33%"
"18.07.2022","31,15","32,24","32,57","31,01","155,65K","-2,01%"
"15.07.2022","31,79","31,78","31,80","30,78","31,56K","1,34%"
"14.07.2022","31,37","31,94","32,01","31,07","33,96K","-3,21%"
"13.07.2022","32,41","31,36","32,63","31,30","22,09K","1,82%"
"12.07.2022","31,83","31,32","31,98","30,64","23,93K","1,08%"
"11.07.2022","31,49","32,48","32,50","31,40","79,84K","-3,70%"
"08.07.2022","32,70","32,25","32,90","32,18","22,99K","0,28%"
"07.07.2022","32,61","31,38","32,70","31,38","28,27K","4,25%"
"06.07.2022","31,28","31,45","31,94","30,97","54,10K","-0,54%"
"05.07.2022","31,45","29,29","31,45","29,29","63,42K","6,04%"
"01.07.2022","29,66","28,84","29,66","28,77","30,31K","2,63%"
"30.06.2022","28,90","28,71","29,20","28,17","116,22K","-0,65%"
"29.06.2022","29,09","29,06","29,21","28,64","73,81K","0,38%"
"28.06.2022","28,98","29,96","30,11","28,92","69,93K","-3,54%"
"27.06.2022","30,04","30,16","30,37","29,64","44,94K","-0,22%"
"24.06.2022","30,11","29,95","30,13","29,23","37,37K","2,35%"
"23.06.2022","29,42","27,92","29,43","27,92","38,05K","5,64%"
"22.06.2022","27,85","26,88","28,18","26,76","28,43K","2,94%"
"21.06.2022","27,06","26,67","27,47","26,67","50,20K","3,38%"
"17.06.2022","26,17","25,40","26,48","25,40","39,04K","3,23%"
"16.06.2022","25,35","25,36","25,38","24,84","29,40K","-1,48%"
"15.06.2022","25,73","25,31","25,87","25,15","47,24K","2,55%"
"14.06.2022","25,09","25,24","25,24","24,76","53,95K","-0,04%"
"13.06.2022","25,10","25,91","25,91","24,98","60,69K","-5,24%"
"10.06.2022","26,49","27,13","27,14","26,38","51,65K","-4,55%"
"09.06.2022","27,75","28,66","28,66","27,74","23,43K","-4,11%"
"08.06.2022","28,94","28,84","29,33","28,81","19,15K","0,35%"
"07.06.2022","28,84","27,79","28,86","27,75","60,22K","3,22%"
"06.06.2022","27,94","28,67","28,79","27,78","62,40K","-1,38%"
"03.06.2022","28,33","28,23","28,49","28,05","21,98K","-0,25%"
"02.06.2022","28,40","28,18","28,40","27,72","29,63K","1,03%"
"01.06.2022","28,11","28,81","28,86","27,90","31,90K","-1,95%"
"31.05.2022","28,67","29,14","29,14","28,41","32,99K","-2,22%"
"27.05.2022","29,32","28,76","29,33","28,48","34,60K","1,21%"
"26.05.2022","28,97","28,70","29,13","28,65","45,50K","1,12%"
"25.05.2022","28,65","28,45","28,74","28,27","21,70K","0,67%"
"24.05.2022","28,46","28,98","28,98","28,33","33,31K","-2,67%"
"23.05.2022","29,24","29,27","29,47","29,11","21,90K","0,76%"
"20.05.2022","29,02","29,17","29,26","28,25","103,98K","0,48%"
"19.05.2022","28,88","28,35","29,23","28,35","31,45K","2,05%"
"18.05.2022","28,30","28,76","28,91","28,17","28,46K","-2,85%"
"17.05.2022","29,13","28,67","29,13","28,53","39,02K","2,97%"
"16.05.2022","28,29","28,51","28,91","28,28","31,93K","-1,15%"
"13.05.2022","28,62","27,75","28,83","27,75","53,26K","4,45%"
"12.05.2022","27,40","26,46","27,63","26,46","66,65K","2,78%"
"11.05.2022","26,66","27,73","27,92","26,60","70,76K","-6,13%"
"10.05.2022","28,40","27,95","28,75","27,75","46,08K","2,97%"
"09.05.2022","27,58","28,78","28,78","27,49","96,67K","-4,99%"
"06.05.2022","29,03","29,60","29,60","28,66","86,10K","-2,26%"
"05.05.2022","29,70","30,95","30,95","29,39","103,34K","-4,78%"
"04.05.2022","31,19","30,72","31,26","29,76","30,01K","1,89%"
"03.05.2022","30,61","30,59","30,85","30,38","31,18K","0,43%"
"02.05.2022","30,48","29,62","30,54","29,60","60,83K","2,45%"
"29.04.2022","29,75","30,76","31,03","29,66","33,76K","-2,01%"
"28.04.2022","30,36","30,38","30,61","29,45","305,03K","0,23%"
"27.04.2022","30,29","30,49","30,75","30,25","41,80K","-0,56%"
"26.04.2022","30,46","31,76","31,76","30,36","138,57K","-4,33%"
"25.04.2022","31,84","31,32","31,86","31,00","92,59K","1,56%"
"22.04.2022","31,35","31,71","32,01","31,33","15,23K","-1,54%"
"21.04.2022","31,84","32,99","33,07","31,79","32,47K","-2,75%"
"20.04.2022","32,74","32,80","33,08","32,38","46,17K","-0,21%"
"19.04.2022","32,81","32,59","33,12","32,46","25,29K","0,21%"
"18.04.2022","32,74","33,92","33,92","32,62","28,10K","-2,99%"
"14.04.2022","33,75","34,52","34,52","33,75","21,01K","-2,17%"
"13.04.2022","34,50","33,60","34,52","33,60","30,13K","2,77%"
"12.04.2022","33,57","34,03","34,25","33,31","32,47K","-0,56%"
"11.04.2022","33,76","34,31","34,38","33,76","42,55K","-2,82%"
"08.04.2022","34,74","34,85","35,15","34,50","67,78K","-0,29%"
"07.04.2022","34,84","34,72","35,01","34,46","54,84K","0,55%"
"06.04.2022","34,65","34,35","34,84","34,09","63,38K","-0,72%"
"05.04.2022","34,90","35,77","36,09","34,81","40,79K","-2,81%"
"04.04.2022","35,91","35,38","35,94","35,35","35,35K","2,10%"
"01.04.2022","35,17","34,55","35,21","34,55","21,03K","2,09%"
"31.03.2022","34,45","34,85","35,01","34,45","17,60K","-1,20%"
"30.03.2022","34,87","35,47","35,83","34,82","37,72K","-1,41%"
"29.03.2022","35,37","34,93","35,50","34,78","73,31K","3,33%"
"28.03.2022","34,23","33,90","34,39","33,68","32,28K","0,03%"
"25.03.2022","34,22","34,87","34,87","34,08","60,54K","-1,80%"
"24.03.2022","34,85","34,26","34,86","34,00","17,38K","1,62%"
"23.03.2022","34,29","34,89","35,09","34,28","37,60K","-2,35%"
"22.03.2022","35,11","34,41","35,22","34,41","31,42K","2,02%"
"21.03.2022","34,42","35,21","35,21","34,28","30,52K","-2,27%"
"18.03.2022","35,22","34,12","35,38","34,12","23,22K","2,41%"
"17.03.2022","34,39","33,16","34,44","33,16","42,98K","2,72%"
"16.03.2022","33,48","32,26","33,48","32,26","40,18K","5,25%"
"15.03.2022","31,81","31,49","31,87","31,28","55,51K","1,43%"
"14.03.2022","31,36","32,00","32,47","31,22","71,08K","-1,97%"
"11.03.2022","31,99","33,03","33,32","31,95","107,48K","-2,62%"
"10.03.2022","32,85","32,54","32,93","32,28","38,53K","-0,90%"
"09.03.2022","33,15","32,40","33,21","32,28","118,35K","4,51%"
"08.03.2022","31,72","31,59","32,53","31,03","64,95K","0,28%"
"07.03.2022","31,63","32,08","32,37","31,50","48,40K","-1,86%"
"04.03.2022","32,23","32,69","33,05","31,99","45,33K","-2,83%"
"03.03.2022","33,17","34,32","34,42","32,97","77,67K","-3,25%"
"02.03.2022","34,28","34,20","34,50","33,72","107,95K","0,12%"
"01.03.2022","34,24","34,54","35,02","34,01","46,27K","-1,55%"
"28.02.2022","34,78","34,12","35,17","34,12","47,97K","0,17%"
"25.02.2022","34,72","34,19","34,72","33,62","44,68K","2,33%"
"24.02.2022","33,93","31,94","33,98","31,75","109,31K","3,48%"
"23.02.2022","32,79","33,70","33,85","32,73","45,53K","-1,97%"
"22.02.2022","33,45","33,42","33,96","33,25","86,67K","-1,47%"
"18.02.2022","33,95","34,22","34,55","33,63","47,22K","-1,14%"
"17.02.2022","34,34","35,25","35,27","34,26","43,49K","-3,54%"
"16.02.2022","35,60","35,53","35,86","35,20","49,89K","-0,84%"
"15.02.2022","35,90","34,78","36,00","34,78","85,78K","4,33%"
"14.02.2022","34,41","34,69","34,95","34,27","37,83K","-1,71%"
"11.02.2022","35,01","35,51","36,28","34,78","45,23K","-1,57%"
"10.02.2022","35,57","35,98","36,88","35,24","74,46K","-2,68%"
"09.02.2022","36,55","35,68","36,58","35,68","51,07K","3,16%"
"08.02.2022","35,43","35,65","35,73","34,95","49,27K","-1,42%"
"07.02.2022","35,94","35,56","36,32","35,53","44,24K","1,35%"
"04.02.2022","35,46","35,02","35,71","34,78","55,68K","0,20%"
"03.02.2022","35,39","35,42","36,00","35,30","169,74K","-2,05%"
"02.02.2022","36,13","37,01","37,01","35,75","113,92K","-2,19%"
"01.02.2022","36,94","36,57","37,00","36,00","119,80K","1,74%"
"31.01.2022","36,31","34,90","36,34","34,82","155,37K","4,76%"
"28.01.2022","34,66","33,53","34,69","33,09","160,90K","3,40%"
"27.01.2022","33,52","34,68","35,01","33,51","102,27K","-2,76%"
"26.01.2022","34,47","35,64","36,19","34,28","183,43K","-0,95%"
"25.01.2022","34,80","34,71","35,34","34,29","142,91K","-1,02%"
"24.01.2022","35,16","34,25","35,22","33,00","190,58K","1,06%"
"21.01.2022","34,79","35,06","35,67","34,74","149,15K","-1,50%"
"20.01.2022","35,32","35,85","36,71","35,30","77,20K","-0,95%"
"19.01.2022","35,66","36,30","36,66","35,57","216,97K","-1,33%"
"18.01.2022","36,14","37,29","37,62","36,11","247,17K","-4,89%"
"14.01.2022","38,00","37,38","38,04","37,02","78,95K","0,64%"
"13.01.2022","37,76","39,06","39,12","37,61","88,23K","-3,82%"
"12.01.2022","39,26","40,14","40,34","39,23","153,20K","-1,69%"
"11.01.2022","39,94","39,65","40,21","39,47","62,93K","0,57%"
"10.01.2022","39,71","38,96","39,72","38,56","153,03K","0,10%"
"07.01.2022","39,67","39,69","40,56","39,55","45,59K","-0,18%"
"06.01.2022","39,74","40,09","40,23","38,95","133,04K","-0,70%"
"05.01.2022","40,02","41,98","42,14","39,99","145,05K","-4,94%"
"04.01.2022","42,10","42,56","43,39","41,66","171,66K","-4,06%"
"03.01.2022","43,88","43,51","43,93","42,93","88,66K","0,16%"
"31.12.2021","43,81","44,13","44,81","43,78","71,64K","-1,35%"
"30.12.2021","44,41","44,00","44,96","44,00","160,98K","1,00%"
"29.12.2021","43,97","43,78","44,07","43,50","113,59K","-0,05%"
"28.12.2021","43,99","44,57","45,22","43,92","129,58K","-1,30%"
"27.12.2021","44,57","45,53","45,53","44,40","134,92K","-2,13%"
"23.12.2021","45,54","45,50","45,70","44,85","77,51K","0,27%"
"22.12.2021","45,42","45,38","45,63","44,83","64,49K","-0,32%"
"21.12.2021","45,56","45,57","45,67","44,90","107,62K","-0,28%"
"20.12.2021","45,69","46,21","46,31","45,35","140,27K","-0,87%"
"17.12.2021","46,09","44,48","46,17","44,00","103,60K","2,95%"
"16.12.2021","44,77","45,80","46,13","44,52","111,06K","-1,69%"
"15.12.2021","45,54","44,12","45,59","43,83","118,62K","3,27%"
"14.12.2021","44,10","43,96","44,42","43,40","207,00K","-0,72%"
"13.12.2021","44,42","44,11","44,78","43,79","74,49K","0,05%"
"10.12.2021","44,40","44,85","45,09","44,33","96,76K","-1,49%"
"09.12.2021","45,07","46,45","46,45","45,05","62,13K","-2,51%"
"08.12.2021","46,23","45,86","46,41","45,04","66,34K","1,31%"
"07.12.2021","45,63","43,72","45,83","43,72","137,81K","5,55%"
"06.12.2021","43,23","43,92","44,10","42,45","108,41K","-2,68%"
"03.12.2021","44,42","46,58","46,58","44,10","113,16K","-3,52%"
"02.12.2021","46,04","45,91","46,39","45,41","68,81K","0,57%"
"01.12.2021","45,78","47,61","47,62","45,67","126,90K","-3,50%"
"30.11.2021","47,44","47,09","47,81","46,47","86,21K","0,06%"
"29.11.2021","47,41","47,94","48,24","47,27","55,31K","-0,04%"
"26.11.2021","47,43","47,25","48,21","47,03","53,52K","1,91%"
"24.11.2021","46,54","46,11","46,64","45,61","52,77K","0,26%"
"23.11.2021","46,42","46,83","46,87","45,57","59,34K","-1,31%"
"22.11.2021","47,04","47,84","47,84","46,97","86,81K","-1,38%"
"19.11.2021","47,70","47,75","48,08","47,54","36,21K","0,08%"
"18.11.2021","47,66","48,24","48,35","47,53","47,36K","-0,49%"
"17.11.2021","47,90","48,22","48,25","47,69","41,03K","-0,47%"
"16.11.2021","48,12","47,79","48,18","47,43","80,36K","0,77%"
"15.11.2021","47,75","48,31","48,31","47,75","76,26K","-0,67%"
"12.11.2021","48,07","48,25","48,25","47,60","38,85K","0,38%"
"11.11.2021","47,89","48,01","48,16","47,75","46,28K","-0,15%"
"10.11.2021","47,96","48,70","49,25","47,84","47,58K","-1,50%"
"09.11.2021","48,69","49,58","49,58","48,61","57,05K","-1,66%"
"08.11.2021","49,51","49,50","49,90","49,41","54,71K","0,88%"
"05.11.2021","49,08","49,49","49,66","48,46","109,74K","-2,68%"
"04.11.2021","50,43","50,94","50,94","50,13","74,83K","-1,79%"
"03.11.2021","51,35","50,92","51,35","50,46","47,53K","0,98%"
"02.11.2021","50,85","50,60","50,86","49,99","44,59K","0,69%"
"01.11.2021","50,50","49,92","50,50","49,48","63,91K","1,63%"
"29.10.2021","49,69","50,09","50,09","49,56","107,14K","-1,00%"
"28.10.2021","50,19","49,14","50,27","48,88","45,62K","2,32%"
"27.10.2021","49,05","49,92","49,92","49,05","60,69K","-1,60%"
"26.10.2021","49,85","50,15","50,35","49,75","46,88K","-0,28%"
"25.10.2021","49,99","49,46","50,08","49,20","64,47K","1,15%"
"22.10.2021","49,42","49,66","49,92","48,83","88,32K","-0,62%"
"21.10.2021","49,73","49,41","49,96","49,41","47,29K","0,87%"
"20.10.2021","49,30","49,58","49,73","49,20","48,11K","0,10%"
"19.10.2021","49,25","48,67","49,44","48,67","40,51K","1,63%"
"18.10.2021","48,46","48,39","48,55","48,27","50,07K","-0,33%"
"15.10.2021","48,62","49,34","49,34","48,59","49,14K","-0,89%"
"14.10.2021","49,06","48,56","49,30","48,55","77,95K","2,05%"
"13.10.2021","48,07","47,79","48,27","47,79","39,30K","0,40%"
"12.10.2021","47,88","47,63","48,17","47,63","40,33K","1,25%"
"11.10.2021","47,29","47,29","47,80","46,93","69,57K","0,13%"
"08.10.2021","47,23","48,07","48,07","46,95","72,82K","-1,75%"
"07.10.2021","48,07","47,69","48,57","47,33","51,90K","1,22%"
"06.10.2021","47,49","47,86","47,99","47,31","39,60K","-1,78%"
"05.10.2021","48,35","48,36","48,97","48,25","71,40K","0,62%"
"04.10.2021","48,05","49,16","49,16","47,92","85,21K","-3,28%"
"01.10.2021","49,68","50,12","50,14","48,48","86,78K","-2,03%"
"30.09.2021","50,71","50,96","51,23","50,65","45,46K","0,68%"
"29.09.2021","50,37","51,45","51,48","50,31","37,64K","-1,27%"
"28.09.2021","51,02","52,25","52,25","50,87","62,14K","-3,54%"
"27.09.2021","52,89","53,30","53,45","52,51","57,47K","-1,14%"
"24.09.2021","53,50","54,81","54,81","53,47","60,48K","-3,10%"
"23.09.2021","55,21","54,69","55,31","54,58","49,10K","1,30%"
"22.09.2021","54,50","54,77","54,87","54,26","51,57K","-0,06%"
"21.09.2021","54,53","54,06","54,94","54,06","42,64K","1,85%"
"20.09.2021","53,54","54,24","54,26","53,04","76,12K","-3,01%"
"17.09.2021","55,20","54,43","55,20","53,71","43,71K","1,56%"
"16.09.2021","54,35","54,16","54,46","53,48","75,85K","0,41%"
"15.09.2021","54,13","53,97","54,28","53,52","63,73K","1,18%"
"14.09.2021","53,50","53,76","54,58","53,39","38,35K","-0,41%"
"13.09.2021","53,72","55,05","55,05","53,35","67,08K","-1,95%"
"10.09.2021","54,79","55,13","55,18","54,73","33,93K","0,59%"
"09.09.2021","54,47","54,19","55,43","54,19","81,94K","0,70%"
"08.09.2021","54,09","54,83","54,84","53,73","36,88K","-1,49%"
"07.09.2021","54,91","55,19","55,55","54,71","48,31K","-0,42%"
"03.09.2021","55,14","55,31","55,38","54,76","46,84K","-0,59%"
"02.09.2021","55,47","55,10","55,47","54,75","84,89K","1,43%"
"01.09.2021","54,69","54,18","54,86","54,06","67,32K","1,52%"
"31.08.2021","53,87","53,69","54,13","53,44","41,37K","0,82%"
"30.08.2021","53,43","54,01","54,01","53,30","41,48K","-0,47%"
"27.08.2021","53,68","53,46","54,30","53,09","35,98K","0,73%"
"26.08.2021","53,29","53,68","54,18","53,16","38,23K","-0,89%"
"25.08.2021","53,77","53,52","53,98","53,30","45,95K","0,39%"
"24.08.2021","53,56","53,64","53,64","52,82","54,19K","0,00%"
"23.08.2021","53,56","52,36","53,62","52,32","70,81K","4,10%"
"20.08.2021","51,45","50,68","51,71","50,36","43,33K","1,26%"
"19.08.2021","50,81","51,56","51,84","50,81","65,27K","-2,42%"
"18.08.2021","52,07","52,55","52,75","51,86","39,16K","-0,52%"
"17.08.2021","52,34","50,99","52,34","50,71","41,86K","1,49%"
"16.08.2021","51,57","52,45","52,45","50,67","49,45K","-2,16%"
"13.08.2021","52,71","53,47","53,50","52,60","46,22K","-0,77%"
"12.08.2021","53,12","52,64","53,29","52,42","47,35K","1,63%"
"11.08.2021","52,27","53,57","53,57","51,71","70,48K","-2,19%"
"10.08.2021","53,44","55,05","55,25","53,31","56,84K","-2,73%"
"09.08.2021","54,94","54,09","55,13","53,91","60,77K","2,25%"
"08.08.2021","53,73","53,73","53,73","53,73","","0,00%"
"07.08.2021","53,73","53,73","53,73","53,73","","0,00%"
"06.08.2021","53,73","54,45","54,45","53,00","54,95K","-1,18%"
"05.08.2021","54,37","52,79","54,37","52,32","68,03K","3,56%"
"04.08.2021","52,50","51,13","52,70","51,13","43,73K","2,78%"
"03.08.2021","51,08","50,56","51,11","49,98","32,03K","1,63%"
"02.08.2021","50,26","50,47","50,67","50,07","120,83K","0,30%"
"30.07.2021","50,11","49,86","50,43","49,86","42,60K","0,16%"
"29.07.2021","50,03","50,42","50,52","49,80","107,53K","0,04%"
"28.07.2021","50,01","48,56","50,25","48,49","184,12K","3,31%"
"27.07.2021","48,41","48,92","48,92","47,38","93,59K","-0,91%"
"26.07.2021","48,85","49,70","50,00","48,55","81,95K","-1,91%"
"23.07.2021","49,80","50,06","50,09","49,29","50,12K","-0,33%"
"22.07.2021","49,97","50,05","50,42","49,70","46,11K","-0,06%"
"21.07.2021","50,00","49,31","50,15","48,83","44,74K","1,13%"
"20.07.2021","49,44","48,88","49,51","48,55","91,25K","1,42%"
"19.07.2021","48,75","47,50","48,98","47,50","95,48K","1,23%"
"16.07.2021","48,16","48,35","48,58","47,90","54,57K","-0,08%"
"15.07.2021","48,20","48,18","48,38","47,55","61,34K","0,10%"
"14.07.2021","48,15","49,00","49,08","48,03","53,07K","-1,31%"
"13.07.2021","48,79","49,65","49,70","48,77","223,27K","-2,15%"
"12.07.2021","49,86","50,69","50,90","49,84","54,68K","-1,38%"
"09.07.2021","50,56","50,37","50,70","49,59","33,18K","1,28%"
"08.07.2021","49,92","48,87","50,11","48,41","58,93K","0,52%"
"07.07.2021","49,66","50,81","50,81","49,48","29,70K","-1,74%"
"06.07.2021","50,54","51,67","51,67","50,43","69,03K","-2,83%"
"05.07.2021","52,01","52,01","52,01","52,01","","0,00%"
"04.07.2021","52,01","52,01","52,01","52,01","","0,00%"
"03.07.2021","52,01","52,01","52,01","52,01","","0,00%"
"02.07.2021","52,01","52,58","52,58","51,61","104,60K","-1,03%"
"01.07.2021","52,55","52,10","52,63","51,41","311,35K","1,00%"
"30.06.2021","52,03","51,45","53,00","51,21","41,28K","0,74%"
"29.06.2021","51,65","51,39","51,82","50,92","129,56K","0,47%"
"28.06.2021","51,41","52,00","52,40","51,25","159,53K","1,94%"
"25.06.2021","50,43","50,16","50,49","49,90","25,30K","0,68%"
"24.06.2021","50,09","49,48","50,15","49,48","56,74K","2,14%"
"23.06.2021","49,04","48,88","49,43","48,82","22,65K","-0,08%"
"22.06.2021","49,08","48,85","49,08","48,40","27,84K","0,78%"
"21.06.2021","48,70","47,92","48,76","47,76","21,79K","1,71%"
"18.06.2021","47,88","47,86","48,05","47,49","32,85K","-0,99%"
"17.06.2021","48,36","47,74","48,61","47,67","33,04K","1,30%"
"16.06.2021","47,74","48,39","48,74","46,88","65,29K","-1,69%"
"15.06.2021","48,56","49,65","49,65","48,27","27,56K","-2,06%"
"14.06.2021","49,58","50,00","50,28","49,37","43,57K","-0,42%"
"11.06.2021","49,79","49,70","49,85","49,42","40,01K","0,34%"
"10.06.2021","49,62","49,04","49,69","48,66","50,58K","1,18%"
"09.06.2021","49,04","48,18","49,35","48,18","61,32K","2,36%"
"08.06.2021","47,91","48,42","48,60","47,14","36,54K","-0,32%"
"07.06.2021","48,07","47,05","48,53","46,97","66,37K","2,53%"
"04.06.2021","46,88","46,52","47,10","46,41","26,02K","1,58%"
"03.06.2021","46,15","46,18","46,55","45,75","32,74K","-1,14%"
"02.06.2021","46,68","46,65","46,92","46,26","45,14K","0,30%"
"01.06.2021","46,54","47,30","47,30","46,34","54,88K","-0,62%"
"28.05.2021","46,83","46,50","47,55","46,50","46,71K","0,95%"
"27.05.2021","46,39","46,54","46,54","45,99","23,63K","-0,22%"
"26.05.2021","46,49","46,05","46,50","45,90","24,51K","1,40%"
"25.05.2021","45,85","46,09","46,23","45,75","27,57K","-0,11%"
"24.05.2021","45,90","46,29","46,54","45,85","28,03K","-0,15%"
"21.05.2021","45,97","46,76","46,77","45,93","35,41K","-0,97%"
"20.05.2021","46,42","45,46","46,66","45,46","36,72K","2,72%"
"19.05.2021","45,19","44,91","45,39","44,67","33,79K","-1,33%"
"18.05.2021","45,80","45,54","46,67","45,50","33,88K","0,50%"
"17.05.2021","45,57","45,00","45,57","44,95","35,65K","1,01%"
"14.05.2021","45,12","43,87","45,25","43,78","32,08K","3,40%"
"13.05.2021","43,63","44,17","44,52","42,84","74,23K","-0,37%"
"12.05.2021","43,79","44,37","44,73","43,76","59,02K","-2,10%"
"11.05.2021","44,73","42,96","45,23","42,50","91,18K","0,93%"
"10.05.2021","44,32","45,55","45,75","44,29","75,17K","-2,68%"
"07.05.2021","45,54","44,91","46,18","44,85","76,55K","2,61%"
"06.05.2021","44,38","44,03","44,49","43,47","98,63K","-0,89%"
"05.05.2021","44,78","45,55","46,01","44,55","50,41K","-1,58%"
"04.05.2021","45,50","47,35","47,35","45,26","98,62K","-4,43%"
"03.05.2021","47,61","48,13","48,31","47,49","110,41K","-0,71%"
"30.04.2021","47,95","47,91","48,74","47,72","41,45K","-0,04%"
"29.04.2021","47,97","48,84","49,00","47,61","49,72K","-1,32%"
"28.04.2021","48,61","48,12","48,87","47,78","85,81K","0,44%"
"27.04.2021","48,40","48,57","48,77","48,04","47,07K","-0,24%"
"26.04.2021","48,51","47,09","48,66","47,05","54,30K","3,02%"
"23.04.2021","47,09","47,03","47,35","46,61","46,46K","0,41%"
"22.04.2021","46,90","46,68","47,85","46,43","56,22K","0,49%"
"21.04.2021","46,67","45,33","46,71","45,04","55,73K","2,73%"
"20.04.2021","45,43","45,11","45,82","44,57","39,79K","0,24%"
"19.04.2021","45,32","45,59","46,24","44,97","52,40K","-1,50%"
"16.04.2021","46,01","46,33","46,43","45,68","52,75K","-0,78%"
"15.04.2021","46,37","46,22","46,76","46,07","81,56K","1,02%"
"14.04.2021","45,90","45,14","46,52","45,14","78,70K","2,16%"
"13.04.2021","44,93","43,90","45,02","43,90","48,29K","2,53%"
"12.04.2021","43,82","44,37","44,43","43,45","46,55K","-1,64%"
"09.04.2021","44,55","44,83","44,83","44,27","29,70K","-0,49%"
"08.04.2021","44,77","44,46","45,18","44,46","73,06K","0,79%"
"07.04.2021","44,42","45,53","45,57","44,33","46,82K","-3,25%"
"06.04.2021","45,91","46,43","46,75","45,83","122,00K","-1,08%"
"05.04.2021","46,41","46,26","46,66","46,06","75,43K","0,63%"
"01.04.2021","46,12","46,17","47,07","45,92","73,22K","0,90%"
"31.03.2021","45,71","44,00","46,00","44,00","66,39K","4,38%"
"30.03.2021","43,79","43,12","44,13","42,70","67,31K","0,83%"
"29.03.2021","43,43","44,09","44,15","43,21","77,40K","-1,85%"
"26.03.2021","44,25","44,63","44,73","43,25","60,38K","-0,49%"
"25.03.2021","44,47","43,65","44,60","42,82","87,07K","1,16%"
"24.03.2021","43,96","46,01","46,24","43,86","77,20K","-4,81%"
"23.03.2021","46,18","48,17","48,17","46,04","65,13K","-3,91%"
"22.03.2021","48,06","47,50","48,50","47,50","47,41K","1,84%"
"19.03.2021","47,19","46,23","47,22","46,14","137,26K","2,41%"
"18.03.2021","46,08","47,80","47,80","46,01","73,15K","-3,90%"
"17.03.2021","47,95","46,97","48,44","46,42","53,13K","0,67%"
"16.03.2021","47,63","48,04","48,46","46,85","72,19K","-0,56%"
"15.03.2021","47,90","47,68","47,98","47,20","51,82K","1,29%"
"12.03.2021","47,29","47,17","47,34","46,16","91,50K","-0,71%"
"11.03.2021","47,63","46,76","47,75","46,25","127,80K","4,43%"
"10.03.2021","45,61","45,82","46,64","45,41","82,79K","0,91%"
"09.03.2021","45,20","43,82","45,61","43,60","55,60K","6,00%"
"08.03.2021","42,64","43,69","44,29","42,34","185,04K","-2,40%"
"05.03.2021","43,69","43,59","43,74","40,84","185,48K","1,02%"
"04.03.2021","43,25","44,31","44,84","42,46","170,88K","-2,81%"
"03.03.2021","44,50","46,24","46,52","44,35","142,66K","-5,26%"
"02.03.2021","46,97","48,00","48,00","46,95","73,87K","-3,21%"
"01.03.2021","48,53","47,91","48,70","47,86","62,05K","3,23%"
"26.02.2021","47,01","47,27","47,85","45,99","79,75K","0,06%"
"25.02.2021","46,98","48,40","49,10","46,54","142,28K","-2,83%"
"24.02.2021","48,35","47,91","48,73","47,47","71,31K","0,39%"
"23.02.2021","48,16","48,36","48,58","45,77","153,99K","-2,79%"
"22.02.2021","49,54","51,24","51,24","49,39","109,78K","-4,05%"
"19.02.2021","51,63","51,14","52,32","50,97","51,46K","2,10%"
"18.02.2021","50,57","51,10","51,12","50,00","130,70K","-2,79%"
"17.02.2021","52,02","51,68","52,04","50,50","166,86K","0,52%"
"16.02.2021","51,75","53,10","53,24","51,63","136,82K","-2,40%"
"12.02.2021","53,02","52,95","53,21","52,22","73,67K","0,26%"
"11.02.2021","52,88","53,68","53,76","52,49","190,66K","-0,84%"
"10.02.2021","53,33","54,95","55,03","52,61","125,91K","-1,79%"
"09.02.2021","54,30","54,82","54,84","54,17","118,67K","-0,97%"
"08.02.2021","54,83","53,74","54,83","53,55","141,98K","2,87%"
"05.02.2021","53,30","52,59","53,35","52,29","76,57K","1,37%"
"04.02.2021","52,58","52,46","52,82","51,85","103,67K","1,29%"
"03.02.2021","51,91","52,79","52,96","51,87","69,34K","-1,78%"
"02.02.2021","52,85","52,69","52,95","51,86","71,78K","2,01%"
"01.02.2021","51,81","51,80","51,86","50,85","89,14K","2,90%"
"29.01.2021","50,35","50,50","51,30","49,50","66,60K","0,04%"
"28.01.2021","50,33","50,47","51,01","49,87","53,80K","0,72%"
"27.01.2021","49,97","50,14","51,94","49,03","120,70K","-2,04%"
"26.01.2021","51,01","52,21","52,57","50,94","116,95K","-2,22%"
"25.01.2021","52,17","52,00","52,36","50,95","107,17K","1,36%"
"22.01.2021","51,47","50,72","51,58","50,50","50,80K","1,28%"
"21.01.2021","50,82","52,13","52,38","50,82","81,97K","-2,64%"
"20.01.2021","52,20","52,68","52,89","52,09","74,19K","-0,63%"
"19.01.2021","52,53","51,87","52,58","51,51","100,42K","2,36%"
"15.01.2021","51,32","51,78","52,68","50,92","95,52K","-0,81%"
"14.01.2021","51,74","50,30","51,82","50,30","96,90K","4,17%"
"13.01.2021","49,67","49,50","50,29","49,43","95,78K","0,26%"
"12.01.2021","49,54","49,10","50,06","49,10","106,27K","1,04%"
"11.01.2021","49,03","49,04","49,32","48,09","79,29K","-0,63%"
"08.01.2021","49,34","49,27","50,40","48,50","76,33K","-0,94%"
"07.01.2021","49,81","48,08","49,89","48,00","67,93K","5,13%"
"06.01.2021","47,38","46,35","48,22","46,21","90,68K","1,72%"
"05.01.2021","46,58","46,08","46,58","46,02","111,39K","0,80%"
"04.01.2021","46,21","46,26","46,76","45,60","99,52K","0,59%"
"31.12.2020","45,94","47,12","47,12","45,78","70,97K","-2,10%"
"30.12.2020","46,93","46,91","47,54","46,83","70,12K","0,75%"
"29.12.2020","46,58","48,21","48,21","45,94","126,78K","-3,70%"
"28.12.2020","48,37","49,89","50,00","48,26","84,67K","-1,94%"
"24.12.2020","49,33","50,26","50,39","49,29","30,61K","-1,52%"
"23.12.2020","50,09","50,17","50,26","48,90","61,37K","-0,02%"
"22.12.2020","50,10","49,92","50,49","49,69","77,13K","0,99%"
"21.12.2020","49,61","48,09","49,92","47,75","74,67K","2,10%"
"18.12.2020","48,59","48,91","48,99","48,45","75,12K","-0,12%"
"17.12.2020","48,65","48,58","48,68","48,12","79,72K","0,93%"
"16.12.2020","48,20","48,74","48,74","47,91","58,44K","-1,25%"
"15.12.2020","48,81","49,78","49,78","48,26","116,60K","-1,25%"
"14.12.2020","49,43","50,42","51,05","49,37","209,16K","0,57%"
"11.12.2020","49,15","49,30","49,59","48,58","70,66K","-0,49%"
"10.12.2020","49,39","47,20","49,44","47,20","88,13K","4,00%"
"09.12.2020","47,49","48,67","48,99","46,88","132,42K","-2,02%"
"08.12.2020","48,47","47,77","48,49","47,54","124,18K","2,39%"
"07.12.2020","47,34","46,79","48,10","46,78","114,85K","2,40%"
"04.12.2020","46,23","45,97","46,46","45,78","51,06K","0,87%"
"03.12.2020","45,83","45,24","45,83","45,08","56,33K","1,94%"
"02.12.2020","44,96","45,02","45,07","44,21","50,81K","-0,11%"
"01.12.2020","45,01","45,67","46,14","44,77","70,73K","0,69%"
"30.11.2020","44,70","44,57","44,80","43,73","61,14K","2,22%"
"27.11.2020","43,73","42,63","43,79","42,57","37,64K","4,37%"
"25.11.2020","41,90","41,80","41,93","41,56","44,90K","0,94%"
"24.11.2020","41,51","42,18","42,18","41,41","63,60K","-0,98%"
"23.11.2020","41,92","42,05","42,14","41,43","44,57K","0,87%"
"20.11.2020","41,56","41,41","41,68","41,10","202,62K","0,63%"
"19.11.2020","41,30","41,17","41,51","40,92","44,81K","0,66%"
"18.11.2020","41,03","41,82","42,04","41,03","56,72K","-1,68%"
"17.11.2020","41,73","41,60","41,76","41,10","34,82K","-0,62%"
"16.11.2020","41,99","42,37","42,39","41,63","58,94K","0,72%"
"13.11.2020","41,69","41,52","41,85","41,47","37,57K","0,94%"
"12.11.2020","41,30","41,30","41,81","41,08","34,58K","0,15%"
"11.11.2020","41,24","40,88","41,26","40,63","31,77K","1,87%"
"10.11.2020","40,48","40,14","40,63","39,64","42,77K","0,09%"
"09.11.2020","40,45","41,42","41,42","40,29","50,29K","-0,28%"
"06.11.2020","40,56","41,03","41,03","40,41","29,59K","-2,10%"
"05.11.2020","41,43","41,44","41,64","40,97","29,91K","1,24%"
"04.11.2020","40,92","39,13","41,27","39,13","74,61K","4,92%"
"03.11.2020","39,00","38,63","39,18","38,46","28,22K","2,20%"
"02.11.2020","38,16","38,43","38,51","37,44","39,69K","0,61%"
"30.10.2020","37,93","38,71","38,79","37,63","51,30K","-3,36%"
"29.10.2020","39,25","38,81","39,44","38,50","39,30K","1,13%"
"28.10.2020","38,81","39,36","39,36","38,76","52,43K","-2,95%"
"27.10.2020","39,99","39,61","40,02","39,40","27,82K","1,16%"
"26.10.2020","39,53","39,61","40,15","39,20","54,89K","-0,33%"
"23.10.2020","39,66","40,00","40,00","39,40","28,00K","0,03%"
"22.10.2020","39,65","39,28","39,83","39,28","24,10K","1,28%"
"21.10.2020","39,15","40,02","40,12","39,10","39,19K","-2,61%"
"20.10.2020","40,20","40,80","40,89","40,20","60,53K","-1,18%"
"19.10.2020","40,68","41,74","41,78","40,57","86,78K","-1,86%"
"16.10.2020","41,45","41,24","41,81","41,24","35,45K","0,85%"
"15.10.2020","41,10","40,85","41,23","40,57","27,03K","-0,80%"
"14.10.2020","41,43","42,17","42,38","41,43","64,36K","-1,61%"
"13.10.2020","42,11","41,40","42,23","41,40","47,28K","1,25%"
"12.10.2020","41,59","41,86","41,95","41,40","40,69K","0,58%"
"09.10.2020","41,35","41,16","41,41","40,84","40,22K","1,27%"
"08.10.2020","40,83","41,00","41,00","40,68","34,93K","0,81%"
"07.10.2020","40,50","40,14","40,68","39,85","36,71K","2,40%"
"06.10.2020","39,55","39,60","40,29","39,55","44,34K","-0,83%"
"05.10.2020","39,88","38,66","39,90","38,66","142,61K","4,34%"
"04.10.2020","38,22","38,22","38,22","38,22","","0,00%"
"03.10.2020","38,22","38,22","38,22","38,22","","0,00%"
"02.10.2020","38,22","38,91","39,18","38,22","36,07K","-2,80%"
"01.10.2020","39,32","39,11","39,32","38,89","26,95K","0,92%"
"30.09.2020","38,96","39,16","39,57","38,86","27,89K","-0,49%"
"29.09.2020","39,15","39,22","39,46","38,98","21,03K","-0,03%"
"28.09.2020","39,16","39,19","39,42","38,86","40,92K","0,08%"
"27.09.2020","39,13","39,13","39,13","39,13","","0,00%"
"26.09.2020","39,13","39,13","39,13","39,13","","0,00%"
"25.09.2020","39,13","38,17","39,17","38,14","27,99K","2,60%"
"24.09.2020","38,14","38,11","38,56","37,65","42,80K","-1,29%"
"23.09.2020","38,64","39,54","39,74","38,58","113,23K","-2,49%"
"22.09.2020","39,62","39,53","39,63","38,70","31,05K","0,47%"
"21.09.2020","39,44","39,75","39,83","38,92","76,74K","-2,40%"
"18.09.2020","40,41","40,16","40,44","39,56","62,54K","1,53%"
"17.09.2020","39,80","39,61","39,95","39,28","32,52K","-0,39%"
"16.09.2020","39,96","39,35","40,29","39,32","54,50K","2,28%"
"15.09.2020","39,07","38,76","39,25","38,50","47,35K","2,15%"
"14.09.2020","38,25","36,88","38,26","36,88","51,32K","5,60%"
"13.09.2020","36,22","36,22","36,22","36,22","","0,00%"
"11.09.2020","36,22","36,24","36,70","35,93","15,34K","0,92%"
"10.09.2020","35,89","36,52","36,96","35,86","19,88K","-1,32%"
"09.09.2020","36,37","35,85","36,51","35,85","54,72K","2,83%"
"08.09.2020","35,37","35,01","36,03","34,96","228,07K","-1,02%"
"04.09.2020","35,74","36,39","36,39","34,32","114,52K","-1,53%"
"03.09.2020","36,29","37,92","37,92","36,12","63,36K","-3,87%"
"02.09.2020","37,75","37,74","37,77","37,13","32,97K","0,53%"
"01.09.2020","37,55","38,08","38,17","37,46","53,25K","-1,55%"
"31.08.2020","38,14","37,78","38,32","37,59","64,51K","1,19%"
"30.08.2020","37,69","37,69","37,69","37,69","","0,00%"
"28.08.2020","37,69","37,39","37,83","37,28","29,06K","0,96%"
"27.08.2020","37,33","37,61","37,61","37,02","43,94K","-0,59%"
"26.08.2020","37,55","37,67","37,80","37,44","63,34K","-0,03%"
"25.08.2020","37,56","37,40","37,72","37,00","118,62K","0,72%"
"24.08.2020","37,29","38,37","38,37","37,10","247,77K","-2,20%"
"23.08.2020","38,13","38,13","38,13","38,13","","0,00%"
"21.08.2020","38,13","38,14","38,14","37,83","37,70K","-0,13%"
"20.08.2020","38,18","38,40","38,42","38,07","32,75K","-0,57%"
"19.08.2020","38,40","38,60","38,90","38,40","74,76K","-0,54%"
"18.08.2020","38,61","38,89","38,89","38,21","36,86K","-0,45%"
"17.08.2020","38,78","37,95","38,82","37,95","35,47K","2,58%"
"14.08.2020","37,81","38,13","38,15","37,71","43,73K","-1,07%"
"13.08.2020","38,22","37,82","38,38","37,82","28,59K","0,95%"
"12.08.2020","37,86","37,79","38,00","37,52","145,05K","1,04%"
"11.08.2020","37,47","38,47","38,47","37,42","52,18K","-2,37%"
"10.08.2020","38,38","38,48","38,58","38,16","62,78K","-0,23%"
"09.08.2020","38,47","38,47","38,47","38,47","","0,00%"
"08.08.2020","38,47","38,47","38,47","38,47","","0,00%"
"07.08.2020","38,47","38,50","38,95","38,17","28,68K","-0,18%"
"06.08.2020","38,54","38,85","38,98","38,50","47,14K","-0,81%"
"05.08.2020","38,85","38,92","38,92","38,57","60,43K","0,40%"
"04.08.2020","38,70","39,00","39,00","38,25","38,46K","-0,59%"
"03.08.2020","38,93","37,76","38,95","37,63","79,70K","4,31%"
"02.08.2020","37,32","37,32","37,32","37,32","","0,00%"
"31.07.2020","37,32","38,50","38,99","36,85","76,18K","-2,25%"
"30.07.2020","38,18","37,58","38,36","37,50","42,30K","0,87%"
"29.07.2020","37,85","38,40","38,65","37,80","86,99K","-1,32%"
"28.07.2020","38,35","39,05","39,13","38,35","54,32K","-2,01%"
"27.07.2020","39,14","38,70","39,15","38,38","74,04K","2,78%"
"26.07.2020","38,08","38,08","38,08","38,08","","0,00%"
"25.07.2020","38,08","38,08","38,08","38,08","","0,00%"
"24.07.2020","38,08","38,80","38,80","37,76","122,88K","-2,51%"
"23.07.2020","39,06","39,95","40,17","38,83","58,42K","-2,25%"
"22.07.2020","39,96","40,15","40,39","39,72","64,96K","-0,52%"
"21.07.2020","40,17","41,07","41,07","40,06","74,32K","-1,86%"
"20.07.2020","40,93","40,78","41,30","40,49","112,24K","0,37%"
"17.07.2020","40,78","40,05","40,88","39,80","86,23K","2,57%"
"16.07.2020","39,76","40,08","40,08","39,33","60,34K","-1,14%"
"15.07.2020","40,22","39,93","40,40","39,63","92,36K","2,65%"
"14.07.2020","39,18","38,46","39,18","37,85","51,70K","1,69%"
"13.07.2020","38,53","39,58","40,36","38,40","141,61K","-1,28%"
"12.07.2020","39,03","39,03","39,03","39,03","","0,00%"
"11.07.2020","39,03","39,03","39,03","39,03","","0,00%"
"10.07.2020","39,03","39,57","39,67","38,92","94,24K","-1,34%"
"09.07.2020","39,56","39,69","39,80","38,83","80,29K","-0,08%"
"08.07.2020","39,59","39,06","39,68","38,94","63,47K","1,51%"
"07.07.2020","39,00","38,04","39,38","38,04","126,64K","1,93%"
"06.07.2020","38,26","38,55","38,65","38,08","142,74K","0,60%"
"05.07.2020","38,03","38,03","38,03","38,03","","0,00%"
"04.07.2020","38,03","38,03","38,03","38,03","","0,00%"
"02.07.2020","38,03","37,98","38,42","37,81","49,44K","0,75%"
"01.07.2020","37,75","37,67","37,94","37,35","37,53K","-0,58%"
"30.06.2020","37,97","37,49","38,01","37,35","50,32K","1,00%"
"29.06.2020","37,59","37,88","38,06","37,21","70,82K","-0,23%"
"26.06.2020","37,68","38,83","38,83","37,49","67,33K","-3,31%"
"25.06.2020","38,97","38,32","38,97","38,18","59,17K","1,67%"
"24.06.2020","38,33","38,96","39,26","37,98","140,94K","-1,82%"
"23.06.2020","39,04","38,72","39,59","38,61","116,01K","2,04%"
"22.06.2020","38,26","37,60","38,35","37,23","58,22K","2,96%"
"19.06.2020","37,16","37,00","37,16","36,50","35,68K","1,78%"
"18.06.2020","36,51","36,13","36,71","36,13","30,83K","0,52%"
"17.06.2020","36,32","36,40","36,66","36,22","24,60K","-0,03%"
"16.06.2020","36,33","36,86","36,86","35,56","58,59K","0,83%"
"15.06.2020","36,03","34,75","36,04","34,75","36,50K","2,77%"
"12.06.2020","35,06","35,32","35,51","34,35","32,06K","1,59%"
"11.06.2020","34,51","35,81","35,85","34,28","65,35K","-4,17%"
"10.06.2020","36,01","35,81","36,20","35,81","29,51K","1,15%"
"09.06.2020","35,60","35,43","35,89","35,36","52,04K","-0,03%"
"08.06.2020","35,61","35,08","35,61","34,84","48,91K","1,80%"
"07.06.2020","34,98","34,98","34,98","34,98","","0,00%"
"05.06.2020","34,98","35,43","35,56","34,68","72,31K","-0,43%"
"04.06.2020","35,13","35,55","35,83","34,98","66,75K","-1,51%"
"03.06.2020","35,67","36,23","36,23","35,64","67,29K","-1,48%"
"02.06.2020","36,21","36,01","36,22","35,32","69,14K","0,10%"
"01.06.2020","36,17","35,99","36,20","35,67","55,70K","0,81%"
"29.05.2020","35,88","35,54","36,00","34,91","71,57K","1,47%"
"28.05.2020","35,36","35,50","36,12","35,24","54,22K","-0,20%"
"27.05.2020","35,43","35,78","35,78","33,92","111,34K","-0,95%"
"26.05.2020","35,77","37,51","37,51","35,77","93,75K","-3,35%"
"22.05.2020","37,01","36,67","37,01","36,38","72,48K","1,59%"
"21.05.2020","36,43","37,00","37,00","35,85","155,83K","-1,30%"
"20.05.2020","36,91","36,39","36,91","36,12","131,68K","2,64%"
"19.05.2020","35,96","36,96","37,21","35,96","145,81K","-3,46%"
"18.05.2020","37,25","37,58","37,65","36,63","259,38K","5,27%"
"15.05.2020","35,38","34,44","35,46","34,26","47,97K","2,59%"
"14.05.2020","34,49","34,45","34,75","33,84","126,48K","-0,90%"
"13.05.2020","34,80","35,54","35,90","33,80","71,01K","-1,41%"
"12.05.2020","35,30","36,28","36,64","35,29","96,25K","-1,94%"
"11.05.2020","36,00","34,39","36,05","34,28","74,49K","4,68%"
"10.05.2020","34,39","34,39","34,39","34,39","","0,00%"
"09.05.2020","34,39","34,39","34,39","34,39","","0,00%"
"08.05.2020","34,39","33,92","34,48","33,65","61,85K","2,56%"
"07.05.2020","33,53","33,84","33,84","33,28","46,90K","1,61%"
"06.05.2020","33,00","32,85","33,31","32,67","74,57K","0,92%"
"05.05.2020","32,70","32,65","33,02","32,50","40,58K","1,68%"
"04.05.2020","32,16","30,86","32,18","30,86","29,69K","3,68%"
"03.05.2020","31,02","31,02","31,02","31,02","","0,00%"
"02.05.2020","31,02","31,02","31,02","31,02","","0,00%"
"01.05.2020","31,02","31,25","31,47","30,65","117,72K","-1,90%"
"30.04.2020","31,62","32,26","32,26","31,60","27,43K","-2,23%"
"29.04.2020","32,34","32,77","32,86","32,15","108,85K","0,25%"
"28.04.2020","32,26","33,95","33,95","32,22","54,63K","-2,27%"
"27.04.2020","33,01","33,41","33,41","32,80","53,23K","0,67%"
"24.04.2020","32,79","32,09","32,86","31,93","40,63K","3,41%"
"23.04.2020","31,71","32,53","32,74","31,57","72,20K","-0,89%"
"22.04.2020","32,00","31,93","32,10","31,42","45,78K","2,45%"
"21.04.2020","31,23","32,01","32,27","30,56","313,85K","-2,47%"
"20.04.2020","32,02","31,12","32,70","31,03","114,12K","3,21%"
"17.04.2020","31,02","31,04","31,05","30,36","76,08K","5,34%"
"16.04.2020","29,45","29,18","29,45","28,74","36,49K","2,79%"
"15.04.2020","28,65","28,61","28,92","28,29","30,14K","-1,48%"
"14.04.2020","29,08","28,56","29,10","28,56","39,15K","4,19%"
"13.04.2020","27,91","28,50","29,45","27,57","28,92K","-0,25%"
"09.04.2020","27,98","28,00","28,07","27,64","26,23K","2,15%"
"08.04.2020","27,39","27,21","27,50","26,76","20,38K","1,90%"
"07.04.2020","26,88","28,78","28,78","26,88","33,95K","-2,08%"
"06.04.2020","27,45","27,32","27,45","26,92","31,57K","4,73%"
"03.04.2020","26,21","26,34","26,50","25,91","54,46K","0,27%"
"02.04.2020","26,14","25,49","26,34","25,14","35,76K","2,47%"
"01.04.2020","25,51","25,98","26,36","24,76","27,13K","-5,07%"
"31.03.2020","26,87","27,13","27,13","26,43","58,54K","-0,74%"
"30.03.2020","27,07","26,79","27,07","26,37","18,50K","2,16%"
"28.03.2020","26,50","26,50","26,50","26,50","","0,00%"
"27.03.2020","26,50","26,55","27,09","26,16","25,65K","-0,79%"
"26.03.2020","26,71","26,21","27,06","25,83","95,08K","4,18%"
"25.03.2020","25,64","25,78","26,24","25,33","59,39K","0,86%"
"24.03.2020","25,42","25,57","25,57","24,65","166,36K","6,30%"
"23.03.2020","23,91","24,15","24,54","23,35","72,42K","0,18%"
"21.03.2020","23,87","23,87","23,87","23,87","","0,00%"
"20.03.2020","23,87","24,46","24,99","23,74","27,95K","-2,18%"
"19.03.2020","24,40","23,84","24,91","23,46","31,11K","1,34%"
"18.03.2020","24,08","22,95","24,48","22,95","109,69K","0,17%"
"17.03.2020","24,04","23,60","24,68","22,77","26,20K","6,47%"
"16.03.2020","22,58","22,89","24,00","22,32","14,19K","-8,51%"
"14.03.2020","24,68","24,68","24,68","24,68","","0,00%"
"13.03.2020","24,68","25,00","25,00","22,88","27,32K","3,22%"
"12.03.2020","23,91","24,63","26,12","22,85","25,84K","-10,68%"
"11.03.2020","26,77","27,60","27,95","26,77","7,73K","-4,22%"
"10.03.2020","27,95","28,77","28,77","26,85","10,36K","-0,25%"
"09.03.2020","28,02","28,50","29,10","27,98","119,25K","-8,43%"
"06.03.2020","30,60","30,42","30,61","30,15","14,15K","-0,23%"
"05.03.2020","30,67","30,30","31,10","30,30","13,35K","-0,74%"
"04.03.2020","30,90","30,69","30,90","30,30","12,59K","3,41%"
"03.03.2020","29,88","30,74","30,74","29,42","15,31K","-2,06%"
"02.03.2020","30,51","29,78","30,51","29,14","19,07K","5,35%"
"28.02.2020","28,96","29,00","29,00","27,87","15,51K","0,03%"
"27.02.2020","28,95","30,06","30,16","28,95","37,16K","-2,46%"
"26.02.2020","29,68","29,49","29,76","29,15","21,38K","2,42%"
"25.02.2020","28,98","29,20","29,20","28,75","2,62K","0,14%"
"24.02.2020","28,94","29,20","29,20","28,70","10,42K","-2,49%"
"21.02.2020","29,68","29,70","29,76","29,48","7,22K","-0,20%"
"20.02.2020","29,74","30,02","30,02","29,49","8,85K","-0,97%"
"19.02.2020","30,03","29,98","30,12","29,98","1,49K","0,47%"
"18.02.2020","29,89","29,87","29,89","29,66","3,17K","0,10%"
"17.02.2020","29,86","29,86","29,86","29,86","","0,00%"
"14.02.2020","29,86","29,76","29,89","29,76","5,95K","0,34%"
"13.02.2020","29,76","30,01","30,01","29,76","0,55K","-0,43%"
"12.02.2020","29,89","29,88","29,95","29,68","1,49K","0,03%"
"11.02.2020","29,88","30,13","30,20","29,82","4,44K","-0,23%"
"10.02.2020","29,95","29,57","29,95","29,48","4,80K","1,53%"
"07.02.2020","29,50","29,68","29,68","29,40","2,80K","-0,34%"
"06.02.2020","29,60","29,72","29,72","29,46","2,70K","1,34%"
"05.02.2020","29,21","29,07","29,31","29,07","4,72K","0,93%"
"04.02.2020","28,94","28,48","28,98","28,48","7,20K","2,23%"
"03.02.2020","28,31","28,27","28,31","28,22","1,36K","1,29%"
"31.01.2020","27,95","28,42","28,42","27,75","6,95K","-1,41%"
"30.01.2020","28,35","28,68","28,68","28,18","6,93K","-0,91%"
"29.01.2020","28,61","28,97","28,97","28,61","7,49K","-0,52%"
"28.01.2020","28,76","28,58","28,80","28,57","2,47K","0,81%"
"27.01.2020","28,53","28,51","28,59","28,45","2,88K","-0,73%"
"24.01.2020","28,74","29,42","29,42","28,69","10,03K","-1,88%"
"23.01.2020","29,29","29,53","29,53","29,10","5,98K","-0,75%"
"22.01.2020","29,51","29,75","29,75","29,51","3,03K","0,10%"
"21.01.2020","29,48","29,82","29,92","29,48","9,89K","-1,31%"
"17.01.2020","29,87","30,37","30,37","29,87","5,64K","-0,93%"
"16.01.2020","30,15","30,22","30,29","29,97","6,08K","0,60%"
"15.01.2020","29,97","29,93","30,18","29,93","4,68K","0,60%"
"14.01.2020","29,79","29,40","29,79","29,19","4,39K","1,19%"
"13.01.2020","29,44","29,62","29,62","29,24","19,42K","-1,27%"
"10.01.2020","29,82","30,60","30,60","29,82","5,37K","-0,57%"
"09.01.2020","29,99","30,00","30,16","29,87","6,24K","0,37%"
"08.01.2020","29,88","29,64","29,98","29,62","7,22K","1,43%"
"07.01.2020","29,46","29,54","29,55","29,36","3,70K","-0,17%"
"06.01.2020","29,51","29,18","29,51","28,99","6,44K","0,85%"
"03.01.2020","29,26","29,40","29,57","29,23","7,27K","-1,18%"
"02.01.2020","29,61","29,60","29,65","29,52","7,43K","-0,87%"
"31.12.2019","29,87","29,57","29,96","29,55","6,06K","0,40%"
"30.12.2019","29,75","30,27","30,27","29,67","5,96K","-1,26%"
"27.12.2019","30,13","30,65","30,65","30,13","6,68K","-1,70%"
"26.12.2019","30,65","30,85","30,85","30,65","3,19K","-0,58%"
"24.12.2019","30,83","30,82","30,83","30,66","2,47K","0,52%"
"23.12.2019","30,67","30,57","30,77","30,29","4,41K","1,49%"
"20.12.2019","30,22","30,19","30,22","30,09","2,90K","0,30%"
"19.12.2019","30,13","29,69","30,13","29,69","2,39K","1,04%"
"18.12.2019","29,82","29,95","29,95","29,77","1,53K","-0,77%"
"17.12.2019","30,05","29,83","30,05","29,83","5,03K","-0,13%"
"16.12.2019","30,09","30,05","30,20","29,87","9,62K","0,57%"
"13.12.2019","29,92","30,03","30,03","29,75","9,81K","1,25%"
"12.12.2019","29,55","29,40","29,55","29,36","1,22K","0,58%"
"11.12.2019","29,38","29,78","29,89","29,35","4,80K","-1,14%"
"10.12.2019","29,72","29,73","29,73","29,70","1,61K","0,85%"
"09.12.2019","29,47","29,98","29,98","29,47","2,49K","-0,24%"
"06.12.2019","29,54","29,59","29,62","29,54","3,99K","0,54%"
"05.12.2019","29,38","29,78","29,78","29,38","3,90K","-0,81%"
"04.12.2019","29,62","29,39","29,64","29,38","2,81K","0,85%"
"03.12.2019","29,37","28,96","29,37","28,76","2,06K","1,42%"
"02.12.2019","28,96","29,27","29,27","28,94","1,19K","-0,62%"
"29.11.2019","29,14","29,11","29,27","29,00","4,09K","0,45%"
"27.11.2019","29,01","28,98","29,05","28,80","5,20K","0,69%"
"26.11.2019","28,81","28,80","28,84","28,60","4,85K","0,70%"
"25.11.2019","28,61","28,32","28,67","28,32","5,14K","2,95%"
"22.11.2019","27,79","28,00","28,00","27,73","3,94K","0,04%"
"21.11.2019","27,78","27,83","27,83","27,68","2,15K","-0,18%"
"20.11.2019","27,83","27,72","27,90","27,65","1,74K","0,69%"
"19.11.2019","27,64","27,50","27,65","27,50","3,19K","2,22%"
"18.11.2019","27,04","26,97","27,04","26,87","0,77K","0,60%"
"15.11.2019","26,88","26,78","26,90","26,78","1,34K","1,05%"
"14.11.2019","26,60","26,84","26,84","26,46","7,21K","-0,60%"
"13.11.2019","26,76","26,61","26,86","26,51","7,39K","0,56%"
"12.11.2019","26,61","26,57","26,74","26,57","3,67K","0,38%"
"11.11.2019","26,51","26,79","26,79","26,50","7,36K","-1,08%"
"08.11.2019","26,80","26,00","26,80","26,00","26,26K","2,37%"
"07.11.2019","26,18","26,40","26,40","26,18","0,71K","0,11%"
"06.11.2019","26,15","26,60","26,60","26,15","4,95K","-1,88%"
"05.11.2019","26,65","26,53","26,69","26,53","1,14K","0,91%"
"04.11.2019","26,41","26,51","26,81","26,35","12,51K","-0,30%"
"01.11.2019","26,49","26,31","26,49","26,31","0,99K","2,12%"
"31.10.2019","25,94","25,89","25,95","25,87","1,51K","-0,73%"
"30.10.2019","26,13","26,09","26,13","26,05","3,33K","0,42%"
"29.10.2019","26,02","26,21","26,21","25,97","1,75K","0,15%"
"28.10.2019","25,98","25,75","25,98","25,60","6,56K","1,29%"
"25.10.2019","25,65","25,25","25,65","25,25","3,18K","1,14%"
"24.10.2019","25,36","25,29","25,36","25,29","0,79K","0,40%"
"23.10.2019","25,26","25,25","25,37","25,25","0,95K","-0,04%"
"22.10.2019","25,27","25,40","25,40","25,24","0,53K","0,68%"
"21.10.2019","25,10","24,96","25,10","24,96","0,61K","1,83%"
"18.10.2019","24,65","24,65","24,65","24,63","0,41K","-1,16%"
"17.10.2019","24,94","24,91","24,94","24,86","0,50K","1,59%"
"16.10.2019","24,55","24,54","24,57","24,51","1,15K","0,16%"
"15.10.2019","24,51","24,47","24,52","24,47","0,79K","1,83%"
"14.10.2019","24,07","24,19","24,19","24,07","1,16K","0,08%"
"11.10.2019","24,05","24,21","24,21","24,05","1,08K","1,01%"
"10.10.2019","23,81","23,65","23,81","23,65","0,15K","0,38%"
"09.10.2019","23,72","23,92","23,92","23,72","0,60K","-0,34%"
"08.10.2019","23,80","23,84","23,93","23,80","0,89K","-1,86%"
"07.10.2019","24,25","24,34","24,34","24,25","1,27K","-0,08%"
"04.10.2019","24,27","24,27","24,27","24,27","0,15K","0,91%"
"03.10.2019","24,05","23,62","24,05","23,62","0,35K","1,18%"
"02.10.2019","23,77","23,78","23,78","23,77","0,54K","-0,50%"
"01.10.2019","23,89","24,43","24,43","23,89","2,61K","-2,49%"
"30.09.2019","24,50","24,50","24,50","24,50","0,21K","0,08%"
"27.09.2019","24,48","24,56","24,78","24,46","1,19K","-0,73%"
"26.09.2019","24,66","24,94","24,94","24,66","0,51K","-2,34%"
"25.09.2019","25,25","25,30","25,30","25,25","0,53K","-0,94%"
"24.09.2019","25,49","25,84","25,84","25,49","0,12K","-1,73%"
"23.09.2019","25,94","26,34","26,34","25,94","0,84K","-1,14%"
"20.09.2019","26,24","26,30","26,30","26,20","1,32K","0,88%"
"19.09.2019","26,01","26,01","26,01","26,01","0,04K","-0,23%"
"18.09.2019","26,07","26,13","26,13","25,90","1,98K","-0,34%"
"17.09.2019","26,16","26,16","26,16","26,16","0,11K","0,19%"
"16.09.2019","26,11","25,62","26,11","25,62","0,40K","0,73%"
"13.09.2019","25,92","25,92","25,92","25,92","0,03K","-0,50%"
"12.09.2019","26,05","26,15","26,15","26,02","1,12K","-0,12%"
"11.09.2019","26,08","25,92","26,08","25,92","0,64K","1,56%"
"10.09.2019","25,68","25,25","25,68","25,00","4,51K","1,30%"
"09.09.2019","25,35","25,80","25,80","25,35","2,26K","-1,05%"
"06.09.2019","25,62","25,88","25,88","25,62","3,04K","-0,74%"
"05.09.2019","25,81","25,86","25,86","25,65","0,72K","1,06%"
"04.09.2019","25,54","25,54","25,54","25,54","0,06K","0,43%"
"03.09.2019","25,43","25,56","25,56","25,43","0,83K","-1,51%"
"30.08.2019","25,82","25,77","25,83","25,77","4,82K","-0,50%"
"29.08.2019","25,95","25,95","25,95","25,95","0,13K","0,97%"
"28.08.2019","25,70","25,40","25,70","25,40","0,11K","1,02%"
"27.08.2019","25,44","25,84","25,99","25,34","1,51K","-1,47%"
"26.08.2019","25,82","25,87","25,87","25,82","0,15K","0,86%"
"23.08.2019","25,60","26,30","26,30","25,60","0,84K","-2,81%"
"22.08.2019","26,34","26,38","26,38","26,34","0,38K","-2,01%"
"21.08.2019","26,88","26,88","26,88","26,88","0,07K","0,64%"
"20.08.2019","26,71","26,71","26,71","26,71","0,07K","-1,73%"
"19.08.2019","27,18","27,14","27,18","27,14","0,42K","0,97%"
"16.08.2019","26,92","26,81","26,92","26,81","0,20K","2,24%"
"15.08.2019","26,33","26,33","26,33","26,30","0,52K","-0,38%"
"14.08.2019","26,43","26,61","26,61","26,43","1,33K","-1,49%"
"13.08.2019","26,83","26,89","26,89","26,76","2,86K","1,13%"
"12.08.2019","26,53","26,88","26,88","26,53","1,13K","-2,21%"
"09.08.2019","27,13","27,35","27,35","26,94","3,00K","-0,80%"
"08.08.2019","27,35","27,07","27,35","27,07","0,47K","1,90%"
"07.08.2019","26,84","26,78","26,84","26,78","0,41K","0,86%"
"06.08.2019","26,61","26,23","26,61","26,23","0,59K","1,53%"
"05.08.2019","26,21","26,41","26,41","26,00","2,28K","-2,82%"
"02.08.2019","26,97","27,33","27,33","26,85","1,25K","-2,07%"
"01.08.2019","27,54","27,66","27,66","27,50","0,74K","-0,43%"
"31.07.2019","27,66","27,85","27,96","27,66","1,21K","-0,11%"
"30.07.2019","27,69","27,59","27,69","27,49","0,66K","0,29%"
"29.07.2019","27,61","27,54","27,61","27,53","1,89K","-0,22%"
"26.07.2019","27,67","27,39","27,67","27,39","0,55K","1,92%"
"25.07.2019","27,15","27,39","27,39","27,15","0,25K","-1,63%"
"24.07.2019","27,60","27,60","27,60","27,60","0,13K","0,77%"
"23.07.2019","27,39","27,51","27,51","27,36","5,02K","-0,29%"
"22.07.2019","27,47","27,49","27,55","27,47","0,72K","0,40%"
"19.07.2019","27,36","27,90","27,90","27,36","5,59K","-1,26%"
"18.07.2019","27,71","27,74","27,74","27,71","20,17K","1,39%"
"17.07.2019","27,33","27,32","27,39","27,05","20,12K","0,89%"
"16.07.2019","27,09","27,35","27,35","27,08","1,83K","-0,22%"
"15.07.2019","27,15","26,86","27,17","26,86","5,77K","0,70%"
"12.07.2019","26,96","26,94","26,96","26,91","0,80K","-0,22%"
"11.07.2019","27,02","26,98","27,02","26,98","0,27K","-0,70%"
"10.07.2019","27,21","27,47","27,47","27,21","0,45K","-0,07%"
"09.07.2019","27,23","27,19","27,23","27,15","0,57K","1,34%"
"08.07.2019","26,87","26,97","26,97","26,72","0,68K","-1,32%"
"05.07.2019","27,23","27,60","27,60","27,23","0,67K","-1,13%"
"03.07.2019","27,54","27,44","27,54","27,44","0,36K","1,59%"
"02.07.2019","27,11","27,10","27,11","27,10","0,35K","-0,84%"
"01.07.2019","27,34","27,58","27,58","27,26","21,83K","0,59%"
"28.06.2019","27,18","26,80","27,18","26,80","0,32K","2,53%"
"27.06.2019","26,51","26,18","26,51","26,18","2,42K","2,16%"
"26.06.2019","25,95","25,95","25,95","25,95","0,03K","-0,88%"
"25.06.2019","26,18","26,49","26,49","26,18","2,87K","-0,30%"
"24.06.2019","26,26","26,95","26,95","26,26","1,36K","-1,98%"
"21.06.2019","26,79","26,80","26,80","26,49","5,00K","-0,30%"
"20.06.2019","26,87","27,26","27,26","26,87","10,84K","-0,44%"
"19.06.2019","26,99","27,08","27,08","26,96","3,44K","0,11%"
"18.06.2019","26,96","26,92","27,03","26,72","4,08K","1,74%"
"17.06.2019","26,50","26,00","26,52","26,00","3,39K","7,68%"
"14.06.2019","24,61","24,92","24,92","24,61","2,31K","-1,24%"