"Date","Close"
2025-03-24,60500
2025-03-21,61700
2025-03-20,60200
2025-03-19,58500
2025-03-18,57600
2025-03-17,57600
2025-03-14,54700
2025-03-13,54700
2025-03-12,54900
2025-03-11,53600
2025-03-10,53700
2025-03-07,53700
2025-03-06,54300
2025-03-05,54000
2025-03-04,54500
2025-02-28,54500
2025-02-27,56300
2025-02-26,56600
2025-02-25,57200
2025-02-24,57300
2025-02-21,58200
2025-02-20,58400
2025-02-19,58700
2025-02-18,56900
2025-02-17,56000
2025-02-14,56000
2025-02-13,55800
2025-02-12,55800
2025-02-11,55700
2025-02-10,55600
2025-02-07,53700
2025-02-06,54000
2025-02-05,52900
2025-02-04,52700
2025-02-03,51000
2025-01-31,52400
2025-01-24,53700
2025-01-23,53700
2025-01-22,54300
2025-01-21,53500
2025-01-20,53400
2025-01-17,53700
2025-01-16,54300
2025-01-15,53700
2025-01-14,53900
2025-01-13,54100
2025-01-10,55300
2025-01-09,56100
2025-01-08,57300
2025-01-07,55400
2025-01-06,55900
2025-01-03,54400
2025-01-02,53400
2024-12-30,53200
2024-12-27,53700
2024-12-26,53600
2024-12-24,54400
2024-12-23,53500
2024-12-20,53000
2024-12-19,53100
2024-12-18,54900
2024-12-17,54200
2024-12-16,55600
2024-12-13,56100
2024-12-12,55900
2024-12-11,54000
2024-12-10,54000
2024-12-09,53400
2024-12-06,54100
2024-12-05,53700
2024-12-04,53100
2024-12-03,53600
2024-12-02,53600
2024-11-29,54200
2024-11-28,55500
2024-11-27,56300
2024-11-26,58300
2024-11-25,57900
2024-11-22,56000
2024-11-21,56400
2024-11-20,55300
2024-11-19,56300
2024-11-18,56700
2024-11-15,53500
2024-11-14,49900
2024-11-13,50600
2024-11-12,53000
2024-11-11,55000
2024-11-08,57000
2024-11-07,57500
2024-11-06,57300
2024-11-05,57600
2024-11-04,58700
2024-11-01,58300
2024-10-31,59200
2024-10-30,59100
2024-10-29,59600
2024-10-28,58100
2024-10-25,55900
2024-10-24,56600
2024-10-23,59100
2024-10-22,57700
2024-10-21,59000
2024-10-18,59200
2024-10-17,59700
2024-10-16,59500
2024-10-15,61000
2024-10-14,60800
2024-10-11,59300
2024-10-10,58900
2024-10-08,60300
2024-10-07,61000
2024-10-04,60600
2024-10-02,61300
2024-09-30,61500
2024-09-27,64200
2024-09-26,64700
2024-09-25,62200
2024-09-24,63200
2024-09-23,62600
2024-09-20,63000
2024-09-19,63100
2024-09-13,64400
2024-09-12,66300
2024-09-11,64900
2024-09-10,66200
2024-09-09,67500
2024-09-06,68900
2024-09-05,69000
2024-09-04,70000
2024-09-03,72500
2024-09-02,74400
2024-08-30,74300
2024-08-29,74000
2024-08-28,76400
2024-08-27,75800
2024-08-26,76100
2024-08-23,77700
2024-08-22,78300
2024-08-21,78300
2024-08-20,78900
2024-08-19,78300
2024-08-16,80200
2024-08-14,77200
2024-08-13,76100
2024-08-12,75500
2024-08-09,74700
2024-08-08,73400
2024-08-07,74700
2024-08-06,72500
2024-08-05,71400
2024-08-02,79600
2024-08-01,83100
2024-07-31,83900
2024-07-30,81000
2024-07-29,81200
2024-07-26,80900
2024-07-25,80400
2024-07-24,82000
2024-07-23,83900
2024-07-22,83000
2024-07-19,84400
2024-07-18,86900
2024-07-17,86700
2024-07-16,87700
2024-07-15,86700
2024-07-12,84400
2024-07-11,87600
2024-07-10,87800
2024-07-09,87800
2024-07-08,87400
2024-07-05,87100
2024-07-04,84600
2024-07-03,81800
2024-07-02,81800
2024-07-01,81800
2024-06-28,81500
2024-06-27,81600
2024-06-26,81300
2024-06-25,80800
2024-06-24,80600
2024-06-21,80000
2024-06-20,81600
2024-06-19,81200
2024-06-18,79800
2024-06-17,78100
2024-06-14,79600
2024-06-13,78600
2024-06-12,76500
2024-06-11,75200
2024-06-10,75700
2024-06-07,77300
2024-06-05,77400
2024-06-04,75300
2024-06-03,75700
2024-05-31,73500
2024-05-30,73500
2024-05-29,75200
2024-05-28,77600
2024-05-27,77200
2024-05-24,75900
2024-05-23,78300
2024-05-22,77700
2024-05-21,78400
2024-05-20,78900
2024-05-17,77400
2024-05-16,78200
2024-05-14,78300
2024-05-13,78400
2024-05-10,79200
2024-05-09,79700
2024-05-08,81300
2024-05-07,81300
2024-05-03,77600
2024-05-02,78000
2024-04-30,77500
2024-04-29,76700
2024-04-26,76700
2024-04-25,76300
2024-04-24,78600
2024-04-23,75500
2024-04-22,76100
2024-04-19,77600
2024-04-18,79600
2024-04-17,78900
2024-04-16,80000
2024-04-15,82200
2024-04-12,83700
2024-04-11,84100
2024-04-09,83600
2024-04-08,84500
2024-04-05,84500
2024-04-04,85300
2024-04-03,84100
2024-04-02,85000
2024-04-01,82000
2024-03-29,82400
2024-03-28,80800
2024-03-27,79800
2024-03-26,79900
2024-03-25,78200
2024-03-22,78900
2024-03-21,79300
2024-03-20,76900
2024-03-19,72800
2024-03-18,72800
2024-03-15,72300
2024-03-14,74300
2024-03-13,74100
2024-03-12,73300
2024-03-11,72400
2024-03-08,73300
2024-03-07,72200
2024-03-06,72900
2024-03-05,73700
2024-03-04,74900
2024-02-29,73400
2024-02-28,73200
2024-02-27,72900
2024-02-26,72800
2024-02-23,72900
2024-02-22,73100
2024-02-21,73000
2024-02-20,73300
2024-02-19,73800
2024-02-16,72800
2024-02-15,73000
2024-02-14,74000
2024-02-13,75200
2024-02-08,74100
2024-02-07,75000
2024-02-06,74400
2024-02-05,74300
2024-02-02,75200
2024-02-01,73600
2024-01-31,72700
2024-01-30,74300
2024-01-29,74400
2024-01-26,73400
2024-01-25,74100
2024-01-24,74000
2024-01-23,75200
2024-01-22,75100
2024-01-19,74700
2024-01-18,71700
2024-01-17,71000
2024-01-16,72600
2024-01-15,73900
2024-01-12,73100
2024-01-11,73200
2024-01-10,73600
2024-01-09,74700
2024-01-08,76500
2024-01-05,76600
2024-01-04,76600
2024-01-03,77000
2024-01-02,79600
2023-12-28,78500
2023-12-27,78000
2023-12-26,76600
2023-12-22,75900
2023-12-21,75000
2023-12-20,74800
2023-12-19,73400
2023-12-18,72900
2023-12-15,73300
2023-12-14,73100
2023-12-13,72800
2023-12-12,73500
2023-12-11,73000
2023-12-08,72600
2023-12-07,71500
2023-12-06,71700
2023-12-05,71200
2023-12-04,72600
2023-12-01,72000
2023-11-30,72800
2023-11-29,72700
2023-11-28,72700
2023-11-27,71300
2023-11-24,71700
2023-11-23,72400
2023-11-22,72800
2023-11-21,72800
2023-11-20,72700
2023-11-17,72500
2023-11-16,72800
2023-11-15,72200
2023-11-14,70800
2023-11-13,70400
2023-11-10,70500
2023-11-09,70300
2023-11-08,69900
2023-11-07,70900
2023-11-06,70900
2023-11-03,69600
2023-11-02,69700
2023-11-01,68600
2023-10-31,66900
2023-10-30,67300
2023-10-27,67300
2023-10-26,66700
2023-10-25,68000
2023-10-24,68500
2023-10-23,68400
2023-10-20,68800
2023-10-19,69500
2023-10-18,70500
2023-10-17,69400
2023-10-16,67300
2023-10-13,68000
2023-10-12,68900
2023-10-11,68200
2023-10-10,66400
2023-10-06,66000
2023-10-05,66700
2023-10-04,67500
2023-09-27,68400
2023-09-26,68600
2023-09-25,69400
2023-09-22,68800
2023-09-21,68900
2023-09-20,69600
2023-09-19,69800
2023-09-18,70200
2023-09-15,72000
2023-09-14,71700
2023-09-13,70900
2023-09-12,70500
2023-09-11,70800
2023-09-08,70300
2023-09-07,70400
2023-09-06,70000
2023-09-05,70700
2023-09-04,71200
2023-09-01,71000
2023-08-31,66900
2023-08-30,67100
2023-08-29,66800
2023-08-28,66800
2023-08-25,67100
2023-08-24,68200
2023-08-23,67100
2023-08-22,66600
2023-08-21,66600
2023-08-18,66300
2023-08-17,66700
2023-08-16,67000
2023-08-14,67300
2023-08-11,67500
2023-08-10,68000
2023-08-09,68900
2023-08-08,67600
2023-08-07,68500
2023-08-04,68300
2023-08-03,68800
2023-08-02,69900
2023-08-01,71100
2023-07-31,69800
2023-07-28,70600
2023-07-27,71700
2023-07-26,69800
2023-07-25,70000
2023-07-24,70400
2023-07-21,70300
2023-07-20,71000
2023-07-19,71700
2023-07-18,72000
2023-07-17,73300
2023-07-14,73400
2023-07-13,71900
2023-07-12,71900
2023-07-11,71500
2023-07-10,69500
2023-07-07,69900
2023-07-06,71600
2023-07-05,72000
2023-07-04,73000
2023-07-03,73000
2023-06-30,72200
2023-06-29,72400
2023-06-28,72700
2023-06-27,72600
2023-06-26,72400
2023-06-23,71600
2023-06-22,71300
2023-06-21,70500
2023-06-20,71400
2023-06-19,71200
2023-06-16,71800
2023-06-15,71500
2023-06-14,71900
2023-06-13,72000
2023-06-12,71000
2023-06-09,72000
2023-06-08,70900
2023-06-07,71000
2023-06-05,71700
2023-06-02,72200
2023-06-01,70900
2023-05-31,71400
2023-05-30,72300
2023-05-26,70300
2023-05-25,68800
2023-05-24,68500
2023-05-23,68400
2023-05-22,68500
2023-05-19,68400
2023-05-18,66200
2023-05-17,65000
2023-05-16,65400
2023-05-15,64500
2023-05-12,64100
2023-05-11,64200
2023-05-10,64600
2023-05-09,65300
2023-05-08,65900
2023-05-04,65100
2023-05-03,65400
2023-05-02,65700
2023-04-28,65500
2023-04-27,64600
2023-04-26,64100
2023-04-25,63600
2023-04-24,65200
2023-04-21,65700
2023-04-20,65300
2023-04-19,65500
2023-04-18,65600
2023-04-17,65300
2023-04-14,65100
2023-04-13,66100
2023-04-12,66000
2023-04-11,65900
2023-04-10,65700
2023-04-07,65000
2023-04-06,62300
2023-04-05,63900
2023-04-04,63600
2023-04-03,63100
2023-03-31,64000
2023-03-30,63200
2023-03-29,62700
2023-03-28,62900
2023-03-27,62100
2023-03-24,63000
2023-03-23,62300
2023-03-22,61100
2023-03-21,60300
2023-03-20,60200
2023-03-17,61300
2023-03-16,59900
2023-03-15,59800
2023-03-14,59000
2023-03-13,60000
2023-03-10,59500
2023-03-09,60100
2023-03-08,60300
2023-03-07,60700
2023-03-06,61500
2023-03-03,60500
2023-03-02,60800
2023-02-28,60600
2023-02-27,60500
2023-02-24,61300
2023-02-23,62000
2023-02-22,61100
2023-02-21,62100
2023-02-20,62700
2023-02-17,62600
2023-02-16,63700
2023-02-15,62200
2023-02-14,63200
2023-02-13,62900
2023-02-10,62800
2023-02-09,63000
2023-02-08,63100
2023-02-07,61900
2023-02-06,61600
2023-02-03,63800
2023-02-02,63500
2023-02-01,61800
2023-01-31,61000
2023-01-30,63300
2023-01-27,64600
2023-01-26,63900
2023-01-25,63400
2023-01-20,61800
2023-01-19,61500
2023-01-18,60400
2023-01-17,61000
2023-01-16,61100
2023-01-13,60800
2023-01-12,60500
2023-01-11,60500
2023-01-10,60400
2023-01-09,60700
2023-01-06,59000
2023-01-05,58200
2023-01-04,57800
2023-01-03,55400
2023-01-02,55500
2022-12-29,55300
2022-12-28,56600
2022-12-27,58100
2022-12-26,57900
2022-12-23,58100
2022-12-22,59100
2022-12-21,58000
2022-12-20,58600
2022-12-19,59500
2022-12-16,59500
2022-12-15,59300
2022-12-14,60500
2022-12-13,59700
2022-12-12,59500
2022-12-09,60400
2022-12-08,59200
2022-12-07,58900
2022-12-06,59200
2022-12-05,60300
2022-12-02,60400
2022-12-01,62600
2022-11-30,62200
2022-11-29,60600
2022-11-28,60100
2022-11-25,61000
2022-11-24,61400
2022-11-23,61000
2022-11-22,60600
2022-11-21,61400
2022-11-18,61800
2022-11-17,61400
2022-11-16,62700
2022-11-15,62400
2022-11-14,61900
2022-11-11,62900
2022-11-10,60400
2022-11-09,62000
2022-11-08,61800
2022-11-07,60200
2022-11-04,59400
2022-11-03,59200
2022-11-02,59600
2022-11-01,60000
2022-10-31,59400
2022-10-28,57300
2022-10-27,59500
2022-10-26,59400
2022-10-25,57700
2022-10-24,57500
2022-10-21,55900
2022-10-20,55500
2022-10-19,55800
2022-10-18,56500
2022-10-17,56600
2022-10-14,56300
2022-10-13,55200
2022-10-12,55800
2022-10-11,55400
2022-10-07,56200
2022-10-06,56300
2022-10-05,56000
2022-10-04,55200
2022-09-30,53100
2022-09-29,52600
2022-09-28,52900
2022-09-27,54200
2022-09-26,53900
2022-09-23,54500
2022-09-22,54400
2022-09-21,55300
2022-09-20,55800
2022-09-19,56400
2022-09-16,56200
2022-09-15,56000
2022-09-14,56800
2022-09-13,58100
2022-09-08,55600
2022-09-07,56000
2022-09-06,57100
2022-09-05,57100
2022-09-02,57500
2022-09-01,58400
2022-08-31,59700
2022-08-30,58800
2022-08-29,58600
2022-08-26,60000
2022-08-25,59700
2022-08-24,59000
2022-08-23,59100
2022-08-22,60000
2022-08-19,60900
2022-08-18,61500
2022-08-17,60400
2022-08-16,61000
2022-08-12,60200
2022-08-11,59900
2022-08-10,59100
2022-08-09,60000
2022-08-08,60800
2022-08-05,61500
2022-08-04,61500
2022-08-03,61300
2022-08-02,61700
2022-08-01,61300
2022-07-29,61400
2022-07-28,61900
2022-07-27,61800
2022-07-26,61700
2022-07-25,61100
2022-07-22,61300
2022-07-21,61800
2022-07-20,60500
2022-07-19,60900
2022-07-18,61900
2022-07-15,60000
2022-07-14,57500
2022-07-13,58000
2022-07-12,58100
2022-07-11,58800
2022-07-08,58700
2022-07-07,58200
2022-07-06,56400
2022-07-05,57200
2022-07-04,57100
2022-07-01,56200
2022-06-30,57000
2022-06-29,58000
2022-06-28,59400
2022-06-27,58800
2022-06-24,58400
2022-06-23,57400
2022-06-22,57600
2022-06-21,58500
2022-06-20,58700
2022-06-17,59800
2022-06-16,60900
2022-06-15,60700
2022-06-14,61900
2022-06-13,62100
2022-06-10,63800
2022-06-09,65200
2022-06-08,65300
2022-06-07,65500
2022-06-03,66800
2022-06-02,66700
2022-05-31,67400
2022-05-30,67700
2022-05-27,66500
2022-05-26,65900
2022-05-25,66400
2022-05-24,66500
2022-05-23,67900
2022-05-20,68000
2022-05-19,67500
2022-05-18,68100
2022-05-17,67600
2022-05-16,66300
2022-05-13,66500
2022-05-12,64900
2022-05-11,65700
2022-05-10,65700
2022-05-09,66100
2022-05-06,66500
2022-05-04,67900
2022-05-03,67500
2022-05-02,67300
2022-04-29,67400
2022-04-28,64800
2022-04-27,65000
2022-04-26,66100
2022-04-25,66300
2022-04-22,67000
2022-04-21,67700
2022-04-20,67400
2022-04-19,67300
2022-04-18,66700
2022-04-15,66600
2022-04-14,67500
2022-04-13,68700
2022-04-12,67000
2022-04-11,67900
2022-04-08,67800
2022-04-07,68000
2022-04-06,68500
2022-04-05,69200
2022-04-04,69300
2022-04-01,69100
2022-03-31,69600
2022-03-30,69900
2022-03-29,70200
2022-03-28,69700
2022-03-25,69800
2022-03-24,69800
2022-03-23,70500
2022-03-22,70300
2022-03-21,69900
2022-03-18,70700
2022-03-17,71200
2022-03-16,70400
2022-03-15,69500
2022-03-14,70200
2022-03-11,70000
2022-03-10,71200
2022-03-08,69500
2022-03-07,70100
2022-03-04,71500
2022-03-03,72900
2022-03-02,71700
2022-02-28,72100
2022-02-25,71900
2022-02-24,71500
2022-02-23,73000
2022-02-22,73400
2022-02-21,74200
2022-02-18,74300
2022-02-17,75000
2022-02-16,74800
2022-02-15,73700
2022-02-14,73700
2022-02-11,74900
2022-02-10,75400
2022-02-09,74700
2022-02-08,73500
2022-02-07,73000
2022-02-04,74000
2022-02-03,73300
2022-01-28,73300
2022-01-27,71300
2022-01-26,73300
2022-01-25,74000
2022-01-24,75100
2022-01-21,75600
2022-01-20,76500
2022-01-19,76300
2022-01-18,77000
2022-01-17,77500
2022-01-14,77300
2022-01-13,77900
2022-01-12,78900
2022-01-11,78900
2022-01-10,78000
2022-01-07,78300
2022-01-06,76900
2022-01-05,77400
2022-01-04,78700
2022-01-03,78600
2021-12-30,78300
2021-12-29,78800
2021-12-28,80300
2021-12-27,80200
2021-12-24,80500
2021-12-23,79900
2021-12-22,79400
2021-12-21,78100
2021-12-20,77100
2021-12-17,78000
2021-12-16,77800
2021-12-15,77600
2021-12-14,77000
2021-12-13,76800
2021-12-10,76900
2021-12-09,78200
2021-12-08,77400
2021-12-07,77400
2021-12-06,76300
2021-12-03,75600
2021-12-02,75800
2021-12-01,74400
2021-11-30,71300
2021-11-29,72300
2021-11-26,72300
2021-11-25,73700
2021-11-24,74800
2021-11-23,75300
2021-11-22,74900
2021-11-19,71200
2021-11-18,70200
2021-11-17,70700
2021-11-16,71300
2021-11-15,71400
2021-11-12,70600
2021-11-11,69900
2021-11-10,70200
2021-11-09,70500
2021-11-08,70600
2021-11-05,70200
2021-11-04,70600
2021-11-03,70400
2021-11-02,71500
2021-11-01,69900
2021-10-29,69800
2021-10-28,70700
2021-10-27,70100
2021-10-26,71100
2021-10-25,70200
2021-10-22,70400
2021-10-21,70200
2021-10-20,70300
2021-10-19,70600
2021-10-18,70200
2021-10-15,70100
2021-10-14,69400
2021-10-13,68800
2021-10-12,69000
2021-10-08,71500
2021-10-07,71600
2021-10-06,71300
2021-10-05,72200
2021-10-01,73200
2021-09-30,74100
2021-09-29,74100
2021-09-28,76300
2021-09-27,77700
2021-09-24,77300
2021-09-23,77400
2021-09-17,77200
2021-09-16,76100
2021-09-15,77000
2021-09-14,76600
2021-09-13,76300
2021-09-10,75300
2021-09-09,75300
2021-09-08,76300
2021-09-07,76100
2021-09-06,77300
2021-09-03,76600
2021-09-02,76000
2021-09-01,76800
2021-08-31,76700
2021-08-30,74600
2021-08-27,74300
2021-08-26,74600
2021-08-25,75700
2021-08-24,75600
2021-08-23,73300
2021-08-20,72700
2021-08-19,73100
2021-08-18,73900
2021-08-17,74200
2021-08-13,74400
2021-08-12,77000
2021-08-11,78500
2021-08-10,80200
2021-08-09,81500
2021-08-06,81500
2021-08-05,82100
2021-08-04,82900
2021-08-03,81400
2021-08-02,79300
2021-07-30,78500
2021-07-29,79000
2021-07-28,79200
2021-07-27,78500
2021-07-26,78800
2021-07-23,79300
2021-07-22,79700
2021-07-21,78500
2021-07-20,79000
2021-07-19,79000
2021-07-16,79800
2021-07-15,80600
2021-07-14,79500
2021-07-13,79800
2021-07-12,79700
2021-07-09,79400
2021-07-08,79900
2021-07-07,80800
2021-07-06,81200
2021-07-05,80400
2021-07-02,80000
2021-07-01,80100
2021-06-30,80700
2021-06-29,81000
2021-06-28,81900
2021-06-25,81600
2021-06-24,81200
2021-06-23,80100
2021-06-22,80000
2021-06-21,79900
2021-06-18,80500
2021-06-17,80900
2021-06-16,81800
2021-06-15,80900
2021-06-14,80500
2021-06-11,81000
2021-06-10,81000
2021-06-09,81100
2021-06-08,81900
2021-06-07,81900
2021-06-04,82200
2021-06-03,82800
2021-06-02,80800
2021-06-01,80600
2021-05-31,80500
2021-05-28,80100
2021-05-27,79600
2021-05-26,79800
2021-05-25,79900
2021-05-24,79700
2021-05-21,80100
2021-05-20,79500
2021-05-18,79600
2021-05-17,79600
2021-05-14,80100
2021-05-13,78500
2021-05-12,80000
2021-05-11,81200
2021-05-10,83200
2021-05-07,81900
2021-05-06,82300
2021-05-04,82600
2021-05-03,81700
2021-04-30,81500
2021-04-29,81700
2021-04-28,82100
2021-04-27,82900
2021-04-26,83500
2021-04-23,82800
2021-04-22,82400
2021-04-21,82600
2021-04-20,83900
2021-04-19,83300
2021-04-16,83900
2021-04-15,84100
2021-04-14,84000
2021-04-13,84000
2021-04-12,83200
2021-04-09,83600
2021-04-08,84700
2021-04-07,85600
2021-04-06,86000
2021-04-05,85400
2021-04-02,84800
2021-04-01,82900
2021-03-31,81400
2021-03-30,82200
2021-03-29,81600
2021-03-26,81500
2021-03-25,81200
2021-03-24,81000
2021-03-23,81800
2021-03-22,82000
2021-03-19,81900
2021-03-18,82900
2021-03-17,82300
2021-03-16,82800
2021-03-15,81800
2021-03-12,82800
2021-03-11,82000
2021-03-10,80900
2021-03-09,81400
2021-03-08,82000
2021-03-05,82100
2021-03-04,82400
2021-03-03,84000
2021-03-02,83600
2021-02-26,82500
2021-02-25,85300
2021-02-24,82000
2021-02-23,82000
2021-02-22,82200
2021-02-19,82600
2021-02-18,82100
2021-02-17,83200
2021-02-16,84900
2021-02-15,84200
2021-02-10,81600
2021-02-09,82700
2021-02-08,83000
2021-02-05,83500
2021-02-04,82500
2021-02-03,84600
2021-02-02,84400
2021-02-01,83000
2021-01-29,82000
2021-01-28,83700
2021-01-27,85600
2021-01-26,86700
2021-01-25,89400
2021-01-22,86800
2021-01-21,88100
2021-01-20,87200
2021-01-19,87000
2021-01-18,85000
2021-01-15,88000
2021-01-14,89700
2021-01-13,89700
2021-01-12,90600
2021-01-11,91000
2021-01-08,88800
2021-01-07,82900
2021-01-06,82200
2021-01-05,83900
2021-01-04,83000
2020-12-30,81000
2020-12-29,78300
2020-12-28,78700
2020-12-24,77800
2020-12-23,73900
2020-12-22,72300
2020-12-21,73000
2020-12-18,73000
2020-12-17,73300
2020-12-16,73800
2020-12-15,73800
2020-12-14,73800
2020-12-11,73400
2020-12-10,72900
2020-12-09,73900
2020-12-08,71700
2020-12-07,72900
2020-12-04,71500
2020-12-03,69700
2020-12-02,69500
2020-12-01,67800
2020-11-30,66700
2020-11-27,68200
2020-11-26,68000
2020-11-25,66600
2020-11-24,67700
2020-11-23,67500
2020-11-20,64700
2020-11-19,64600
2020-11-18,64800
2020-11-17,65700
2020-11-16,66300
2020-11-13,63200
2020-11-12,61000
2020-11-11,61300
2020-11-10,60200
2020-11-09,60200
2020-11-06,60100
2020-11-05,60300
2020-11-04,58500
2020-11-03,58800
2020-11-02,57400
2020-10-30,56600
2020-10-29,58100
2020-10-28,59000
2020-10-27,59800
2020-10-26,60400
2020-10-23,60200
2020-10-22,60100
2020-10-21,60900
2020-10-20,60900
2020-10-19,60000
2020-10-16,59500
2020-10-15,60000
2020-10-14,60900
2020-10-13,60900
2020-10-12,60400
2020-10-08,59700
2020-10-07,59900
2020-10-06,59000
2020-10-05,58700
2020-09-29,58200
2020-09-28,58200
2020-09-25,57900
2020-09-24,57800
2020-09-23,58600
2020-09-22,58200
2020-09-21,59200
2020-09-18,59300
2020-09-17,59500
2020-09-16,61000
2020-09-15,61000
2020-09-14,60400
2020-09-11,59000
2020-09-10,59200
2020-09-09,58400
2020-09-08,58700
2020-09-07,56500
2020-09-04,55600
2020-09-03,56400
2020-09-02,54400
2020-09-01,54200
2020-08-31,54000
2020-08-28,55400
2020-08-27,55600
2020-08-26,56400
2020-08-25,56400
2020-08-24,56100
2020-08-21,55900
2020-08-20,55400
2020-08-19,57800
2020-08-18,58400
2020-08-14,58000
2020-08-13,58700
2020-08-12,59000
2020-08-11,58200
2020-08-10,57800
2020-08-07,57500
2020-08-06,58000
2020-08-05,56900
2020-08-04,57300
2020-08-03,56800
2020-07-31,57900
2020-07-30,59000
2020-07-29,59000
2020-07-28,58600
2020-07-27,55600
2020-07-24,54200
2020-07-23,54100
2020-07-22,54700
2020-07-21,55300
2020-07-20,54200
2020-07-17,54400
2020-07-16,53800
2020-07-15,54700
2020-07-14,53800
2020-07-13,53400
2020-07-10,52700
2020-07-09,52800
2020-07-08,53000
2020-07-07,53400
2020-07-06,55000
2020-07-03,53600
2020-07-02,52900
2020-07-01,52600
2020-06-30,52800
2020-06-29,52400
2020-06-26,53300
2020-06-25,51900
2020-06-24,52900
2020-06-23,51400
2020-06-22,52000
2020-06-19,52900
2020-06-18,52300
2020-06-17,52200
2020-06-16,52100
2020-06-15,49900
2020-06-12,52300
2020-06-11,54300
2020-06-10,55400
2020-06-09,55500
2020-06-08,54900
2020-06-05,55500
2020-06-04,54600
2020-06-03,54500
2020-06-02,51400
2020-06-01,51200
2020-05-29,50700
2020-05-28,50400
2020-05-27,49900
2020-05-26,49250
2020-05-25,48850
2020-05-22,48750
2020-05-21,49950
2020-05-20,50000
2020-05-19,50300
2020-05-18,48800
2020-05-15,47850
2020-05-14,48000
2020-05-13,48550
2020-05-12,47900
2020-05-11,48400
2020-05-08,48800
2020-05-07,48800
2020-05-06,49200
2020-05-04,48500
2020-04-29,50000
2020-04-28,50100
2020-04-27,49850
2020-04-24,49350
2020-04-23,49850
2020-04-22,49850
2020-04-21,49250
2020-04-20,50100
2020-04-17,51400
2020-04-16,49000
2020-04-14,49000
2020-04-13,48300
2020-04-10,49250
2020-04-09,49100
2020-04-08,48600
2020-04-07,49600
2020-04-06,48700
2020-04-03,47000
2020-04-02,46800
2020-04-01,45800
2020-03-31,47750
2020-03-30,47850
2020-03-27,48300
2020-03-26,47800
2020-03-25,48650
2020-03-24,46950
2020-03-23,42500
2020-03-20,45400
2020-03-19,42950
2020-03-18,45600
2020-03-17,47300
2020-03-16,48900
2020-03-13,49950
2020-03-12,50800
2020-03-11,52100
2020-03-10,54600
2020-03-09,54200
2020-03-06,56500
2020-03-05,57800
2020-03-04,57400
2020-03-03,55400
2020-03-02,55000
2020-02-28,54200
2020-02-27,55900
2020-02-26,56500
2020-02-25,57900
2020-02-24,56800
2020-02-21,59200
2020-02-20,60000
2020-02-19,60200
2020-02-18,59800
2020-02-17,61500
2020-02-14,61800
2020-02-13,60700
2020-02-12,60500
2020-02-11,59900
2020-02-10,59700
2020-02-07,60400
2020-02-06,61100
2020-02-05,59500
2020-02-04,58900
2020-02-03,57200
2020-01-31,56400
2020-01-30,57200
2020-01-29,59100
2020-01-28,58800
2020-01-23,60800
2020-01-22,62300
2020-01-21,61400
2020-01-20,62400
2020-01-17,61300
2020-01-16,60700
2020-01-15,59000
2020-01-14,60000
2020-01-13,60000
2020-01-10,59500
2020-01-09,58600
2020-01-08,56800
2020-01-07,55800
2020-01-06,55500
2020-01-03,55500
2020-01-02,55200
2019-12-30,55800
2019-12-27,56500
2019-12-26,55400
2019-12-24,55000
2019-12-23,55500
2019-12-20,56000
2019-12-19,56000
2019-12-18,56300
2019-12-17,56700
2019-12-16,54700
2019-12-13,54700
2019-12-12,53300
2019-12-11,51900
2019-12-10,51500
2019-12-09,51200
2019-12-06,50400
2019-12-05,49500
2019-12-04,49450
2019-12-03,49900
2019-12-02,50400
2019-11-29,50300
2019-11-28,51300
2019-11-27,52200
2019-11-26,51800
2019-11-25,51800
2019-11-22,51600
2019-11-21,51000
2019-11-20,52000
2019-11-19,53500
2019-11-18,53500
2019-11-15,53700
2019-11-14,52800
2019-11-13,52500
2019-11-12,52600
2019-11-11,51600
2019-11-08,52100
2019-11-07,52900
2019-11-06,53300
2019-11-05,52700
2019-11-04,52300
2019-11-01,51200
2019-10-31,50400
2019-10-30,50400
2019-10-29,51100
2019-10-28,51300
2019-10-25,50900
2019-10-24,50700
2019-10-23,51200
2019-10-22,51200
2019-10-21,50300
2019-10-18,49900
2019-10-17,50500
2019-10-16,50700
2019-10-15,50100
2019-10-14,50000
2019-10-11,49150
2019-10-10,48550
2019-10-08,48900
2019-10-07,47750
2019-10-04,48000
2019-10-02,47600
2019-10-01,48850
2019-09-30,49050
2019-09-27,48400
2019-09-26,49200
2019-09-25,48900
2019-09-24,49500
2019-09-23,49300
2019-09-20,49200
2019-09-19,49150
2019-09-18,47700
2019-09-17,46900
2019-09-16,47100
2019-09-11,47150
2019-09-10,47000
2019-09-09,46900
2019-09-06,46300
2019-09-05,45700
2019-09-04,44100
2019-09-03,43250
2019-09-02,43800
2019-08-30,44000
2019-08-29,43400
2019-08-28,44150
2019-08-27,44050
2019-08-26,43600
2019-08-23,43950
2019-08-22,44050
2019-08-21,44500
2019-08-20,44450
2019-08-19,43600
2019-08-16,43900
2019-08-14,43700
2019-08-13,43000
2019-08-12,43700
2019-08-09,43150
2019-08-08,42650
2019-08-07,43200
2019-08-06,43500
2019-08-05,43950
2019-08-02,44950
2019-08-01,45200
2019-07-31,45350
2019-07-30,46550
2019-07-29,46100
2019-07-26,47150
2019-07-25,47200
2019-07-24,46400
2019-07-23,47300
2019-07-22,47200
2019-07-19,46800
2019-07-18,46100
2019-07-17,46050
2019-07-16,46850
2019-07-15,46450
2019-07-12,46300
2019-07-11,46200
2019-07-10,45550
2019-07-09,45100
2019-07-08,44400
2019-07-05,45650
2019-07-04,46000
2019-07-03,45400
2019-07-02,46250
2019-07-01,46600
2019-06-28,47000
2019-06-27,46500
2019-06-26,45700
2019-06-25,45600
2019-06-24,45500
2019-06-21,45700
2019-06-20,45500
2019-06-19,45350
2019-06-18,44350
2019-06-17,43900
2019-06-14,44000
2019-06-13,43750
2019-06-12,44600
2019-06-11,44850
2019-06-10,44800
2019-06-07,44200
2019-06-05,43900
2019-06-04,43450
2019-06-03,43800
2019-05-31,42500
2019-05-30,42550
2019-05-29,41800
2019-05-28,42550
2019-05-27,42650
2019-05-24,42700
2019-05-23,43850
2019-05-22,43500
2019-05-21,43150
2019-05-20,42000
2019-05-17,41200
2019-05-16,41550
2019-05-15,42550
2019-05-14,42650
2019-05-13,42650
2019-05-10,42900
2019-05-09,42450
2019-05-08,44250
2019-05-07,44850
2019-05-03,45300
2019-05-02,45900
2019-04-30,45850
2019-04-29,46150
2019-04-26,44850
2019-04-25,44650
2019-04-24,44750
2019-04-23,45200
2019-04-22,45350
2019-04-19,45300
2019-04-18,45600
2019-04-17,47050
2019-04-16,47250
2019-04-15,47050
2019-04-12,46850
2019-04-11,46250
2019-04-10,46700
2019-04-09,46650
2019-04-08,46650
2019-04-05,46850
2019-04-04,46950
2019-04-03,46600
2019-04-02,45750
2019-04-01,45050
2019-03-29,44650
2019-03-28,44850
2019-03-27,45350
2019-03-26,45250
2019-03-25,45500
2019-03-22,46550
2019-03-21,45850
2019-03-20,44050
2019-03-19,43900
2019-03-18,43700
2019-03-15,44200
2019-03-14,43850
2019-03-13,43850
2019-03-12,44650
2019-03-11,43650
2019-03-08,43800
2019-03-07,44450
2019-03-06,44000
2019-03-05,44250
2019-03-04,44850
2019-02-28,45100
2019-02-27,46750
2019-02-26,46750
2019-02-25,47350
2019-02-22,47150
2019-02-21,46950
2019-02-20,46900
2019-02-19,45950
2019-02-18,46200
2019-02-15,46050
2019-02-14,47500
2019-02-13,46200
2019-02-12,46050
2019-02-11,45000
2019-02-08,44800
2019-02-07,46200
2019-02-01,46350
2019-01-31,46150
2019-01-30,46400
2019-01-29,45500
2019-01-28,45050
2019-01-25,44750
2019-01-24,43050
2019-01-23,42000
2019-01-22,42150
2019-01-21,42750
2019-01-18,42300
2019-01-17,41950
2019-01-16,41450
2019-01-15,41100
2019-01-14,40050
2019-01-11,40500
2019-01-10,39800
2019-01-09,39600
2019-01-08,38100
2019-01-07,38750
2019-01-04,37450
2019-01-03,37600
2019-01-02,38750
2018-12-28,38700
2018-12-27,38250
2018-12-26,38350
2018-12-24,38800
2018-12-21,38650
2018-12-20,38650
2018-12-19,39100
2018-12-18,38900
2018-12-17,39150
2018-12-14,38950
2018-12-13,40000
2018-12-12,40450
2018-12-11,40250
2018-12-10,40200
2018-12-07,40950
2018-12-06,40500
2018-12-05,41450
2018-12-04,42150
2018-12-03,43250
2018-11-30,41850
2018-11-29,43150
2018-11-28,43150
2018-11-27,43050
2018-11-26,42600
2018-11-23,42400
2018-11-22,42450
2018-11-21,42100
2018-11-20,42800
2018-11-19,43650
2018-11-16,44000
2018-11-15,44250
2018-11-14,44100
2018-11-13,44500
2018-11-12,45200
2018-11-09,44300
2018-11-08,44050
2018-11-07,44000
2018-11-06,43750
2018-11-05,43800
2018-11-02,44150
2018-11-01,42150
2018-10-31,42400
2018-10-30,42350
2018-10-29,41400
2018-10-26,41000
2018-10-25,41000
2018-10-24,42550
2018-10-23,43050
2018-10-22,43550
2018-10-19,43900
2018-10-18,44050
2018-10-17,44150
2018-10-16,43600
2018-10-15,43800
2018-10-12,44000
2018-10-11,43100
2018-10-10,45300
2018-10-08,44950
2018-10-05,44700
2018-10-04,44700
2018-10-02,45700
2018-10-01,46350
2018-09-28,46450
2018-09-27,47500
2018-09-21,47400
2018-09-20,47250
2018-09-19,46150
2018-09-18,45500
2018-09-17,45150
2018-09-14,45850
2018-09-13,44050
2018-09-12,44550
2018-09-11,45050
2018-09-10,45500
2018-09-07,44900
2018-09-06,46100
2018-09-05,46600
2018-09-04,47650
2018-09-03,47450
2018-08-31,48450
2018-08-30,47650
2018-08-29,46800
2018-08-28,46550
2018-08-27,46300
2018-08-24,46150
2018-08-23,46200
2018-08-22,46100
2018-08-21,44800
2018-08-20,43850
2018-08-17,44100
2018-08-16,44250
2018-08-14,45150
2018-08-13,45050
2018-08-10,45400
2018-08-09,46900
2018-08-08,46800
2018-08-07,46700
2018-08-06,45800
2018-08-03,45750
2018-08-02,45550
2018-08-01,46550
2018-07-31,46250
2018-07-30,46500
2018-07-27,46900
2018-07-26,46900
2018-07-25,46150
2018-07-24,46150
2018-07-23,46500
2018-07-20,47450
2018-07-19,46900
2018-07-18,46550
2018-07-17,45850
2018-07-16,46050
2018-07-13,46500
2018-07-12,45500
2018-07-11,46000
2018-07-10,46300
2018-07-09,45600
2018-07-06,44900
2018-07-05,45950
2018-07-04,46250
2018-07-03,46150
2018-07-02,45550
2018-06-29,46650
2018-06-28,46800
2018-06-27,47950
2018-06-26,47000
2018-06-25,46650
2018-06-22,47250
2018-06-21,47050
2018-06-20,47000
2018-06-19,47000
2018-06-18,46600
2018-06-15,47650
2018-06-14,48200
2018-06-12,49400
2018-06-11,49900
2018-06-08,49650
2018-06-07,50600
2018-06-05,51300
2018-06-04,51100
2018-06-01,51300
2018-05-31,50700
2018-05-30,49500
2018-05-29,51300
2018-05-28,52300
2018-05-25,52700
2018-05-24,51400
2018-05-23,51800
2018-05-21,50000
2018-05-18,49500
2018-05-17,49400
2018-05-16,49850
2018-05-15,49200
2018-05-14,50100
2018-05-11,51300
2018-05-10,51600
2018-05-09,50900
2018-05-08,52600
2018-05-04,51900
2018-04-27,53000
2018-04-26,52140
2018-04-25,50400
2018-04-24,50460
2018-04-23,51900
2018-04-20,51620
2018-04-19,52780
2018-04-18,51360
2018-04-17,49980
2018-04-16,50340
2018-04-13,49800
2018-04-12,49000
2018-04-11,48860
2018-04-10,48880
2018-04-09,49200
2018-04-06,48400
2018-04-05,48740
2018-04-04,46920
2018-04-03,48120
2018-04-02,48540
2018-03-30,49220
2018-03-29,49040
2018-03-28,48700
2018-03-27,49980
2018-03-26,50280
2018-03-23,49720
2018-03-22,51780
2018-03-21,51060
2018-03-20,51200
2018-03-19,50740
2018-03-16,51140
2018-03-15,51540
2018-03-14,51760
2018-03-13,51660
2018-03-12,49740
2018-03-09,49740
2018-03-08,49200
2018-03-07,48620
2018-03-06,47020
2018-03-05,45200
2018-03-02,46020
2018-02-28,47060
2018-02-27,47380
2018-02-26,47380
2018-02-23,47220
2018-02-22,46760
2018-02-21,47280
2018-02-20,47400
2018-02-19,48380
2018-02-14,49000
2018-02-13,47540
2018-02-12,45720
2018-02-09,44700
2018-02-08,46000
2018-02-07,45800
2018-02-06,47420
2018-02-05,47920
2018-02-02,47700
2018-02-01,49820
2018-01-31,49900
2018-01-30,49800
2018-01-29,51220
2018-01-26,50780
2018-01-25,50260
2018-01-24,49340
2018-01-23,49160
2018-01-22,48240
2018-01-19,49320
2018-01-18,49900
2018-01-17,49620
2018-01-16,50000
2018-01-15,48540
2018-01-12,48200
2018-01-11,48240
2018-01-10,48840
2018-01-09,50400
2018-01-08,52020
2018-01-05,52120
2018-01-04,51080
2018-01-03,51620
2018-01-02,51020
2017-12-28,50960
2017-12-27,49360
2017-12-26,48200
2017-12-22,49700
2017-12-21,49140
2017-12-20,50880
2017-12-19,51560
2017-12-18,51200
2017-12-15,50620
2017-12-14,51060
2017-12-13,51320
2017-12-12,52100
2017-12-11,51780
2017-12-08,52000
2017-12-07,50740
2017-12-06,50020
2017-12-05,51260
2017-12-04,51340
2017-12-01,50840
2017-11-30,50800
2017-11-29,52600
2017-11-28,53280
2017-11-27,52640
2017-11-24,55460
2017-11-23,55300
2017-11-22,55960
2017-11-21,55280
2017-11-20,55200
2017-11-17,55820
2017-11-16,55780
2017-11-15,55340
2017-11-14,55920
2017-11-13,56380
2017-11-10,56400
2017-11-09,56340
2017-11-08,56760
2017-11-07,56100
2017-11-06,56380
2017-11-03,56380
2017-11-02,57060
2017-11-01,57220
2017-10-31,55080
2017-10-30,54040
2017-10-27,53080
2017-10-26,52400
2017-10-25,53900
2017-10-24,54040
2017-10-23,54300
2017-10-20,53840
2017-10-19,52980
2017-10-18,54760
2017-10-17,54800
2017-10-16,53920
2017-10-13,54000
2017-10-12,54800
2017-10-11,54640
2017-10-10,52800
2017-09-29,51280
2017-09-28,51260
2017-09-27,51680
2017-09-26,51660
2017-09-25,53620
2017-09-22,53000
2017-09-21,52800
2017-09-20,52220
2017-09-19,52120
2017-09-18,52480
2017-09-15,50400
2017-09-14,50300
2017-09-13,49620
2017-09-12,49600
2017-09-11,49800
2017-09-08,49080
2017-09-07,48120
2017-09-06,47000
2017-09-05,46760
2017-09-04,46040
2017-09-01,46480
2017-08-31,46320
2017-08-30,46200
2017-08-29,46080
2017-08-28,46100
2017-08-25,47020
2017-08-24,47520
2017-08-23,47480
2017-08-22,47000
2017-08-21,46840
2017-08-18,46900
2017-08-17,47040
2017-08-16,46200
2017-08-14,45000
2017-08-11,44620
2017-08-10,45900
2017-08-09,46280
2017-08-08,47720
2017-08-07,47580
2017-08-04,47700
2017-08-03,47780
2017-08-02,49000
2017-08-01,48600
2017-07-31,48200
2017-07-28,47760
2017-07-27,49800
2017-07-26,49840
2017-07-25,50000
2017-07-24,50860
2017-07-21,51080
2017-07-20,51200
2017-07-19,50740
2017-07-18,50840
2017-07-17,50640
2017-07-14,50480
2017-07-13,50560
2017-07-12,49880
2017-07-11,49000
2017-07-10,48660
2017-07-07,47860
2017-07-06,48060
2017-07-05,47580
2017-07-04,47000
2017-07-03,47220
2017-06-30,47540
2017-06-29,47940
2017-06-28,47700
2017-06-27,48300
2017-06-26,48280
2017-06-23,47620
2017-06-22,47960
2017-06-21,47480
2017-06-20,48140
2017-06-19,46560
2017-06-16,45580
2017-06-15,45680
2017-06-14,45360
2017-06-13,45400
2017-06-12,45380
2017-06-09,46100
2017-06-08,45160
2017-06-07,45300
2017-06-05,45940
2017-06-02,45960
2017-06-01,44680
2017-05-31,44700
2017-05-30,44640
2017-05-29,45620
2017-05-26,46080
2017-05-25,45680
2017-05-24,44880
2017-05-23,44920
2017-05-22,45100
2017-05-19,44720
2017-05-18,45940
2017-05-17,46340
2017-05-16,46380
2017-05-15,46100
2017-05-12,45820
2017-05-11,45500
2017-05-10,45600
2017-05-08,47020
2017-05-04,45520
2017-05-02,44900
2017-04-28,44620
2017-04-27,43840
2017-04-26,42800
2017-04-25,42700
2017-04-24,41240
2017-04-21,40760
2017-04-20,40280
2017-04-19,40900
2017-04-18,41500
2017-04-17,41560
2017-04-14,42020
2017-04-13,42420
2017-04-12,41900
2017-04-11,41600
2017-04-10,41940
2017-04-07,41600
2017-04-06,41840
2017-04-05,42140
2017-04-04,42080
2017-04-03,41440
2017-03-31,41200
2017-03-30,41980
2017-03-29,41780
2017-03-28,41480
2017-03-27,41200
2017-03-24,41500
2017-03-23,41800
2017-03-22,42460
2017-03-21,42560
2017-03-20,41900
2017-03-17,42400
2017-03-16,41840
2017-03-15,41400
2017-03-14,41360
2017-03-13,40600
2017-03-10,40180
2017-03-09,40200
2017-03-08,40200
2017-03-07,40200
2017-03-06,40080
2017-03-03,39620
2017-03-02,39720
2017-02-28,38440
2017-02-27,38060
2017-02-24,38220
2017-02-23,39180
2017-02-22,39300
2017-02-21,38940
2017-02-20,38660
2017-02-17,37860
2017-02-16,38020
2017-02-15,37720
2017-02-14,37580
2017-02-13,37960
2017-02-10,38360
2017-02-09,38400
2017-02-08,38400
2017-02-07,38820
2017-02-06,39560
2017-02-03,39460
2017-02-02,39360
2017-02-01,39120
2017-01-31,39460
2017-01-26,39900
2017-01-25,39400
2017-01-24,38160
2017-01-23,38060
2017-01-20,37200
2017-01-19,37480
2017-01-18,36940
2017-01-17,36960
2017-01-16,36660
2017-01-13,37460
2017-01-12,38800
2017-01-11,38280
2017-01-10,37240
2017-01-09,37220
2017-01-06,36200
2017-01-05,35560
2017-01-04,36160
2017-01-03,36480
2017-01-02,36100
2016-12-29,36040
2016-12-28,35760
2016-12-27,35980
2016-12-26,35960
2016-12-23,35640
2016-12-22,36180
2016-12-21,36100
2016-12-20,36240
2016-12-19,35900
2016-12-16,35860
2016-12-15,35180
2016-12-14,35540
2016-12-13,35320
2016-12-12,35040
2016-12-09,35600
2016-12-08,35800
2016-12-07,35440
2016-12-06,34960
2016-12-05,34360
2016-12-02,34540
2016-12-01,34980
2016-11-30,34920
2016-11-29,33540
2016-11-28,33540
2016-11-25,33000
2016-11-24,33000
2016-11-23,32980
2016-11-22,32800
2016-11-21,31860
2016-11-18,31720
2016-11-17,31360
2016-11-16,31160
2016-11-15,30780
2016-11-14,31060
2016-11-11,31960
2016-11-10,32980
2016-11-09,31920
2016-11-08,32880
2016-11-07,32800
2016-11-04,32540
2016-11-03,32320
2016-11-02,32860
2016-11-01,33040
2016-10-31,32780
2016-10-28,32280
2016-10-27,31460
2016-10-26,31340
2016-10-25,31940
2016-10-24,32160
2016-10-21,31780
2016-10-20,32400
2016-10-19,32500
2016-10-18,31780
2016-10-17,31800
2016-10-14,31540
2016-10-13,31140
2016-10-12,30700
2016-10-11,30900
2016-10-10,33600
2016-10-07,34120
2016-10-06,33820
2016-10-05,32380
2016-10-04,32280
2016-09-30,31960
2016-09-29,32000
2016-09-28,31340
2016-09-27,31380
2016-09-26,31360
2016-09-23,31420
2016-09-22,32360
2016-09-21,31840
2016-09-20,31700
2016-09-19,31160
2016-09-13,30540
2016-09-12,29300
2016-09-09,31500
2016-09-08,32780
2016-09-07,32420
2016-09-06,32860
2016-09-05,32120
2016-09-02,31940
2016-09-01,31740
2016-08-31,32400
2016-08-30,32900
2016-08-29,32800
2016-08-26,32240
2016-08-25,32780
2016-08-24,33060
2016-08-23,33740
2016-08-22,33300
2016-08-19,33500
2016-08-18,32800
2016-08-17,31320
2016-08-16,31360
2016-08-12,30900
2016-08-11,31180
2016-08-10,30820
2016-08-09,31340
2016-08-08,31380
2016-08-05,31220
2016-08-04,30340
2016-08-03,30340
2016-08-02,30960
2016-08-01,31360
2016-07-29,30780
2016-07-28,30140
2016-07-27,30540
2016-07-26,30600
2016-07-25,30040
2016-07-22,30320
2016-07-21,30860
2016-07-20,30800
2016-07-19,30660
2016-07-18,30660
2016-07-15,30360
2016-07-14,30000
2016-07-13,29620
2016-07-12,29280
2016-07-11,29780
2016-07-08,29200
2016-07-07,29000
2016-07-06,28420
2016-07-05,29380
2016-07-04,29320
2016-07-01,29320
2016-06-30,28500
2016-06-29,27920
2016-06-28,27980
2016-06-27,27960
2016-06-24,28000
2016-06-23,28600
2016-06-22,28900
2016-06-21,28960
2016-06-20,28620
2016-06-17,28520
2016-06-16,28180
2016-06-15,28260
2016-06-14,27600
2016-06-13,27420
2016-06-10,28120
2016-06-09,28600
2016-06-08,28120
2016-06-07,27960
2016-06-03,27540
2016-06-02,27300
2016-06-01,26660
2016-05-31,25840
2016-05-30,25600
2016-05-27,25640
2016-05-26,25920
2016-05-25,25900
2016-05-24,25420
2016-05-23,25720
2016-05-20,25380
2016-05-19,25400
2016-05-18,25360
2016-05-17,25280
2016-05-16,24960
2016-05-13,25060
2016-05-12,25620
2016-05-11,25840
2016-05-10,25920
2016-05-09,25980
2016-05-04,25800
2016-05-03,25220
2016-05-02,25000
2016-04-29,24900
2016-04-28,25300
2016-04-27,26000
2016-04-26,25920
2016-04-25,25620
2016-04-22,25600
2016-04-21,25880
2016-04-20,25980
2016-04-19,25760
2016-04-18,25980
2016-04-15,26000
2016-04-14,26000
2016-04-12,25500
2016-04-11,25320
2016-04-08,24920
2016-04-07,25380
2016-04-06,25700
2016-04-05,25200
2016-04-04,26100
2016-04-01,25580
2016-03-31,26240
2016-03-30,26160
2016-03-29,25800
2016-03-28,25880
2016-03-25,25760
2016-03-24,25640
2016-03-23,25580
2016-03-22,25380
2016-03-21,25340
2016-03-18,25460
2016-03-17,25260
2016-03-16,25120
2016-03-15,25060
2016-03-14,25100
2016-03-11,24980
2016-03-10,24500
2016-03-09,23880
2016-03-08,23840
2016-03-07,24460
2016-03-04,24300
2016-03-03,24400
2016-03-02,23940
2016-02-29,23560
2016-02-26,23440
2016-02-25,23580
2016-02-24,23440
2016-02-23,23620
2016-02-22,23500
2016-02-19,23800
2016-02-18,23740
2016-02-17,23700
2016-02-16,23360
2016-02-15,23080
2016-02-12,22600
2016-02-11,22600
2016-02-05,23280
2016-02-04,23120
2016-02-03,22920
2016-02-02,23120
2016-02-01,23260
2016-01-29,23000
2016-01-28,22900
2016-01-27,23500
2016-01-26,22740
2016-01-25,23240
2016-01-22,23360
2016-01-21,22620
2016-01-20,22760
2016-01-19,23420
2016-01-18,22520
2016-01-15,22640
2016-01-14,22760
2016-01-13,22960
2016-01-12,22920
2016-01-11,23040
2016-01-08,23420
2016-01-07,23260
2016-01-06,23500
2016-01-05,24160
2016-01-04,24100
2015-12-30,25200
2015-12-29,25080
2015-12-28,25320
2015-12-24,25700
2015-12-23,25900
2015-12-22,25840
2015-12-21,25600
2015-12-18,25560
2015-12-17,25800
2015-12-16,25980
2015-12-15,25540
2015-12-14,25220
2015-12-11,25680
2015-12-10,25660
2015-12-09,25260
2015-12-08,25240
2015-12-07,25240
2015-12-04,25380
2015-12-03,25800
2015-12-02,26000
2015-12-01,26420
2015-11-30,25680
2015-11-27,26540
2015-11-26,26700
2015-11-25,25980
2015-11-24,25980
2015-11-23,25640
2015-11-20,25700
2015-11-19,25780
2015-11-18,25620
2015-11-17,25400
2015-11-16,25260
2015-11-13,26000
2015-11-12,26340
2015-11-11,26660
2015-11-10,26420
2015-11-09,26880
2015-11-06,26760
2015-11-05,26840
2015-11-04,26600
2015-11-03,27040
2015-11-02,27660
2015-10-30,27440
2015-10-29,26500
2015-10-28,26160
2015-10-27,25960
2015-10-26,25840
2015-10-23,25780
2015-10-22,25600
2015-10-21,25400
2015-10-20,25320
2015-10-19,25120
2015-10-16,25300
2015-10-15,25380
2015-10-14,25080
2015-10-13,25040
2015-10-12,25200
2015-10-08,25400
2015-10-07,25020
2015-10-06,23020
2015-10-05,22300
2015-10-02,22380
2015-10-01,22680
2015-09-30,22680
2015-09-25,22240
2015-09-24,22520
2015-09-23,22620
2015-09-22,22900
2015-09-21,23000
2015-09-18,23800
2015-09-17,23140
2015-09-16,23040
2015-09-15,22460
2015-09-14,22480
2015-09-11,22300
2015-09-10,22680
2015-09-09,22940
2015-09-08,22620
2015-09-07,22240
2015-09-04,22580
2015-09-03,22440
2015-09-02,21800
2015-09-01,21700
2015-08-31,21780
2015-08-28,21620
2015-08-27,21340
2015-08-26,21340
2015-08-25,21580
2015-08-24,21580
2015-08-21,22020
2015-08-20,22780
2015-08-19,23080
2015-08-18,22620
2015-08-17,22080
2015-08-13,22800
2015-08-12,23080
2015-08-11,23140
2015-08-10,22820
2015-08-07,22720
2015-08-06,22300
2015-08-05,23180
2015-08-04,23640
2015-08-03,23500
2015-07-31,23700
2015-07-30,24300
2015-07-29,25260
2015-07-28,24600
2015-07-27,24600
2015-07-24,24580
2015-07-23,24680
2015-07-22,25060
2015-07-21,25260
2015-07-20,25500
2015-07-17,26100
2015-07-16,25640
2015-07-15,24700
2015-07-14,24500
2015-07-13,25320
2015-07-10,25180
2015-07-09,25300
2015-07-08,24780
2015-07-07,24800
2015-07-06,24600
2015-07-03,25360
2015-07-02,25980
2015-07-01,25900
2015-06-30,25360
2015-06-29,25620
2015-06-26,25560
2015-06-25,25380
2015-06-24,26040
2015-06-23,26420
2015-06-22,25620
2015-06-19,25320
2015-06-18,25300
2015-06-17,25080
2015-06-16,25100
2015-06-15,25400
2015-06-12,25540
2015-06-11,25140
2015-06-10,25240
2015-06-09,25640
2015-06-08,26280
2015-06-05,26820
2015-06-04,26740
2015-06-03,25460
2015-06-02,26060
2015-06-01,25820
2015-05-29,26140
2015-05-28,26180
2015-05-27,26280
2015-05-26,27240
2015-05-22,27000
2015-05-21,27040
2015-05-20,27320
2015-05-19,26760
2015-05-18,26400
2015-05-15,26520
2015-05-14,26800
2015-05-13,26660
2015-05-12,26620
2015-05-11,26720
2015-05-08,26760
2015-05-07,27400
2015-05-06,27240
2015-05-04,28000
2015-04-30,28200
2015-04-29,27700
2015-04-28,27320
2015-04-27,27900
2015-04-24,28200
2015-04-23,29020
2015-04-22,29220
2015-04-21,28880
2015-04-20,28600
2015-04-17,29000
2015-04-16,29540
2015-04-15,28920
2015-04-14,29480
2015-04-13,29580
2015-04-10,29800
2015-04-09,29660
2015-04-08,29580
2015-04-07,29240
2015-04-06,29400
2015-04-03,28680
2015-04-02,28680
2015-04-01,28460
2015-03-31,28820
2015-03-30,28560
2015-03-27,28420
2015-03-26,28420
2015-03-25,29700
2015-03-24,29520
2015-03-23,29340
2015-03-20,29280
2015-03-19,29400
2015-03-18,30060
2015-03-17,29940
2015-03-16,29400
2015-03-13,29140
2015-03-12,28940
2015-03-11,29480
2015-03-10,28420
2015-03-09,28400
2015-03-06,28840
2015-03-05,28440
2015-03-04,28740
2015-03-03,28360
2015-03-02,28460
2015-02-27,27140
2015-02-26,27500
2015-02-25,27580
