"Date","AQ232683.Corp"
2025-03-25,81.454
2025-03-24,82.149
2025-03-21,82.543
2025-03-20,82.849
2025-03-19,82.704
2025-03-18,82.176
2025-03-17,82.05
2025-03-14,81.42
2025-03-13,82.13
2025-03-12,81.61
2025-03-11,82.451
2025-03-10,83.251
2025-03-07,82.353
2025-03-06,82.49
2025-03-05,82.768
2025-03-04,83.175
2025-03-03,84.724
2025-02-28,83.925
2025-02-27,83.827
2025-02-26,83.516
2025-02-25,83.361
2025-02-24,82.495
2025-02-21,82.051
2025-02-20,82.161
2025-02-19,81.856
2025-02-18,81.247
2025-02-14,81.688
2025-02-13,80.5
2025-02-12,79.851
2025-02-11,80.386
2025-02-10,80.439
2025-02-07,81.209
2025-02-06,81.262
2025-02-05,80.953
2025-02-04,80.031
2025-02-03,79.824
2025-01-31,79.409
2025-01-30,79.766
2025-01-29,79.72
2025-01-28,78.972
2025-01-27,79.362
2025-01-24,78.688
2025-01-23,78.429
2025-01-22,79.069
2025-01-21,79.152
2025-01-17,78.978
2025-01-16,79.003
2025-01-15,78.691
2025-01-14,76.751
2025-01-13,76.987
2025-01-10,77.089
2025-01-09,77.502
2025-01-08,78.031
2025-01-07,77.54
2025-01-06,78.829
2025-01-03,79.308
2025-01-02,78.889
2024-12-31,79.889
2024-12-30,80.147
2024-12-27,78.974
2024-12-26,79.583
2024-12-24,78.559
2024-12-23,78.435
2024-12-20,80.137
2024-12-19,80.233
2024-12-18,79.761
2024-12-17,81.543
2024-12-16,81.891
2024-12-13,81.679
2024-12-12,82.288
2024-12-11,83.049
2024-12-10,84.001
2024-12-09,82.96
2024-12-06,84.894
2024-12-05,84.769
2024-12-04,83.806
2024-12-03,82.771
2024-12-02,84.365
2024-11-29,84.715
2024-11-27,84.047
2024-11-26,83.4
2024-11-25,83.456
2024-11-22,82.8
2024-11-21,81.735
2024-11-20,81.364
2024-11-19,82.71
2024-11-18,82.433
2024-11-15,82.682
2024-11-14,83.552
2024-11-13,82.886
2024-11-12,84.378
2024-11-08,85.437
2024-11-07,84.71
2024-11-06,83.437
2024-11-05,85.347
2024-11-04,85.067
2024-11-01,83.447
2024-10-31,85.152
2024-10-30,84.509
2024-10-29,84.631
2024-10-28,84.79
2024-10-25,85.181
2024-10-24,85.073
2024-10-23,84.122
2024-10-22,84.532
2024-10-21,85.584
2024-10-18,85.877
2024-10-17,86.09
2024-10-16,87.894
2024-10-15,86.974
2024-10-11,85.285
2024-10-10,86.421
2024-10-09,86.462
2024-10-08,86.444
2024-10-07,86.221
2024-10-04,86.589
2024-10-03,88.122
2024-10-02,88.806
2024-10-01,89.646
2024-09-30,88.578
2024-09-27,88.226
2024-09-26,87.387
2024-09-25,87.654
2024-09-24,88.343
2024-09-23,87.774
2024-09-20,87.857
2024-09-19,88.298
2024-09-18,87.771
2024-09-17,88.109
2024-09-16,88.238
2024-09-13,87.591
2024-09-12,88.037
2024-09-11,88.045
2024-09-10,87.887
2024-09-09,87.275
2024-09-06,87.406
2024-09-05,86.863
2024-09-04,86.378
2024-09-03,85.603
2024-08-30,84.674
2024-08-29,85.064
2024-08-28,85.209
2024-08-27,85.363
2024-08-26,85.899
2024-08-23,85.172
2024-08-22,84.736
2024-08-21,85.317
2024-08-20,85.262
2024-08-19,85.356
2024-08-16,84.687
2024-08-15,84.342
2024-08-14,83.933
2024-08-13,83.128
2024-08-12,82.653
2024-08-09,82.425
2024-08-08,81.73
2024-08-07,81.967
2024-08-06,82.256
2024-08-05,83.106
2024-08-02,84.155
2024-08-01,82.959
2024-07-31,82.534
2024-07-30,81.514
2024-07-29,80.293
2024-07-26,80.03
2024-07-25,80.27
2024-07-24,79.47
2024-07-23,80.645
2024-07-22,79.928
2024-07-19,80.305
2024-07-18,80.955
2024-07-17,82.082
2024-07-16,82.165
2024-07-15,81.19
2024-07-12,81.829
2024-07-11,81.921
2024-07-10,81.099
2024-07-09,81.007
2024-07-08,80.967
2024-07-05,80.183
2024-07-03,80.442
2024-07-02,79
2024-07-01,77.931
2024-06-28,78.607
2024-06-27,80.425
2024-06-26,79.908
2024-06-25,80.127
2024-06-24,80.923
2024-06-21,81.382
2024-06-20,80.879
2024-06-18,82.254
2024-06-17,82.16
2024-06-14,82.14
2024-06-13,82.858
2024-06-12,80.885
2024-06-11,80.797
2024-06-10,79.568
2024-06-07,80.353
2024-06-06,81.828
2024-06-05,81.92
2024-06-04,81.627
2024-06-03,81.43
2024-05-31,80.05
2024-05-30,79.609
2024-05-29,78.872
2024-05-28,79.505
2024-05-24,80.751
2024-05-23,80.546
2024-05-22,80.63
2024-05-21,80.559
2024-05-20,80.159
2024-05-17,80.646
2024-05-16,81.704
2024-05-15,81.841
2024-05-14,79.5
2024-05-13,79.666
2024-05-10,79.57
2024-05-09,79.706
2024-05-08,78.858
2024-05-07,79.901
2024-05-06,78.852
2024-05-03,78.868
2024-05-02,78.148
2024-05-01,77.343
2024-04-30,77.418
2024-04-29,78.967
2024-04-26,77.523
2024-04-25,77.357
2024-04-24,78.121
2024-04-23,77.835
2024-04-22,78.455
2024-04-19,78.368
2024-04-18,78.504
2024-04-17,78.793
2024-04-16,77.583
2024-04-15,78.191
2024-04-12,79.664
2024-04-11,78.521
2024-04-10,78.469
2024-04-09,80.462
2024-04-08,79.801
2024-04-05,79.828
2024-04-04,80.625
2024-04-03,81.398
2024-04-02,81.16
2024-04-01,81.562
2024-03-28,82.422
2024-03-27,82.973
2024-03-26,81.245
2024-03-25,81.46
2024-03-22,82.616
2024-03-21,80.878
2024-03-20,81.476
2024-03-19,81.072
2024-03-18,81.669
2024-03-15,81.021
2024-03-14,80.732
2024-03-13,81.507
2024-03-12,81.478
2024-03-11,82.265
2024-03-08,82.418
2024-03-07,82.329
2024-03-06,82.405
2024-03-05,82.351
2024-03-04,82.007
2024-03-01,82.935
2024-02-29,81.342
2024-02-28,81.203
2024-02-27,80.824
2024-02-26,81.719
2024-02-23,82.044
2024-02-22,79.947
2024-02-21,80.744
2024-02-20,80.859
2024-02-16,80.478
2024-02-15,80.934
2024-02-14,80.184
2024-02-13,79.774
2024-02-12,80.921
2024-02-09,81.21
2024-02-08,80.994
2024-02-07,82.163
2024-02-06,81.185
2024-02-05,80.225
2024-02-02,81.589
2024-02-01,82.384
2024-01-31,82.142
2024-01-30,80.719
2024-01-29,79.92
2024-01-26,78.707
2024-01-25,78.376
2024-01-24,78.361
2024-01-23,77.958
2024-01-22,77.513
2024-01-19,78.109
2024-01-18,77.177
2024-01-17,77.604
2024-01-16,78.225
2024-01-12,79.653
2024-01-11,79.517
2024-01-10,79.551
2024-01-09,78.689
2024-01-08,77.979
2024-01-05,78.667
2024-01-04,79.912
2024-01-03,80.649
2024-01-02,80.512
2023-12-29,81.71
2023-12-28,83.84
2023-12-27,82.329
2023-12-26,81.141
2023-12-22,81.541
2023-12-21,81.714
2023-12-20,82.454
2023-12-19,81.851
2023-12-18,82.015
2023-12-15,81.552
2023-12-14,81.739
2023-12-13,78.967
2023-12-12,76.694
2023-12-11,77.226
2023-12-08,77.337
2023-12-07,77.47
2023-12-06,77.859
2023-12-05,76.85
2023-12-04,77.177
2023-12-01,75.945
2023-11-30,74.952
2023-11-29,75.321
2023-11-28,75.064
2023-11-27,74.11
2023-11-24,73.672
2023-11-22,73.953
2023-11-21,74.207
2023-11-20,73.081
2023-11-17,73.656
2023-11-16,71.613
2023-11-15,70.814
2023-11-14,71.502
2023-11-13,69.737
2023-11-10,69.766
2023-11-09,69.729
2023-11-08,71.785
2023-11-07,69.077
2023-11-06,68.985
2023-11-03,68.627
2023-11-02,68.75
2023-11-01,67.562
2023-10-31,66.063
2023-10-30,66.701
2023-10-27,66.914
2023-10-26,66.47
2023-10-25,66.435
2023-10-24,67.029
2023-10-23,66.58
2023-10-20,66.197
2023-10-19,65.917
2023-10-18,66.787
2023-10-17,66.794
2023-10-16,67.785
2023-10-13,68.335
2023-10-12,67.351
2023-10-11,70.274
2023-10-10,67.513
2023-10-06,66.764
2023-10-05,67.181
2023-10-04,67.115
2023-10-03,66.103
2023-10-02,68.091
2023-09-29,69.422
2023-09-28,68.05
2023-09-27,68.348
2023-09-26,69.27
2023-09-25,69.024
2023-09-22,71.182
2023-09-21,69.401
2023-09-20,71.07
2023-09-19,71.927
2023-09-18,71.817
2023-09-15,71.548
2023-09-14,72.4
2023-09-13,71.929
2023-09-12,72.553
2023-09-11,72.679
2023-09-08,72.75
2023-09-07,72.787
2023-09-06,72.562
2023-09-05,72.99
2023-09-01,73.299
2023-08-31,74.526
2023-08-30,73.906
2023-08-29,73.854
2023-08-28,73.621
2023-08-25,73.891
2023-08-24,72.099
2023-08-23,73.429
2023-08-22,71.981
2023-08-21,71.296
2023-08-18,72.95
2023-08-17,72.92
2023-08-16,73.114
2023-08-15,73.482
2023-08-14,74.284
2023-08-11,74.626
2023-08-10,73.888
2023-08-09,74.942
2023-08-08,75.523
2023-08-07,74.883
2023-08-04,75.479
2023-08-03,74.274
2023-08-02,75.008
2023-08-01,76.822
2023-07-31,78.356
2023-07-28,77.643
2023-07-27,77.412
2023-07-26,79.342
2023-07-25,78.26
2023-07-24,78.931
2023-07-21,78.593
2023-07-20,79.029
2023-07-19,79.38
2023-07-18,78.892
2023-07-17,78.488
2023-07-14,78.366
2023-07-13,78.341
2023-07-12,77.53
2023-07-11,77.284
2023-07-10,76.27
2023-07-07,76.084
2023-07-06,75.786
2023-07-05,78.299
2023-07-03,78.451
2023-06-30,79.245
2023-06-29,78.203
2023-06-28,79.208
2023-06-27,78.9
2023-06-26,79.171
2023-06-23,79.672
2023-06-22,78.943
2023-06-21,78.235
2023-06-20,79.515
2023-06-16,79.498
2023-06-15,79.335
2023-06-14,79.017
2023-06-13,77.675
2023-06-12,78.304
2023-06-09,78.295
2023-06-08,78.311
2023-06-07,78.117
2023-06-06,79.201
2023-06-05,78.575
2023-06-02,78.41
2023-06-01,79.247
2023-05-31,78.787
2023-05-30,78.186
2023-05-26,76.98
2023-05-25,76.647
2023-05-24,76.829
2023-05-23,77.316
2023-05-22,76.786
2023-05-19,77.279
2023-05-18,76.995
2023-05-17,77.717
2023-05-16,77.804
2023-05-15,77.677
2023-05-12,78.156
2023-05-11,78.955
2023-05-10,77.934
2023-05-09,78.314
2023-05-08,77.3
2023-05-05,78.541
2023-05-04,78.962
2023-05-03,80.17
2023-05-02,79.378
2023-05-01,78.432
2023-04-28,80.385
2023-04-27,79.358
2023-04-26,79.81
2023-04-25,80.725
2023-04-24,80.07
2023-04-21,79.328
2023-04-20,79.761
2023-04-19,78.81
2023-04-18,79.369
2023-04-17,79.364
2023-04-14,79.419
2023-04-13,80.048
2023-04-12,81.624
2023-04-11,80.502
2023-04-10,80.294
2023-04-07,80.275
2023-04-06,81.243
2023-04-05,80.853
2023-04-04,80.757
2023-04-03,80.342
2023-03-31,80.329
2023-03-30,78.555
2023-03-29,76.157
2023-03-28,75.546
2023-03-27,74.668
2023-03-24,75.953
2023-03-23,75.257
2023-03-22,75.869
2023-03-21,75.386
2023-03-20,75.795
2023-03-17,76.84
2023-03-16,76.649
2023-03-15,77.209
2023-03-14,75.971
2023-03-13,77.014
2023-03-10,78.49
2023-03-09,78.605
2023-03-08,78.207
2023-03-07,78.317
2023-03-06,79.06
2023-03-03,77.79
2023-03-02,77.009
2023-03-01,77.738
2023-02-28,78.171
2023-02-27,78.225
2023-02-24,77.747
2023-02-23,78.76
2023-02-22,78.375
2023-02-21,78.159
2023-02-17,80.102
2023-02-16,79.497
2023-02-15,80.355
2023-02-14,81.797
2023-02-13,81.98
2023-02-10,80.387
2023-02-09,82.25
2023-02-08,83.595
2023-02-07,82.085
2023-02-06,82.586
2023-02-03,84.191
2023-02-02,84.322
2023-02-01,84.609
2023-01-31,84.045
2023-01-30,84.5
2023-01-27,84.17
2023-01-26,83.76
2023-01-25,83.903
2023-01-24,84.403
2023-01-23,82.819
2023-01-20,83.766
2023-01-19,84.845
2023-01-18,84.223
2023-01-17,82.57
2023-01-13,82.936
2023-01-12,83.182
2023-01-11,82.879
2023-01-10,81.86
2023-01-09,82.495
2023-01-06,81.838
2023-01-05,80.925
2023-01-04,78.281
2023-01-03,79.995
2022-12-30,77.261
2022-12-29,76.495
2022-12-28,76.574
2022-12-27,78.129
2022-12-23,79.242
2022-12-22,80.076
2022-12-21,79.656
2022-12-20,79.744
2022-12-19,80.793
2022-12-16,82.215
2022-12-15,82.65
2022-12-14,82.872
2022-12-13,82.258
2022-12-12,81.607
2022-12-09,81.021
2022-12-08,83.79
2022-12-07,82.357
2022-12-06,81.964
2022-12-05,83.019
2022-12-02,81.631
2022-12-01,80.445
2022-11-30,77.431
2022-11-29,75.625
2022-11-28,76.288
2022-11-25,75.444
2022-11-23,74.831
2022-11-22,72.787
2022-11-21,71.466
2022-11-18,71.671
2022-11-17,71.849
2022-11-16,72.077
2022-11-15,70.746
2022-11-14,68.194
2022-11-10,63.181
2022-11-09,61.589
2022-11-08,61.6
2022-11-07,60.351
2022-11-04,60.253
2022-11-03,60.103
2022-11-02,60.706
2022-11-01,59.501
2022-10-31,58.846
2022-10-28,59.471
2022-10-27,60.556
2022-10-26,61.231
2022-10-25,60.569
2022-10-24,60.225
2022-10-21,62.129
2022-10-20,63.197
2022-10-19,63.79
2022-10-18,65.169
2022-10-17,65.167
2022-10-14,65.801
2022-10-13,67.67
2022-10-12,68.339
2022-10-11,68.087
2022-10-07,69.971
2022-10-06,70.788
2022-10-05,71.649
2022-10-04,72.295
2022-10-03,72.476
2022-09-30,71.264
2022-09-29,72.211
2022-09-28,73.614
2022-09-27,72.284
2022-09-26,73.796
2022-09-23,75.769
2022-09-22,75.392
2022-09-21,76.901
2022-09-20,75.893
2022-09-19,77.12
2022-09-16,77.136
2022-09-15,77.549
2022-09-14,77.322
2022-09-13,78.695
2022-09-12,77.705
2022-09-09,78.196
2022-09-08,77.87
2022-09-07,78.395
2022-09-06,77.683
2022-09-02,79.616
2022-09-01,79.182
2022-08-31,79.969
2022-08-30,80.664
2022-08-29,80.377
2022-08-26,81.548
2022-08-25,80.871
2022-08-24,79.42
2022-08-23,80.166
2022-08-22,80.652
2022-08-19,80.317
2022-08-18,82.023
2022-08-17,81.557
2022-08-16,82.42
2022-08-15,82.319
2022-08-12,82.59
2022-08-11,81.191
2022-08-10,83.368
2022-08-09,82.626
2022-08-08,82.629
2022-08-05,82.052
2022-08-04,82.669
2022-08-03,84.401
2022-08-02,82.014
2022-08-01,84.001
2022-07-29,82.926
2022-07-28,82.792
2022-07-27,81.602
2022-07-26,82.808
2022-07-25,81.74
2022-07-22,82.309
2022-07-21,81.49
2022-07-20,79.905
2022-07-19,79.675
2022-07-18,79.688
2022-07-15,81.275
2022-07-14,80.707
2022-07-13,81.369
2022-07-12,81.125
2022-07-11,80.965
2022-07-08,79.929
2022-07-07,80.791
2022-07-06,81.642
2022-07-05,83.472
2022-07-01,82.743
2022-06-30,82.244
2022-06-29,81.609
2022-06-28,81.539
2022-06-27,81.505
2022-06-24,82.036
2022-06-23,82.999
2022-06-22,83.089
2022-06-21,81.596
2022-06-17,82.396
2022-06-16,82.741
2022-06-15,81.79
2022-06-14,80.253
2022-06-13,82.801
2022-06-10,85.684
2022-06-09,86.723
2022-06-08,84.741
2022-06-07,84.076
2022-06-06,81.311
2022-06-03,83.114
2022-06-02,83.24
2022-06-01,83.664
2022-05-31,83.722
2022-05-27,82.755
2022-05-26,82.773
2022-05-25,82.034
2022-05-24,81.128
2022-05-23,80.437
2022-05-20,81.168
2022-05-19,80.732
2022-05-18,80.461
2022-05-17,78.951
2022-05-16,79.649
2022-05-13,80.486
2022-05-12,81.676
2022-05-11,81.284
2022-05-10,82.051
2022-05-09,81.834
2022-05-06,80.948
2022-05-05,82.619
2022-05-04,83.725
2022-05-03,84.176
2022-05-02,84.7
2022-04-29,84.972
2022-04-28,85.547
2022-04-27,85.094
2022-04-26,87.244
2022-04-25,86.213
2022-04-22,87.575
2022-04-21,88.177
2022-04-20,88.39
2022-04-19,87.551
2022-04-18,88.332
2022-04-14,88.029
2022-04-13,89.854
2022-04-12,90.146
2022-04-11,90.985
2022-04-08,92.607
2022-04-07,92.276
2022-04-06,93.111
2022-04-05,94.202
2022-04-04,95.775
2022-04-01,96.17
2022-03-31,95.428
2022-03-30,94.804
2022-03-29,93.422
2022-03-28,94.018
2022-03-25,93.631
2022-03-24,94.458
2022-03-23,95.598
2022-03-22,93.085
2022-03-21,95.889
2022-03-18,96.947
2022-03-17,94.065
2022-03-16,87.852
2022-03-15,82.982
2022-03-14,84.607
2022-03-11,89.674
2022-03-10,90.42
2022-03-09,92.091
2022-03-08,94.191
2022-03-07,95.607
2022-03-04,97.759
2022-03-03,96.38
2022-03-02,97.191
2022-03-01,99.063
2022-02-28,98.408
2022-02-25,98.093
2022-02-24,97.85
2022-02-23,100.105
2022-02-22,99.809
2022-02-18,102.329
2022-02-17,101.959
2022-02-16,101.336
2022-02-15,101.347
2022-02-14,102.857
2022-02-11,103.984
2022-02-10,102.936
2022-02-09,104.163
2022-02-08,103.838
2022-02-07,104.042
2022-02-04,105.806
2022-02-03,107.055
2022-02-02,107.938
2022-02-01,107.688
2022-01-31,107.966
2022-01-28,108.171
2022-01-27,107.692
2022-01-26,106.868
2022-01-25,108.213
2022-01-24,107.862
2022-01-21,108.95
2022-01-20,108.476
2022-01-19,107.127
2022-01-18,106.932
2022-01-14,108.889
2022-01-13,110.583
2022-01-12,110.427
2022-01-11,110.866
2022-01-10,110.03
2022-01-07,109
2022-01-06,110.612
2022-01-05,110.093
2022-01-04,111.704
2022-01-03,111.589
2021-12-31,114.464
2021-12-30,114.492
2021-12-29,113.058
2021-12-28,114.548
2021-12-27,114.722
2021-12-23,115.832
2021-12-22,116.124
2021-12-21,116.266
2021-12-20,115.769
2021-12-17,116.745
2021-12-16,116.301
2021-12-15,116.562
2021-12-14,116.979
2021-12-13,116.978
2021-12-10,116.779
2021-12-09,115.52
2021-12-08,115.25
2021-12-07,118.168
2021-12-06,118.002
2021-12-03,119.409
2021-12-02,118.222
2021-12-01,119.369
2021-11-30,117.218
2021-11-29,116.085
2021-11-26,116.948
2021-11-24,114.32
2021-11-23,113.2
2021-11-22,114.941
2021-11-19,115.583
2021-11-18,115.065
2021-11-17,114.312
2021-11-16,113.334
2021-11-15,113.713
2021-11-12,114.879
2021-11-10,115.533
2021-11-09,116.25
2021-11-08,116.479
2021-11-05,116.653
2021-11-04,115.711
2021-11-03,114.128
2021-11-02,114.436
2021-11-01,115.594
2021-10-29,115.849
2021-10-28,115.509
2021-10-27,115.6
2021-10-26,113.688
2021-10-25,112.598
2021-10-22,111.841
2021-10-21,110.216
2021-10-20,110.811
2021-10-19,113.132
2021-10-18,111.905
2021-10-15,111.902
2021-10-14,112.107
2021-10-13,110.813
2021-10-12,110.444
2021-10-08,110.435
2021-10-07,111.129
2021-10-06,113.577
2021-10-05,114.156
2021-10-04,115.905
2021-10-01,116.632
2021-09-30,116.064
2021-09-29,114.926
2021-09-28,115.144
2021-09-27,117.647
2021-09-24,117.31
2021-09-23,118.932
2021-09-22,121.157
2021-09-21,120.186
2021-09-20,119.936
2021-09-17,119.129
2021-09-16,120.973
2021-09-15,122.54
2021-09-14,121.842
2021-09-13,121.016
2021-09-10,120.332
2021-09-09,121.809
2021-09-08,118.723
2021-09-07,118.453
2021-09-03,119.077
2021-09-02,120.806
2021-09-01,119.356
2021-08-31,119.24
2021-08-30,120.13
2021-08-27,119.528
2021-08-26,118.969
2021-08-25,119.062
2021-08-24,119.501
2021-08-23,120.299
2021-08-20,120.56
2021-08-19,121.597
2021-08-18,120.692
2021-08-17,120.865
2021-08-16,121.342
2021-08-13,121.115
2021-08-12,118.963
2021-08-11,117.868
2021-08-10,117.741
2021-08-09,118.172
2021-08-06,118.99
2021-08-05,120.761
2021-08-04,122.256
2021-08-03,122.473
2021-08-02,122.516
2021-07-30,121.628
2021-07-29,119.951
2021-07-28,119.095
2021-07-27,117.681
2021-07-26,120.386
2021-07-23,122.506
2021-07-22,122.081
2021-07-21,120.872
2021-07-20,122.462
2021-07-19,124.621
2021-07-16,123.107
2021-07-15,123.225
2021-07-14,121.731
2021-07-13,120.536
2021-07-12,120.422
2021-07-09,120.51
2021-07-08,120.8
2021-07-07,120.984
2021-07-06,121.853
2021-07-02,120.833
2021-07-01,120.202
2021-06-30,119.843
2021-06-29,120.4
2021-06-28,119.665
2021-06-25,119.013
2021-06-24,119.174
2021-06-23,119.171
2021-06-22,120.22
2021-06-21,120.184
2021-06-18,122.604
2021-06-17,120.874
2021-06-16,116.776
2021-06-15,117.59
2021-06-14,118.093
2021-06-11,118.57
2021-06-10,119.33
2021-06-09,118.121
2021-06-08,117.325
2021-06-07,116.474
2021-06-04,116.455
2021-06-03,115.315
2021-06-02,116.102
2021-06-01,115.669
2021-05-28,115.538
2021-05-27,115.064
2021-05-26,115.305
2021-05-25,115.184
2021-05-24,114.84
2021-05-21,114.4
2021-05-20,113.7
2021-05-19,112.941
2021-05-18,113.278
2021-05-17,113.877
2021-05-14,114.118
2021-05-13,113.217
2021-05-12,112.575
2021-05-11,113.835
2021-05-10,115.162
2021-05-07,115.908
2021-05-06,116.359
2021-05-05,116.9
2021-05-04,116.333
2021-05-03,115.852
2021-04-30,115.382
2021-04-29,115.374
2021-04-28,115.156
2021-04-27,115.262
2021-04-26,116.25
2021-04-23,115.824
2021-04-22,116.06
2021-04-21,116.083
2021-04-20,115.902
2021-04-19,115.796
2021-04-16,115.809
2021-04-15,115.653
2021-04-14,116.462
2021-04-13,116.392
2021-04-12,115.627
2021-04-09,115.558
2021-04-08,116.531
2021-04-07,115.711
2021-04-06,116.127
2021-04-05,115.622
2021-04-02,115.315
2021-04-01,115.891
2021-03-31,114.074
2021-03-30,114
2021-03-29,113.925
2021-03-26,114.915
2021-03-25,115.562
2021-03-24,116.867
2021-03-23,116.654
2021-03-22,114.348
2021-03-19,113.341
2021-03-18,112.001
2021-03-17,112.017
2021-03-16,113.06
2021-03-15,112.236
2021-03-12,111.858
2021-03-11,115.203
2021-03-10,115.224
2021-03-09,114.586
2021-03-08,112.864
2021-03-05,114.436
2021-03-04,113.97
2021-03-03,115.103
2021-03-02,117
2021-03-01,117.209
2021-02-26,117.408
2021-02-25,115.861
2021-02-24,116.569
2021-02-23,117.399
2021-02-22,119.165
2021-02-19,119.715
2021-02-18,121.515
2021-02-17,122.172
2021-02-16,120.979
2021-02-12,122.081
2021-02-11,123.53
2021-02-10,124.62
2021-02-09,123.625
2021-02-08,123.005
2021-02-05,122.885
2021-02-04,122.863
2021-02-03,122.336
2021-02-02,123.372
2021-02-01,123.586
2021-01-29,124.504
2021-01-28,124.672
2021-01-27,126.034
2021-01-26,125.656
2021-01-25,125.994
2021-01-22,124.709
2021-01-21,124.512
2021-01-20,125.588
2021-01-19,123.83
2021-01-15,121.645
2021-01-14,120.31
2021-01-13,118.698
2021-01-12,117.876
2021-01-11,117.703
2021-01-08,118.667
2021-01-07,122.604
2021-01-06,127.296
2021-01-05,130.091
2021-01-04,132.881
2020-12-31,132.966
2020-12-30,132.857
2020-12-29,133.119
2020-12-28,131.994
2020-12-24,134.38
2020-12-23,133.884
2020-12-22,133.814
2020-12-21,133.839
2020-12-18,133.41
2020-12-17,133.778
2020-12-16,134.22
2020-12-15,133.984
2020-12-14,135.694
2020-12-11,135.597
2020-12-10,134.671
2020-12-09,133.075
2020-12-08,133.476
2020-12-07,133.214
2020-12-04,131.174
2020-12-03,132.656
2020-12-02,132.28
2020-12-01,133.257
2020-11-30,134.88
2020-11-27,134.923
2020-11-25,134.379
2020-11-24,133.922
2020-11-23,134.685
2020-11-20,136.006
2020-11-19,135.4
2020-11-18,132.97
2020-11-17,133.183
2020-11-16,131.565
2020-11-13,131.871
2020-11-12,132.189
2020-11-10,129.81
2020-11-09,130.681
2020-11-06,132.537
2020-11-05,134.253
2020-11-04,132.633
2020-11-03,129.631
2020-11-02,132.027
2020-10-30,130.097
2020-10-29,132.114
2020-10-28,133.311
2020-10-27,133.294
2020-10-26,132.211
2020-10-23,131.017
2020-10-22,130.033
2020-10-21,131.008
2020-10-20,132.212
2020-10-19,132.997
2020-10-16,134.795
2020-10-15,134.418
2020-10-14,134.499
2020-10-13,134.251
2020-10-09,132.926
2020-10-08,132.145
2020-10-07,132.702
2020-10-06,133.871
2020-10-05,131.865
2020-10-02,134.608
2020-10-01,135.146
2020-09-30,134.568
2020-09-29,135.038
2020-09-28,134.871
2020-09-25,135.186
2020-09-24,135.539
2020-09-23,135.896
2020-09-22,135.967
2020-09-21,136.303
2020-09-18,135.636
2020-09-17,135.586
2020-09-16,135.154
2020-09-15,135.474
2020-09-14,135.143
2020-09-11,136.801
2020-09-10,136.708
2020-09-09,136.678
2020-09-08,137.661
2020-09-04,136.258
2020-09-03,139.522
2020-09-02,137.882
2020-09-01,136.983
2020-08-31,135.669
2020-08-28,134.895
2020-08-27,134.999
2020-08-26,137.434
2020-08-25,137.932
2020-08-24,138.513
2020-08-21,138.254
2020-08-20,137.149
2020-08-19,135.963
2020-08-18,136.793
2020-08-17,136.251
2020-08-14,135.452
2020-08-13,136.221
2020-08-12,138.197
2020-08-11,139.158
2020-08-10,140.982
2020-08-07,141.704
2020-08-06,141.4
2020-08-05,141.099
2020-08-04,142.434
2020-08-03,141.564
2020-07-31,141.517
2020-07-30,142.229
2020-07-29,141.538
2020-07-28,140.428
2020-07-27,138.242
2020-07-24,139.088
2020-07-23,139.243
2020-07-22,138.388
2020-07-21,136.59
2020-07-20,136.634
2020-07-17,135.816
2020-07-16,134.595
2020-07-15,134.054
2020-07-14,133.904
2020-07-13,134.794
2020-07-10,133.918
2020-07-09,133.615
2020-07-08,131.224
2020-07-07,132.022
2020-07-06,130.408
2020-07-02,129.693
2020-07-01,129.501
2020-06-30,129.574
2020-06-29,130.61
2020-06-26,130.157
2020-06-25,128.551
2020-06-24,128.59
2020-06-23,127.433
2020-06-22,127.207
2020-06-19,129.064
2020-06-18,126.361
2020-06-17,125.357
2020-06-16,125.254
2020-06-15,126.156
2020-06-12,127.031
2020-06-11,129.248
2020-06-10,126.258
2020-06-09,124.167
2020-06-08,123.285
2020-06-05,121.709
2020-06-04,121.525
2020-06-03,122.754
2020-06-02,123.305
2020-06-01,124.045
2020-05-29,126.119
2020-05-28,125.026
2020-05-27,125.414
2020-05-26,124.171
2020-05-22,125.668
2020-05-21,127.018
2020-05-20,125.41
2020-05-19,125.238
2020-05-18,122.803
2020-05-15,125.881
2020-05-14,126.368
2020-05-13,125.063
2020-05-12,123.338
2020-05-11,122.918
2020-05-08,123.525
2020-05-07,125.069
2020-05-06,124.208
2020-05-05,124.982
2020-05-04,127.945
2020-05-01,128.738
2020-04-30,127.873
2020-04-29,128.164
2020-04-28,129.249
2020-04-27,128.398
2020-04-24,130.662
2020-04-23,130.363
2020-04-22,129.108
2020-04-21,130.808
2020-04-20,130.563
2020-04-17,129.114
2020-04-16,129.223
2020-04-15,129.395
2020-04-14,126.286
2020-04-13,122.605
2020-04-09,124.443
2020-04-08,123.789
2020-04-07,134.034
2020-04-06,130.469
2020-04-03,131.143
2020-04-02,132.701
2020-04-01,133.79
2020-03-31,134.928
2020-03-30,123.096
2020-03-27,125.975
2020-03-26,119.085
2020-03-25,118.295
2020-03-24,110.315
2020-03-23,106.154
2020-03-20,100.284
2020-03-19,95.463
2020-03-18,89.879
2020-03-17,108.266
2020-03-16,116.93
2020-03-13,112.245
2020-03-12,119.071
2020-03-11,121.434
2020-03-10,126.106
2020-03-09,129.846
2020-03-06,129.396
2020-03-05,128.057
2020-03-04,123.484
2020-03-03,126.267
2020-03-02,123.572
2020-02-28,127.482
2020-02-27,126.082
2020-02-26,128.162
2020-02-25,128.072
2020-02-24,127.064
2020-02-21,127.042
2020-02-20,125.406
2020-02-19,123.314
2020-02-18,123.549
2020-02-14,122.741
2020-02-13,122.084
2020-02-12,121.146
2020-02-11,121.978
2020-02-10,123.003
2020-02-07,122.291
2020-02-06,120.672
2020-02-05,120.115
2020-02-04,121.366
2020-02-03,122.718
2020-01-31,123.522
2020-01-30,122.055
2020-01-29,122.447
2020-01-28,121.742
2020-01-27,123.26
2020-01-24,121.771
2020-01-23,121.305
2020-01-22,119.987
2020-01-21,118.894
2020-01-17,119.136
2020-01-16,117.995
2020-01-15,118.828
2020-01-14,119.248
2020-01-13,117.425
2020-01-10,117.945
2020-01-09,117.584
2020-01-08,116.416
2020-01-07,117.858
2020-01-06,118.24
2020-01-03,119.274
2020-01-02,116.842
2019-12-31,114.838
2019-12-30,116.09
2019-12-27,116.282
2019-12-26,116.153
2019-12-24,115.688
2019-12-23,115.517
2019-12-20,117.958
2019-12-19,116.36
2019-12-18,115.458
2019-12-17,116.171
2019-12-16,115.775
2019-12-13,116.591
2019-12-12,112.027
2019-12-11,115.397
2019-12-10,113.591
2019-12-09,114.011
2019-12-06,112.952
2019-12-05,112.614
2019-12-04,113.926
2019-12-03,114.481
2019-12-02,112.901
2019-11-29,114.125
2019-11-27,114.317
2019-11-26,114.545
2019-11-25,114.073
2019-11-22,113.473
2019-11-21,114.51
2019-11-20,114.183
2019-11-19,113.565
2019-11-18,112.37
2019-11-15,112.061
2019-11-14,112.846
2019-11-13,111.655
2019-11-12,111.102
2019-11-08,111.078
2019-11-07,111.436
2019-11-06,112.98
2019-11-05,112.185
2019-11-04,113.944
2019-11-01,115.334
2019-10-31,115.825
2019-10-30,113.921
2019-10-29,112.415
2019-10-28,112.256
2019-10-25,113.192
2019-10-24,113.687
2019-10-23,114.744
2019-10-22,113.692
2019-10-21,112.743
2019-10-18,113.757
2019-10-17,112.75
2019-10-16,112.781
2019-10-15,112.374
2019-10-11,112.939
2019-10-10,112.889
2019-10-09,114.393
2019-10-08,116.329
2019-10-07,116.329
2019-10-04,116.619
2019-10-03,116.523
2019-10-02,116.19
2019-10-01,116.778
2019-09-30,116.046
2019-09-27,115.484
2019-09-26,116.204
2019-09-25,115.031
2019-09-24,117.636
2019-09-23,116.096
2019-09-20,116.544
2019-09-19,114.693
2019-09-18,114.565
2019-09-17,113.115
2019-09-16,113.036
2019-09-13,111.71
2019-09-12,113.787
2019-09-11,114.349
2019-09-10,113.896
2019-09-09,116.13
2019-09-06,118.465
2019-09-05,117.415
2019-09-04,119.575
2019-09-03,120.569
2019-08-30,119.904
2019-08-29,120.049
2019-08-28,119.327
2019-08-27,119.884
2019-08-26,117.625
2019-08-23,118.149
2019-08-22,116.771
2019-08-21,117.404
2019-08-20,118.332
2019-08-19,117.252
2019-08-16,117.276
2019-08-15,119.137
2019-08-14,118.692
2019-08-13,114.734
2019-08-12,115.419
2019-08-09,112.936
2019-08-08,113.396
2019-08-07,111.836
2019-08-06,112.219
2019-08-05,112.645
2019-08-02,112.122
2019-08-01,111.561
2019-07-31,110.215
2019-07-30,109.226
2019-07-29,109.264
2019-07-26,108.994
2019-07-25,108.715
2019-07-24,109.218
2019-07-23,108.64
2019-07-22,109.138
2019-07-19,109.192
2019-07-18,109.79
2019-07-17,110.674
2019-07-16,109.502
2019-07-15,110.418
2019-07-12,108.975
2019-07-11,106.52
2019-07-10,108.418
2019-07-09,108.759
2019-07-08,109.11
2019-07-05,107.777
2019-07-03,109.09
2019-07-02,108.033
2019-07-01,106.747
2019-06-28,106.915
2019-06-27,106.726
2019-06-26,106.471
2019-06-25,107.196
2019-06-24,106.534
2019-06-21,105.604
2019-06-20,104.889
2019-06-19,104.593
2019-06-18,103.872
2019-06-17,103.009
2019-06-14,103.797
2019-06-13,103.488
2019-06-12,103.693
2019-06-11,103.831
2019-06-10,102.984
2019-06-07,102.606
2019-06-06,102.087
2019-06-05,101.368
2019-06-04,101.693
2019-06-03,103.315
2019-05-31,102.885
2019-05-30,101.506
2019-05-29,100.482
2019-05-28,100.717
2019-05-24,100.127
2019-05-23,100.805
2019-05-22,100.296
2019-05-21,98.924
2019-05-20,99.804
2019-05-17,100.167
2019-05-16,99.952
2019-05-15,100.249
2019-05-14,99.904
2019-05-13,100.715
2019-05-10,99.548
2019-05-09,100.519
2019-05-08,99.77
2019-05-07,100.486
2019-05-06,100.405
2019-05-03,100.23
2019-05-02,100.024
2019-05-01,99.941
2019-04-30,99.469
2019-04-29,99.064
2019-04-26,99.481
2019-04-25,98.837
2019-04-24,98.674
2019-04-23,97.875
2019-04-22,97.551
2019-04-18,97.958
2019-04-17,97.123
2019-04-16,97.64
2019-04-15,97.475
2019-04-12,97.093
2019-04-11,98.064
2019-04-10,98.523
2019-04-09,97.989
2019-04-08,97.661
2019-04-05,98.102
2019-04-04,98.057
2019-04-03,97.795
2019-04-02,98.708
2019-04-01,98.459
2019-03-29,99.348
2019-03-28,98.908
2019-03-27,99.687
2019-03-26,98.81
2019-03-25,98.961
2019-03-22,98.567
2019-03-21,96.864
2019-03-20,96.946
2019-03-19,96.428
2019-03-18,96.661
2019-03-15,97.009
2019-03-14,96.303
2019-03-13,96.627
2019-03-12,97.33
2019-03-11,96.561
2019-03-08,96.713
2019-03-07,96.761
2019-03-06,96.277
2019-03-05,95.973
2019-03-04,95.636
2019-03-01,95.31
2019-02-28,95.491
2019-02-27,95.721
2019-02-26,96.939
2019-02-25,96.412
2019-02-22,96.074
2019-02-21,95.546
2019-02-20,96.349
2019-02-19,96.276
2019-02-15,96.938
2019-02-14,95.583
2019-02-13,94.917
2019-02-12,95.075
2019-02-11,95.262
2019-02-08,96.014
2019-02-07,95
2019-02-06,94.867
2019-02-05,94.767
2019-02-04,94.149
2019-02-01,94.306
2019-01-31,95.164
2019-01-30,93.994
2019-01-29,93.734
2019-01-28,93.4
2019-01-25,92.968
2019-01-24,92.973
2019-01-23,91.983
2019-01-22,92.052
2019-01-18,90.846
2019-01-17,91.457
2019-01-16,91.374
2019-01-15,90.862
2019-01-14,90.587
2019-01-11,91.08
2019-01-10,90.898
2019-01-09,91.633
2019-01-08,90.883
2019-01-07,90.958
2019-01-04,90.166
2019-01-03,91.2
2019-01-02,90.944
2018-12-31,90.023
2018-12-28,90.037
2018-12-27,89.526
2018-12-26,89.509
2018-12-24,90.467
2018-12-21,89.87
2018-12-20,89.531
2018-12-19,90.565
2018-12-18,89.411
2018-12-17,88.609
2018-12-14,88.188
2018-12-13,88.073
2018-12-12,87.955
2018-12-11,88.04
2018-12-10,88.583
2018-12-07,88.707
2018-12-06,88.245
2018-12-04,88.902
2018-12-03,87.997
2018-11-30,87.155
2018-11-29,86.631
2018-11-28,86.685
2018-11-27,87.086
2018-11-26,86.954
2018-11-23,87.312
2018-11-21,87.025
2018-11-20,87.523
2018-11-19,88.136
2018-11-16,88.203
2018-11-15,87.798
2018-11-14,88.045
2018-11-13,88.461
2018-11-09,88.52
2018-11-08,87.928
2018-11-07,87.66
2018-11-06,87.175
2018-11-05,87.184
2018-11-02,86.912
2018-11-01,87.613
2018-10-31,87.466
2018-10-30,87.322
2018-10-29,88.017
2018-10-26,88.058
2018-10-25,87.882
2018-10-24,88.302
2018-10-23,87.608
2018-10-22,88.042
2018-10-19,87.701
2018-10-18,88.92
2018-10-17,88.554
2018-10-16,89.179
2018-10-15,89.174
2018-10-12,89.23
2018-10-11,89.906
2018-10-10,90.216
2018-10-09,88.975
2018-10-05,89.248
2018-10-04,90.032
2018-10-03,89.775
2018-10-02,91.422
2018-10-01,91.236
2018-09-28,91.612
2018-09-27,91.78
2018-09-26,91.595
2018-09-25,90.922
2018-09-24,90.965
2018-09-21,91.294
2018-09-20,91.221
2018-09-19,91.313
2018-09-18,90.727
2018-09-17,92.25
2018-09-14,92.143
2018-09-13,92.505
2018-09-12,92.643
2018-09-11,91.975
2018-09-10,92.668
2018-09-07,92.42
2018-09-06,93.09
2018-09-05,93.222
2018-09-04,94.564
2018-08-31,94.873
2018-08-30,95.289
2018-08-29,95.233
2018-08-28,95.133
2018-08-27,95.673
2018-08-24,96.092
2018-08-23,95.908
2018-08-22,95.629
2018-08-21,95.537
2018-08-20,95.861
2018-08-17,94.87
2018-08-16,94.833
2018-08-15,94.725
2018-08-14,94.37
2018-08-13,94.085
2018-08-10,94.652
2018-08-09,94.246
2018-08-08,93.779
2018-08-07,93.745
2018-08-06,93.981
2018-08-03,93.913
2018-08-02,93.417
2018-08-01,93.387
2018-07-31,94.051
2018-07-30,93.832
2018-07-27,94.189
2018-07-26,93.709
2018-07-25,93.609
2018-07-24,93.745
2018-07-23,93.037
2018-07-20,93.351
2018-07-19,93.954
2018-07-18,93.585
2018-07-17,93.883
2018-07-16,93.102
2018-07-13,93.631
2018-07-12,93.052
2018-07-11,92.98
2018-07-10,92.669
2018-07-09,92.134
2018-07-06,92.61
2018-07-05,92.433
2018-07-03,92.859
2018-07-02,92.35
2018-06-29,91.796
2018-06-28,92.124
2018-06-27,92.903
2018-06-26,92.452
2018-06-25,92.623
2018-06-22,92.657
2018-06-21,93.53
2018-06-20,93.118
2018-06-19,94.001
2018-06-18,94.371
2018-06-15,94.351
2018-06-14,94.3
2018-06-13,93.068
2018-06-12,93.086
2018-06-11,93.152
2018-06-08,93.341
2018-06-07,93.856
2018-06-06,93.071
2018-06-05,93.308
2018-06-04,93.246
2018-06-01,93.92
2018-05-31,94.507
2018-05-30,94.464
2018-05-29,95.513
2018-05-25,94.071
2018-05-24,92.974
2018-05-23,92.613
2018-05-22,92.343
2018-05-21,92.447
2018-05-18,92.238
2018-05-17,91.503
2018-05-16,91.906
2018-05-15,91.926
2018-05-14,93.128
2018-05-11,92.965
2018-05-10,92.753
2018-05-09,92.227
2018-05-08,92.643
2018-05-07,93.061
2018-05-04,93.174
2018-05-03,93.514
2018-05-02,93.153
2018-05-01,93.6
2018-04-30,93.93
2018-04-27,93.726
2018-04-26,93.016
2018-04-25,92.377
2018-04-24,93.139
2018-04-23,93.896
2018-04-20,93.572
2018-04-19,94.563
2018-04-18,95.517
2018-04-17,96.016
2018-04-16,96.421
2018-04-13,96.672
2018-04-12,96.219
2018-04-11,96.343
2018-04-10,95.319
2018-04-09,95.721
2018-04-06,95.854
2018-04-05,94.827
2018-04-04,94.719
2018-04-03,95.141
2018-04-02,95.517
2018-03-29,95.229
2018-03-28,94.072
2018-03-27,94.582
2018-03-26,93.138
2018-03-23,93.732
2018-03-22,93.874
2018-03-21,93.608
2018-03-20,93.194
2018-03-19,94.051
2018-03-16,94.802
2018-03-15,94.917
2018-03-14,95.197
2018-03-13,94.586
2018-03-12,94.65
2018-03-09,94.064
2018-03-08,94.448
2018-03-07,94.381
2018-03-06,95.252
2018-03-05,94.544
2018-03-02,94.343
2018-03-01,95.613
2018-02-28,95.008
2018-02-27,94.574
2018-02-26,94.825
2018-02-23,94.343
2018-02-22,93.777
2018-02-21,93.071
2018-02-20,94.252
2018-02-16,94.417
2018-02-15,93.862
2018-02-14,93.532
2018-02-13,93.982
2018-02-12,93.829
2018-02-09,93.937
2018-02-08,94.999
2018-02-07,95.666
2018-02-06,96.646
2018-02-05,97.15
2018-02-02,97.13
2018-02-01,98.417
2018-01-31,99.7
2018-01-30,99.066
2018-01-29,99.751
2018-01-26,100.321
2018-01-25,100.883
2018-01-24,99.795
2018-01-23,100.806
2018-01-22,100.11
2018-01-19,100.241
2018-01-18,101.117
2018-01-17,101.988
2018-01-16,102.27
2018-01-12,101.996
2018-01-11,101.477
2018-01-10,101.212
2018-01-09,101.319
2018-01-08,102.935
2018-01-05,102.724
2018-01-04,102.425
2018-01-03,102.796
2018-01-02,102.293
2017-12-29,103.744
2017-12-28,103.489
2017-12-27,103.812
2017-12-26,103.005
2017-12-22,102.842
2017-12-21,102.434
2017-12-20,101.9
2017-12-19,103.121
2017-12-18,104.43
2017-12-15,104.968
2017-12-14,105.528
2017-12-13,104.945
2017-12-12,104.061
2017-12-11,103.566
2017-12-08,103.743
2017-12-07,103.463
