"Date","Price"
2025-03-24,85.81406
2025-03-21,85.48462
2025-03-20,85.91056
2025-03-19,85.40018
2025-03-18,83.41553
2025-03-17,83.55323
2025-03-14,82.48484
2025-03-13,80.31322
2025-03-12,80.48043
2025-03-11,79.91586
2025-03-10,81.32964
2025-03-07,80.63267
2025-03-06,79.61471
2025-03-05,79.46222
2025-03-04,82.49858
2025-03-03,83.70985
2025-02-28,87.52525
2025-02-27,86.10551
2025-02-26,84.94234
2025-02-25,85.35517
2025-02-24,86.84236
2025-02-21,86.90624
2025-02-20,88.53084
2025-02-19,88.39577
2025-02-18,87.40188
2025-02-14,85.7238
2025-02-13,86.0445
2025-02-12,85.40188
2025-02-11,88.18867
2025-02-10,87.77153
2025-02-07,85.79733
2025-02-06,85.33577
2025-02-05,86.59309
2025-02-04,86.76882
2025-02-03,85.78794
2025-01-31,84.10749
2025-01-30,86.55083
2025-01-29,86.07619
2025-01-28,85.82662
2025-01-27,86.14739
2025-01-24,86.8709
2025-01-23,88.34803
2025-01-22,88.10598
2025-01-21,89.70348
2025-01-17,91.39189
2025-01-16,90.55065
2025-01-15,89.99611
2025-01-14,88.66641
2025-01-13,88.32453
2025-01-10,86.27623
2025-01-08,85.41626
2025-01-07,84.82685
2025-01-06,83.81787
2025-01-03,84.93882
2025-01-02,84.4228
2024-12-31,82.77128
2024-12-30,81.34501
2024-12-27,81.14384
2024-12-26,81.22359
2024-12-24,81.47079
2024-12-23,80.71745
2024-12-20,80.67888
2024-12-19,80.40919
2024-12-18,80.23866
2024-12-17,82.48571
2024-12-16,83.01779
2024-12-13,85.00381
2024-12-12,85.39187
2024-12-11,86.19375
2024-12-10,85.8706
2024-12-09,85.99413
2024-12-06,86.2667
2024-12-05,87.61355
2024-12-04,87.52966
2024-12-03,89.76161
2024-12-02,90.12204
2024-11-29,90.39553
2024-11-27,89.93949
2024-11-26,90.94556
2024-11-25,90.93076
2024-11-22,93.35829
2024-11-21,92.60107
2024-11-20,91.4736
2024-11-19,90.15123
2024-11-18,90.63356
2024-11-15,89.79998
2024-11-14,89.84752
2024-11-13,89.42189
2024-11-12,88.41331
2024-11-11,88.53413
2024-11-08,87.54319
2024-11-07,86.19158
2024-11-06,87.21917
2024-11-05,82.49771
2024-11-04,82.25732
2024-11-01,81.23846
2024-10-31,81.55957
2024-10-30,81.02338
2024-10-29,81.28817
2024-10-28,82.48567
2024-10-25,83.08191
2024-10-24,83.06355
2024-10-23,83.36582
2024-10-22,83.53072
2024-10-21,83.25169
2024-10-18,83.13242
2024-10-17,83.7321
2024-10-16,83.00515
2024-10-15,82.44261
2024-10-14,85.09448
2024-10-11,84.79671
2024-10-10,84.5773
2024-10-09,83.73241
2024-10-08,82.97194
2024-10-07,85.13292
2024-10-04,85.01825
2024-10-03,83.699
2024-10-02,82.12184
2024-10-01,81.23756
2024-09-30,78.75852
2024-09-27,78.18329
2024-09-26,76.5064
2024-09-25,78.27571
2024-09-24,79.66664
2024-09-23,80.10787
2024-09-20,79.4344
2024-09-19,79.74184
2024-09-18,79.02733
2024-09-17,78.90997
2024-09-16,77.78776
2024-09-13,77.21942
2024-09-12,77.05052
2024-09-11,76.57044
2024-09-10,77.21048
2024-09-09,78.40529
2024-09-06,77.64738
2024-09-05,78.4614
2024-09-04,79.18809
2024-09-03,80.6323
2024-08-30,82.60633
2024-08-29,82.061
2024-08-28,80.76473
2024-08-27,80.91528
2024-08-26,81.63996
2024-08-23,80.89314
2024-08-22,80.16202
2024-08-21,79.69675
2024-08-20,79.78408
2024-08-19,82.2467
2024-08-16,82.21556
2024-08-15,82.50137
2024-08-14,81.23071
2024-08-13,81.09734
2024-08-12,82.25762
2024-08-09,81.88479
2024-08-08,81.77651
2024-08-07,79.95788
2024-08-06,79.5937
2024-08-05,78.87774
2024-08-02,81.01173
2024-08-01,84.12757
2024-07-31,86.23369
2024-07-30,85.83318
2024-07-29,84.45759
2024-07-26,84.85044
2024-07-25,84.60689
2024-07-24,83.255
2024-07-23,83.23044
2024-07-22,84.31931
2024-07-19,84.8599
2024-07-18,85.55332
2024-07-17,85.2882
2024-07-16,84.76444
2024-07-15,84.25637
2024-07-12,83.00779
2024-07-11,83.08641
2024-07-10,82.5344
2024-07-09,82.10916
2024-07-08,82.67171
2024-07-05,83.22557
2024-07-03,84.7814
2024-07-02,84.91428
2024-07-01,84.98742
2024-06-28,85.05972
2024-06-27,84.80433
2024-06-26,84.80622
2024-06-25,85.46474
2024-06-24,85.08576
2024-06-21,83.94126
2024-06-20,84.30933
2024-06-18,82.54027
2024-06-17,82.30303
2024-06-14,82.27268
2024-06-13,82.62692
2024-06-12,82.55256
2024-06-11,84.27866
2024-06-10,84.31281
2024-06-07,83.28552
2024-06-06,83.02702
2024-06-05,82.73196
2024-06-04,82.61949
2024-06-03,83.3808
2024-05-31,85.92237
2024-05-30,83.89299
2024-05-29,83.83876
2024-05-28,84.88276
2024-05-24,84.23527
2024-05-23,84.34091
2024-05-22,84.92115
2024-05-21,86.49346
2024-05-20,86.82128
2024-05-17,87.36774
2024-05-16,86.13078
2024-05-15,86.37785
2024-05-14,86.62291
2024-05-13,86.69631
2024-05-10,87.07313
2024-05-09,87.55568
2024-05-08,86.63689
2024-05-07,86.54596
2024-05-06,86.59736
2024-05-03,85.99963
2024-05-02,86.36745
2024-05-01,86.23501
2024-04-30,87.57374
2024-04-29,89.86575
2024-04-26,89.51847
2024-04-25,90.04753
2024-04-24,89.97287
2024-04-23,89.83178
2024-04-22,89.7643
2024-04-19,89.14023
2024-04-18,88.08786
2024-04-17,88.38498
2024-04-16,88.84706
2024-04-15,89.53554
2024-04-12,90.33076
2024-04-11,91.17373
2024-04-10,91.08607
2024-04-09,89.81115
2024-04-08,89.82488
2024-04-05,90.5131
2024-04-04,89.36366
2024-04-03,89.65008
2024-04-02,89.56166
2024-04-01,88.58154
2024-03-28,87.44906
2024-03-27,86.32961
2024-03-26,85.43994
2024-03-25,86.05703
2024-03-22,85.50805
2024-03-21,85.28274
2024-03-20,84.72938
2024-03-19,84.84904
2024-03-18,83.85316
2024-03-15,84.12348
2024-03-14,83.8523
2024-03-13,82.46783
2024-03-12,81.45435
2024-03-11,81.53776
2024-03-08,80.60152
2024-03-07,80.33282
2024-03-06,79.91194
2024-03-05,79.97238
2024-03-04,79.39768
2024-03-01,80.40229
2024-02-29,79.75926
2024-02-28,79.09208
2024-02-27,79.154
2024-02-26,79.53896
2024-02-23,79.40878
2024-02-22,79.97227
2024-02-21,79.92228
2024-02-20,78.42212
2024-02-16,79.39321
2024-02-15,79.5577
2024-02-14,77.62557
2024-02-13,77.81615
2024-02-12,78.12094
2024-02-09,77.23901
2024-02-08,78.53894
2024-02-07,77.79842
2024-02-06,77.74161
2024-02-05,77.57706
2024-02-02,77.44807
2024-02-01,76.70376
2024-01-31,76.87558
2024-01-30,78.42052
2024-01-29,77.81169
2024-01-26,77.54971
2024-01-25,77.16368
2024-01-24,75.00229
2024-01-23,74.44609
2024-01-22,73.85279
2024-01-19,73.618
2024-01-18,73.58195
2024-01-17,73.65418
2024-01-16,74.29808
2024-01-12,75.50685
2024-01-11,74.65985
2024-01-10,74.35944
2024-01-09,75.32468
2024-01-08,76.33379
2024-01-05,77.36159
2024-01-04,77.26941
2024-01-03,78.95847
2024-01-02,77.38106
2023-12-29,75.7773
2023-12-28,75.88044
2023-12-27,76.83926
2023-12-26,77.67105
2023-12-22,77.14234
2023-12-21,77.12543
2023-12-20,77.02135
2023-12-19,77.62187
2023-12-18,77.03148
2023-12-15,77.26856
2023-12-14,77.01045
2023-12-13,76.34458
2023-12-12,75.26882
2023-12-11,76.62882
2023-12-08,76.45035
2023-12-07,75.22656
2023-12-06,75.96921
2023-12-05,77.04781
2023-12-04,78.17292
2023-12-01,78.12902
2023-11-30,77.66758
2023-11-29,76.54883
2023-11-28,77.0456
2023-11-27,77.40077
2023-11-24,77.62545
2023-11-22,77.74612
2023-11-21,77.48375
2023-11-20,77.53703
2023-11-17,77.7686
2023-11-16,76.38122
2023-11-15,77.94362
2023-11-14,77.95457
2023-11-13,78.54338
2023-11-10,78.10656
2023-11-09,77.06679
2023-11-08,77.27867
2023-11-07,78.48647
2023-11-06,79.82489
2023-11-03,80.73019
2023-11-02,82.38615
2023-11-01,80.67394
2023-10-31,80.55792
2023-10-30,80.02073
2023-10-27,79.96787
2023-10-26,82.3535
2023-10-25,82.6383
2023-10-24,82.69576
2023-10-23,83.26301
2023-10-20,85.23135
2023-10-19,86.62829
2023-10-18,87.27342
2023-10-17,86.13422
2023-10-16,85.51247
2023-10-13,85.25074
2023-10-12,83.09792
2023-10-11,82.54926
2023-10-10,83.54526
2023-10-09,84.08314
2023-10-06,81.03791
2023-10-05,80.88459
2023-10-04,81.57344
2023-10-03,84.62053
2023-10-02,84.45991
2023-09-29,85.45094
2023-09-28,87.3745
2023-09-27,87.73684
2023-09-26,85.06954
2023-09-25,85.39994
2023-09-22,83.81194
2023-09-21,83.67117
2023-09-20,84.21053
2023-09-19,85.40009
2023-09-18,86.14852
2023-09-15,86.21627
2023-09-14,87.6702
2023-09-13,85.91379
2023-09-12,86.71081
2023-09-11,84.49447
2023-09-08,85.98786
2023-09-07,85.17377
2023-09-06,85.12266
2023-09-05,85.01398
2023-09-01,84.14318
2023-08-31,82.03709
2023-08-30,81.32894
2023-08-29,81.39556
2023-08-28,81.58771
2023-08-25,81.1319
2023-08-24,80.16819
2023-08-23,80.41057
2023-08-22,80.70968
2023-08-21,80.94845
2023-08-18,81.67939
2023-08-17,80.84207
2023-08-16,79.81997
2023-08-15,80.28943
2023-08-14,81.91801
2023-08-11,82.12296
2023-08-10,80.3959
2023-08-09,80.66132
2023-08-08,79.8776
2023-08-07,79.1019
2023-08-04,78.7747
2023-08-03,79.23323
2023-08-02,78.46772
2023-08-01,79.35654
2023-07-31,79.4767
2023-07-28,77.86142
2023-07-27,77.87989
2023-07-26,77.79986
2023-07-25,77.98406
2023-07-24,77.29652
2023-07-21,75.78209
2023-07-20,75.11686
2023-07-19,73.79378
2023-07-18,73.21444
2023-07-17,72.36713
2023-07-14,72.47086
2023-07-13,74.65643
2023-07-12,75.44017
2023-07-11,75.62483
2023-07-10,74.09227
2023-07-07,73.63288
2023-07-06,72.73981
2023-07-05,74.4959
2023-07-03,74.5328
2023-06-30,74.34512
2023-06-29,74.18821
2023-06-28,73.07305
2023-06-27,72.02299
2023-06-26,72.1881
2023-06-23,71.06375
2023-06-22,71.12734
2023-06-21,71.98979
2023-06-20,71.79111
2023-06-16,73.95281
2023-06-15,73.99488
2023-06-14,73.74333
2023-06-13,74.92131
2023-06-12,74.9372
2023-06-09,75.66989
2023-06-08,75.82754
2023-06-07,76.80726
2023-06-06,74.85966
2023-06-05,74.09447
2023-06-02,74.60317
2023-06-01,72.0632
2023-05-31,71.99662
2023-05-30,72.7171
2023-05-26,73.47948
2023-05-25,73.81686
2023-05-24,74.85125
2023-05-23,74.44971
2023-05-22,73.36725
2023-05-19,73.59763
2023-05-18,73.42748
2023-05-17,72.36672
2023-05-16,70.83832
2023-05-15,72.54343
2023-05-12,72.35533
2023-05-11,71.76201
2023-05-10,72.33364
2023-05-09,73.26335
2023-05-08,72.75778
2023-05-05,72.7248
2023-05-04,70.84807
2023-05-03,71.50358
2023-05-02,73.19091
2023-05-01,76.74143
2023-04-28,77.17342
2023-04-27,76.14679
2023-04-26,75.65438
2023-04-25,77.18818
2023-04-24,78.19467
2023-04-21,77.40231
2023-04-20,77.94292
2023-04-19,78.64308
2023-04-18,78.88788
2023-04-17,78.9956
2023-04-14,79.45892
2023-04-13,78.75362
2023-04-12,78.69225
2023-04-11,79.33755
2023-04-10,78.96386
2023-04-06,77.72087
2023-04-05,79.18693
2023-04-04,77.66307
2023-04-03,79.51143
2023-03-31,76.20756
2023-03-30,75.43329
2023-03-29,75.63724
2023-03-28,74.50655
2023-03-27,73.71884
2023-03-24,72.37502
2023-03-23,71.38651
2023-03-22,72.8856
2023-03-21,74.68413
2023-03-20,72.5084
2023-03-17,72.11656
2023-03-16,73.82931
2023-03-15,73.27839
2023-03-14,76.16696
2023-03-13,75.38648
2023-03-10,77.44868
2023-03-09,79.13397
2023-03-08,80.51209
2023-03-07,81.17725
2023-03-06,81.70332
2023-03-03,82.12706
2023-03-02,81.37051
2023-03-01,80.01875
2023-02-28,78.90817
2023-02-27,80.09622
2023-02-24,80.26927
2023-02-23,80.08503
2023-02-22,78.57546
2023-02-21,78.85752
2023-02-17,79.11789
2023-02-16,81.93211
2023-02-15,82.94741
2023-02-14,83.90194
2023-02-13,83.95223
2023-02-10,84.5613
2023-02-09,80.761
2023-02-08,81.6182
2023-02-07,82.10204
2023-02-06,79.87492
2023-02-03,79.40878
2023-02-02,78.97149
2023-02-01,80.82142
2023-01-31,82.77036
2023-01-30,82.09615
2023-01-27,83.95141
2023-01-26,85.69719
2023-01-25,82.81494
2023-01-24,82.91988
2023-01-23,83.40238
2023-01-20,83.43785
2023-01-19,82.83099
2023-01-18,81.96554
2023-01-17,83.6023
2023-01-13,83.07167
2023-01-12,82.79104
2023-01-11,82.01359
2023-01-10,81.86138
2023-01-09,81.16279
2023-01-06,82.3087
2023-01-05,81.60494
2023-01-04,79.56067
2023-01-03,80.03034
2022-12-30,81.66371
2022-12-29,81.37053
2022-12-28,80.92953
2022-12-27,82.71292
2022-12-23,81.96968
2022-12-22,79.70713
2022-12-21,81.46401
2022-12-20,79.83985
2022-12-19,78.57882
2022-12-16,79.54738
2022-12-15,80.58307
2022-12-14,80.6703
2022-12-13,81.45078
2022-12-12,80.5487
2022-12-09,78.39939
2022-12-08,80.36798
2022-12-07,80.92793
2022-12-06,81.39668
2022-12-05,83.4969
2022-12-02,85.79707
2022-12-01,86.45794
2022-11-30,88.36646
2022-11-29,87.7176
2022-11-28,86.16201
2022-11-25,88.2856
2022-11-23,88.97144
2022-11-22,90.54002
2022-11-21,88.33187
2022-11-18,88.67705
2022-11-17,89.23671
2022-11-16,88.75193
2022-11-15,90.5922
2022-11-14,90.07353
2022-11-11,90.05028
2022-11-10,89.2241
2022-11-09,88.29161
2022-11-08,92.26804
2022-11-07,92.78587
2022-11-04,92.1294
2022-11-03,92.66441
2022-11-02,89.75709
2022-11-01,91.95507
2022-10-31,91.02862
2022-10-28,89.79777
2022-10-27,89.1361
2022-10-26,87.95157
2022-10-25,87.83404
2022-10-24,88.48141
2022-10-21,88.35247
2022-10-20,86.1879
2022-10-19,86.43252
2022-10-18,83.18791
2022-10-17,82.61002
2022-10-14,82.60959
2022-10-13,85.30946
2022-10-12,82.73441
2022-10-11,81.39273
2022-10-10,82.66612
2022-10-07,83.80289
2022-10-06,84.09671
2022-10-05,82.12511
2022-10-04,79.5988
2022-10-03,77.57953
2022-09-30,73.56486
2022-09-29,74.2635
2022-09-28,74.82993
2022-09-27,72.5527
2022-09-26,71.45084
2022-09-23,72.6074
2022-09-22,76.93089
2022-09-21,76.97062
2022-09-20,77.25451
2022-09-19,77.54694
2022-09-16,78.38513
2022-09-15,80.10194
2022-09-14,82.29469
2022-09-13,80.02601
2022-09-12,80.91483
2022-09-09,80.1671
2022-09-08,78.88454
2022-09-07,78.51198
2022-09-06,79.94752
2022-09-02,80.2006
2022-09-01,79.01781
2022-08-31,80.06763
2022-08-30,81.04549
2022-08-29,83.96405
2022-08-26,83.00601
2022-08-25,84.14818
2022-08-24,83.57279
2022-08-23,82.34292
2022-08-22,79.853
2022-08-19,79.17497
2022-08-18,78.77106
2022-08-17,76.14363
2022-08-16,75.50659
2022-08-15,75.60928
2022-08-12,76.50385
2022-08-11,75.39206
2022-08-10,72.9201
2022-08-09,73.15522
2022-08-08,72.04786
2022-08-05,71.76667
2022-08-04,70.00098
2022-08-03,73.3202
2022-08-02,75.15449
2022-08-01,74.7518
2022-07-29,76.90497
2022-07-28,73.99094
2022-07-27,73.91949
2022-07-26,72.1734
2022-07-25,72.16515
2022-07-22,69.53675
2022-07-21,70.45767
2022-07-20,71.65146
2022-07-19,70.6181
2022-07-18,69.00757
2022-07-15,68.03889
2022-07-14,67.5508
2022-07-13,68.23051
2022-07-12,68.47545
2022-07-11,69.82313
2022-07-08,69.7846
2022-07-07,69.8966
2022-07-06,67.34493
2022-07-05,68.03319
2022-07-01,69.77504
2022-06-30,68.21521
2022-06-29,69.93107
2022-06-28,71.91865
2022-06-27,69.53199
2022-06-24,67.87712
2022-06-23,67.23761
2022-06-22,69.39007
2022-06-21,72.56503
2022-06-17,70.20443
2022-06-16,73.61742
2022-06-15,79.34887
2022-06-14,80.84453
2022-06-13,80.55955
2022-06-10,84.34915
2022-06-09,84.71649
2022-06-08,86.00988
2022-06-07,86.04803
2022-06-06,83.55294
2022-06-03,83.42809
2022-06-02,82.22264
2022-06-01,83.2973
2022-05-31,81.25233
2022-05-27,82.66106
2022-05-26,81.2068
2022-05-25,80.70389
2022-05-24,78.51086
2022-05-23,78.60822
2022-05-20,77.51446
2022-05-19,76.86208
2022-05-18,77.92505
2022-05-17,79.55041
2022-05-16,79.52998
2022-05-13,77.60592
2022-05-12,75.41031
2022-05-11,73.85813
2022-05-10,72.85931
2022-05-09,71.93115
2022-05-06,78.45586
2022-05-05,76.60546
2022-05-04,77.4955
2022-05-03,74.63865
2022-05-02,72.65201
2022-04-29,71.23898
2022-04-28,73.36631
2022-04-27,70.87002
2022-04-26,69.2185
2022-04-25,68.76342
2022-04-22,70.69301
2022-04-21,72.03062
2022-04-20,74.39823
2022-04-19,74.43498
2022-04-18,75.20653
2022-04-14,73.82581
2022-04-13,73.13913
2022-04-12,72.32983
2022-04-11,70.91377
2022-04-08,73.15121
2022-04-07,71.15933
2022-04-06,70.04034
2022-04-05,69.58952
2022-04-04,70.30524
2022-04-01,69.80072
2022-03-31,68.97672
2022-03-30,69.45415
2022-03-29,69.13357
2022-03-28,69.85629
2022-03-25,71.64953
2022-03-24,70.09278
2022-03-23,69.84372
2022-03-22,68.55665
2022-03-21,69.0146
2022-03-18,66.80532
2022-03-17,66.45996
2022-03-16,65.08558
2022-03-15,65.661
2022-03-14,67.92711
2022-03-11,70.40125
2022-03-10,70.49136
2022-03-09,67.76956
2022-03-08,70.85808
2022-03-07,70.1977
2022-03-04,68.85411
2022-03-03,66.16596
2022-03-02,65.67594
2022-03-01,64.17319
2022-02-28,62.98974
2022-02-25,61.27569
2022-02-24,60.09671
2022-02-23,59.79491
2022-02-22,59.07005
2022-02-18,60.10422
2022-02-17,60.27819
2022-02-16,60.29011
2022-02-15,59.89084
2022-02-14,60.78691
2022-02-11,61.77942
2022-02-10,59.67728
2022-02-09,60.19409
2022-02-08,59.78461
2022-02-07,61.10868
2022-02-04,60.15366
2022-02-03,59.27997
2022-02-02,60.55168
2022-02-01,60.71143
2022-01-31,58.75747
2022-01-28,58.85571
2022-01-27,59.17048
2022-01-26,57.76045
2022-01-25,57.8579
2022-01-24,55.49965
2022-01-21,55.04142
2022-01-20,56.24614
2022-01-19,56.68195
2022-01-18,57.20215
2022-01-14,56.57779
2022-01-13,54.9952
2022-01-12,55.35652
2022-01-11,55.68962
2022-01-10,53.97652
2022-01-07,54.01074
2022-01-06,53.56763
2022-01-05,52.19116
2022-01-04,52.41721
2022-01-03,50.70897
2021-12-31,48.74407
2021-12-30,48.9262
2021-12-29,49.12683
2021-12-28,49.56237
2021-12-27,49.52768
2021-12-23,48.42551
2021-12-22,48.43322
2021-12-21,48.3891
2021-12-20,46.97802
2021-12-17,48.25169
2021-12-16,49.03693
2021-12-15,48.97869
2021-12-14,49.16608
2021-12-13,49.27831
2021-12-10,50.56984
2021-12-09,50.32772
2021-12-08,50.45378
2021-12-07,50.93383
2021-12-06,49.61433
2021-12-03,48.74901
2021-12-02,49.17279
2021-12-01,47.69516
2021-11-30,48.26275
2021-11-29,49.60951
2021-11-26,49.16844
2021-11-24,51.72383
2021-11-23,50.95966
2021-11-22,49.46657
2021-11-19,48.3891
2021-11-18,50.03518
2021-11-17,50.561
2021-11-16,51.3065
2021-11-15,50.9661
2021-11-12,50.2664
2021-11-11,50.37988
2021-11-10,49.92182
2021-11-09,50.92305
2021-11-08,50.74228
2021-11-05,50.41101
2021-11-04,49.80514
2021-11-03,49.577
2021-11-02,49.99568
2021-11-01,50.42263
2021-10-29,49.80501
2021-10-28,49.53759
2021-10-27,49.47885
2021-10-26,51.03996
2021-10-25,50.66345
2021-10-22,49.81946
2021-10-21,49.33826
2021-10-20,50.18016
2021-10-19,49.8625
2021-10-18,49.36328
2021-10-15,49.44373
2021-10-14,49.23196
2021-10-13,48.67853
2021-10-12,48.93303
2021-10-11,48.74168
2021-10-08,48.91906
2021-10-07,47.49048
2021-10-06,47.18011
2021-10-05,47.42783
2021-10-04,47.09527
2021-10-01,46.4258
2021-09-30,45.01772
2021-09-29,45.5909
2021-09-28,45.27478
2021-09-27,45.04358
2021-09-24,43.44486
2021-09-23,43.01771
2021-09-22,41.59352
2021-09-21,40.37347
2021-09-20,40.30029
2021-09-17,42.06038
2021-09-16,42.2534
2021-09-15,42.57879
2021-09-14,40.98291
2021-09-13,41.63632
2021-09-10,40.43489
2021-09-09,40.40737
2021-09-08,40.36721
2021-09-07,40.80203
2021-09-03,40.89151
2021-09-02,41.21365
2021-09-01,40.25152
2021-08-31,40.99263
2021-08-30,41.30361
2021-08-27,41.78459
2021-08-26,40.86616
2021-08-25,41.47109
2021-08-24,41.1985
2021-08-23,40.55712
2021-08-20,39.21217
2021-08-19,39.17693
2021-08-18,40.18292
2021-08-17,41.00265
2021-08-16,41.19745
2021-08-13,41.88136
2021-08-12,42.60521
2021-08-11,42.61151
2021-08-10,42.39502
2021-08-09,41.56873
2021-08-06,42.11466
2021-08-05,41.43931
2021-08-04,40.97821
2021-08-03,42.01213
2021-08-02,41.29739
2021-07-30,41.64769
2021-07-29,42.2297
2021-07-28,42.0772
2021-07-27,41.61879
2021-07-26,42.09279
2021-07-23,41.23046
2021-07-22,41.401
2021-07-21,41.76206
2021-07-20,40.40584
2021-07-19,39.79998
2021-07-16,41.21582
2021-07-15,42.44684
2021-07-14,42.93924
2021-07-13,44.36632
2021-07-12,44.5016
2021-07-09,44.53151
2021-07-08,43.68932
2021-07-07,44.11017
2021-07-06,44.78206
2021-07-02,46.17528
2021-07-01,46.25707
2021-06-30,45.46375
2021-06-29,44.72932
2021-06-28,44.8461
2021-06-25,46.36006
2021-06-24,46.15578
2021-06-23,45.72721
2021-06-22,45.60536
2021-06-21,45.36454
2021-06-18,44.11789
2021-06-17,45.385
2021-06-16,46.12147
2021-06-15,46.34609
2021-06-14,45.48754
2021-06-11,45.77995
2021-06-10,45.63521
2021-06-09,45.69645
2021-06-08,45.97635
2021-06-07,45.51866
2021-06-04,45.84327
2021-06-03,45.69307
2021-06-02,45.22601
2021-06-01,44.32273
2021-05-28,42.79157
2021-05-27,42.75517
2021-05-26,42.68033
2021-05-25,42.16503
2021-05-24,43.1273
2021-05-21,42.88063
2021-05-20,42.60108
2021-05-19,42.69102
2021-05-18,43.7587
2021-05-17,45.02303
2021-05-14,44.07185
2021-05-13,42.94702
2021-05-12,43.52727
2021-05-11,42.97106
2021-05-10,44.12369
2021-05-07,44.13629
2021-05-06,43.72614
2021-05-05,43.70519
2021-05-04,42.25329
2021-05-03,42.1057
2021-04-30,41.06593
2021-04-29,41.81383
2021-04-28,41.44748
2021-04-27,40.12924
2021-04-26,39.58971
2021-04-23,39.36408
2021-04-22,39.22891
2021-04-21,39.63252
2021-04-20,39.12718
2021-04-19,40.16448
2021-04-16,40.3973
2021-04-15,40.75683
2021-04-14,41.04297
2021-04-13,40.09047
2021-04-12,40.12252
2021-04-09,40.4958
2021-04-08,40.68948
2021-04-07,41.36509
2021-04-06,41.31242
2021-04-05,41.56229
2021-04-01,42.73337
2021-03-31,41.75319
2021-03-30,42.15736
2021-03-29,42.32207
2021-03-26,42.77354
2021-03-25,41.79193
2021-03-24,41.45599
2021-03-23,40.33904
2021-03-22,40.64646
2021-03-19,41.59039
2021-03-18,41.51228
2021-03-17,43.54216
2021-03-16,43.2244
2021-03-15,44.39973
2021-03-12,44.83596
2021-03-11,44.65419
2021-03-10,44.87739
2021-03-09,43.84991
2021-03-08,44.7415
2021-03-05,44.45097
2021-03-04,42.55461
2021-03-03,41.30075
2021-03-02,40.67053
2021-03-01,41.02649
2021-02-26,39.85927
2021-02-25,40.3832
2021-02-24,41.41822
2021-02-23,39.98847
2021-02-22,39.27661
2021-02-19,38.08032
2021-02-18,37.59311
2021-02-17,38.58032
2021-02-16,37.81485
2021-02-12,36.84732
2021-02-11,36.29917
2021-02-10,36.83473
2021-02-09,36.24122
2021-02-08,36.80584
2021-02-05,35.35471
2021-02-04,35.28133
2021-02-03,34.70525
2021-02-02,33.3056
2021-02-01,32.80862
2021-01-29,32.41015
2021-01-28,33.54227
2021-01-27,33.17379
2021-01-26,33.51978
2021-01-25,34.28571
2021-01-22,34.57713
2021-01-21,34.80945
2021-01-20,36.15264
2021-01-19,35.97888
2021-01-15,35.34811
2021-01-14,36.56091
2021-01-13,35.51171
2021-01-12,35.76181
2021-01-11,34.57713
2021-01-08,33.87031
2021-01-07,33.8089
2021-01-06,33.23034
2021-01-05,32.2439
2021-01-04,30.98017
2020-12-31,31.00204
2020-12-30,31.10098
2020-12-29,30.73844
2020-12-28,31.03392
2020-12-24,31.2895
2020-12-23,31.44334
2020-12-22,30.79261
2020-12-21,31.16214
2020-12-18,32.19743
2020-12-17,32.68352
2020-12-16,33.08407
2020-12-15,33.27029
2020-12-14,32.63695
2020-12-11,33.93579
2020-12-10,34.32343
2020-12-09,33.43274
2020-12-08,33.23979
2020-12-07,32.7042
2020-12-04,33.45685
2020-12-03,31.72238
2020-12-02,31.53064
2020-12-01,30.66002
2020-11-30,30.75121
2020-11-27,32.54161
2020-11-25,33.03961
2020-11-24,33.95098
2020-11-23,32.37902
2020-11-20,30.20921
2020-11-19,30.39001
2020-11-18,29.83993
2020-11-17,30.75107
2020-11-16,30.49316
2020-11-13,28.64874
2020-11-12,27.70339
2020-11-11,28.69277
2020-11-10,28.87479
2020-11-09,27.97191
2020-11-06,24.3498
2020-11-05,25.05295
2020-11-04,25.24114
2020-11-03,25.21776
2020-11-02,25.5418
2020-10-30,24.66083
2020-10-29,24.4982
2020-10-28,23.58097
2020-10-27,24.45666
2020-10-26,24.79689
2020-10-23,25.66073
2020-10-22,25.83319
2020-10-21,24.70103
2020-10-20,25.28114
2020-10-19,25.08063
2020-10-16,25.76158
2020-10-15,26.40848
2020-10-14,25.97226
2020-10-13,25.89689
2020-10-12,26.13665
2020-10-09,26.04246
2020-10-08,26.61846
2020-10-07,25.62012
2020-10-06,25.24404
2020-10-05,25.61296
2020-10-02,25.0128
2020-10-01,24.7169
2020-09-30,25.55025
2020-09-29,25.59209
2020-09-28,26.50137
2020-09-25,25.9747
2020-09-24,25.89385
2020-09-23,25.86251
2020-09-22,27.03349
2020-09-21,27.22937
2020-09-18,28.32462
2020-09-17,28.75148
2020-09-16,28.6825
2020-09-15,27.5289
2020-09-14,27.69866
2020-09-11,27.55766
2020-09-10,27.48356
2020-09-09,28.65978
2020-09-08,28.48423
2020-09-04,29.46346
2020-09-03,29.5614
2020-09-02,29.74342
2020-09-01,29.67153
2020-08-31,29.84762
2020-08-28,30.65018
2020-08-27,30.3467
2020-08-26,30.19777
2020-08-25,30.90078
2020-08-24,31.37288
2020-08-21,30.60392
2020-08-20,30.58883
2020-08-19,31.20054
2020-08-18,31.40918
2020-08-17,31.9936
2020-08-14,32.24145
2020-08-13,32.0132
2020-08-12,32.7171
2020-08-11,32.45264
2020-08-10,32.61295
2020-08-07,31.59147
2020-08-06,31.25421
2020-08-05,31.52531
2020-08-04,31.44846
2020-08-03,30.77709
2020-07-31,30.5572
2020-07-30,30.66757
2020-07-29,32.00272
2020-07-28,31.45292
2020-07-27,31.97105
2020-07-24,32.23893
2020-07-23,32.46127
2020-07-22,32.64231
2020-07-21,33.22334
2020-07-20,31.54122
2020-07-17,32.0857
2020-07-16,32.6146
2020-07-15,32.76935
2020-07-14,32.08805
2020-07-13,31.09606
2020-07-10,31.45133
2020-07-09,30.50217
2020-07-08,31.96013
2020-07-07,32.11692
2020-07-06,33.12108
2020-07-02,33.25318
2020-07-01,32.78587
2020-06-30,33.66539
2020-06-29,32.95627
2020-06-26,32.51113
2020-06-25,33.68665
2020-06-24,32.90477
2020-06-23,34.74224
2020-06-22,34.85481
2020-06-19,35.35245
2020-06-18,35.89423
2020-06-17,35.33968
2020-06-16,36.4661
2020-06-15,35.39211
2020-06-12,35.43966
2020-06-11,34.18412
2020-06-10,37.77641
2020-06-09,39.7602
2020-06-08,41.50208
2020-06-05,39.71305
2020-06-04,36.8435
2020-06-03,37.13625
2020-06-02,36.28065
2020-06-01,35.43576
2020-05-29,34.92521
2020-05-28,35.13806
2020-05-27,36.50114
2020-05-26,36.03316
2020-05-22,35.34166
2020-05-21,35.34459
2020-05-20,35.85095
2020-05-19,34.62348
2020-05-18,35.68613
2020-05-15,33.30249
2020-05-14,33.50955
2020-05-13,33.01608
2020-05-12,34.49452
2020-05-11,35.25167
2020-05-08,35.75182
2020-05-07,34.3013
2020-05-06,33.45054
2020-05-05,34.24354
2020-05-04,34.02752
2020-05-01,32.6265
2020-04-30,34.74445
2020-04-29,35.82227
2020-04-28,33.40103
2020-04-27,32.68644
2020-04-24,32.09121
2020-04-23,31.94008
2020-04-22,30.93565
2020-04-21,29.79528
2020-04-20,30.25759
2020-04-17,31.24137
2020-04-16,28.32749
2020-04-15,29.36704
2020-04-14,30.67943
2020-04-13,30.96089
2020-04-09,31.00768
2020-04-08,31.49853
2020-04-07,29.442
2020-04-06,29.07795
2020-04-03,27.65366
2020-04-02,27.80852
2020-04-01,25.28146
2020-03-31,26.48801
2020-03-30,25.97096
2020-03-27,25.52712
2020-03-26,27.56713
2020-03-25,26.36958
2020-03-24,25.4253
2020-03-23,21.92354
2020-03-20,24.24299
2020-03-19,23.97042
2020-03-18,22.10546
2020-03-17,25.48234
2020-03-16,24.92159
2020-03-13,29.04972
2020-03-12,26.34543
2020-03-11,29.83607
2020-03-10,31.41569
2020-03-09,29.6083
2020-03-06,37.59398
2020-03-05,40.15516
2020-03-04,42.01726
2020-03-03,40.91764
2020-03-02,42.1288
2020-02-28,41.1508
2020-02-27,41.26594
2020-02-26,44.00221
2020-02-25,45.35514
2020-02-24,47.50253
2020-02-21,49.86185
2020-02-20,50.76438
2020-02-19,50.82468
2020-02-18,50.10181
2020-02-14,50.33662
2020-02-13,50.60874
2020-02-12,50.59289
2020-02-11,49.72533
2020-02-10,49.23006
2020-02-07,49.32834
2020-02-06,49.53075
2020-02-05,49.92273
2020-02-04,47.95687
2020-02-03,47.68966
2020-01-31,48.21799
2020-01-30,49.97282
2020-01-29,49.72285
2020-01-28,50.23163
2020-01-27,49.9773
2020-01-24,51.34669
2020-01-23,51.83241
2020-01-22,51.86722
2020-01-21,52.34403
2020-01-17,53.30448
2020-01-16,53.43511
2020-01-15,53.23535
2020-01-14,53.75977
2020-01-13,53.70736
2020-01-10,53.7763
2020-01-09,54.16479
2020-01-08,53.7057
2020-01-07,54.48263
2020-01-06,54.37249
2020-01-03,54.06373
2020-01-02,54.23456
2019-12-31,53.4687
2019-12-30,53.25127
2019-12-27,55.15021
2019-12-26,55.78672
2019-12-24,55.88023
2019-12-23,55.89216
2019-12-20,55.4341
2019-12-19,55.16404
2019-12-18,55.21677
2019-12-17,54.84218
2019-12-16,54.85058
2019-12-13,54.25513
2019-12-12,54.69847
2019-12-11,53.79553
2019-12-10,53.90998
2019-12-09,53.94773
2019-12-06,54.02081
2019-12-05,52.76902
2019-12-04,53.15039
2019-12-03,52.31782
2019-12-02,53.17381
2019-11-29,53.45861
2019-11-27,54.08182
2019-11-26,53.84755
2019-11-25,54.41577
2019-11-22,54.2725
2019-11-21,54.26195
2019-11-20,53.36586
2019-11-19,52.766
2019-11-18,53.55531
2019-11-15,54.35137
2019-11-14,54.11145
2019-11-13,54.3504
2019-11-12,54.52729
2019-11-11,54.66981
2019-11-08,55.0726
2019-11-07,55.19428
2019-11-06,54.25628
2019-11-05,55.37586
2019-11-04,54.94121
2019-11-01,53.10876
2019-10-31,52.00072
2019-10-30,52.36125
2019-10-29,53.49298
2019-10-28,53.30571
2019-10-25,53.74752
2019-10-24,53.15567
2019-10-23,53.31355
2019-10-22,52.77803
2019-10-21,52.05344
2019-10-18,51.11131
2019-10-17,51.52795
2019-10-16,51.70111
2019-10-15,52.70797
2019-10-14,52.45694
2019-10-11,52.3844
2019-10-10,51.84715
2019-10-09,51.408
2019-10-08,51.03625
2019-10-07,51.78002
2019-10-04,52.23962
2019-10-03,51.9166
2019-10-02,51.47837
2019-10-01,52.87073
2019-09-30,54.29698
2019-09-27,54.48648
2019-09-26,54.58539
2019-09-25,55.22252
2019-09-24,54.77574
2019-09-23,55.79321
2019-09-20,55.67366
2019-09-19,55.94387
2019-09-18,55.99747
2019-09-17,56.23306
2019-09-16,57.37526
2019-09-13,55.14626
2019-09-12,54.75244
2019-09-11,55.40111
2019-09-10,55.17616
2019-09-09,54.43942
2019-09-06,53.49343
2019-09-05,53.18359
2019-09-04,52.60294
2019-09-03,52.14221
2019-08-30,52.31161
2019-08-29,52.00398
2019-08-28,51.13277
2019-08-27,50.32892
2019-08-26,50.58506
2019-08-23,50.2379
2019-08-22,52.24689
2019-08-21,52.38224
2019-08-20,52.06775
2019-08-19,52.5329
2019-08-16,51.40178
2019-08-15,50.7027
2019-08-14,50.81658
2019-08-13,52.71914
2019-08-12,52.04245
2019-08-09,52.71608
2019-08-08,53.33333
2019-08-07,51.74134
2019-08-06,52.26826
2019-08-05,52.27009
2019-08-02,54.34587
2019-08-01,55.36682
2019-07-31,56.34436
2019-07-30,56.40244
2019-07-29,55.83483
2019-07-26,56.14997
2019-07-25,56.37686
2019-07-24,56.96725
2019-07-23,56.69447
2019-07-22,56.20431
2019-07-19,55.891
2019-07-18,55.65752
2019-07-17,55.64365
2019-07-16,56.34531
2019-07-15,56.71907
2019-07-12,57.1885
2019-07-11,57.01973
2019-07-10,56.87894
2019-07-09,56.41003
2019-07-08,56.33527
2019-07-05,56.23496
2019-07-03,55.84611
2019-07-02,55.4966
2019-07-01,56.46361
2019-06-28,56.08768
2019-06-27,55.41087
2019-06-26,55.74102
2019-06-25,54.99428
2019-06-24,55.30775
2019-06-21,56.04444
2019-06-20,56.39391
2019-06-19,55.5506
2019-06-18,55.68253
2019-06-17,54.80135
2019-06-14,54.42948
2019-06-13,54.4608
2019-06-12,53.73108
2019-06-11,54.34725
2019-06-10,54.30364
2019-06-07,54.02998
2019-06-06,54.00691
2019-06-05,53.29773
2019-06-04,53.84615
2019-06-03,53.06705
2019-05-31,52.65185
2019-05-30,53.71767
2019-05-29,54.4189
2019-05-28,54.61711
2019-05-24,54.99331
2019-05-23,54.90073
2019-05-22,56.93287
2019-05-21,57.81362
2019-05-20,57.1096
2019-05-17,57.10319
2019-05-16,57.61832
2019-05-15,57.15688
2019-05-14,56.84211
2019-05-13,56.03026
2019-05-10,56.9992
2019-05-09,56.83845
2019-05-08,56.9756
2019-05-07,57.04698
2019-05-06,57.40427
2019-05-03,57.38657
2019-05-02,56.95115
2019-05-01,57.63209
2019-04-30,58.93733
2019-04-29,59.17181
2019-04-26,59.32097
2019-04-25,60.24064
2019-04-24,60.31006
2019-04-23,61.08436
2019-04-22,60.94333
2019-04-18,59.83081
2019-04-17,59.76452
2019-04-16,59.90783
2019-04-15,59.39683
2019-04-12,59.7929
2019-04-11,59.85077
2019-04-10,59.71089
2019-04-09,59.52085
2019-04-08,60.27336
2019-04-05,60.28533
2019-04-04,59.22096
2019-04-03,58.60014
2019-04-02,59.4177
2019-04-01,59.78047
2019-03-29,58.92523
2019-03-28,58.94081
2019-03-27,58.61916
2019-03-26,58.88505
2019-03-25,57.87753
2019-03-22,57.95344
2019-03-21,59.27068
2019-03-20,58.83078
2019-03-19,58.34067
2019-03-18,58.63347
2019-03-15,57.87102
2019-03-14,58.4565
2019-03-13,58.37388
2019-03-12,57.85651
2019-03-11,57.72994
2019-03-08,56.85053
2019-03-07,58.01336
2019-03-06,57.93244
2019-03-05,58.73241
2019-03-04,58.74515
2019-03-01,58.46898
2019-02-28,57.32736
2019-02-27,57.97344
2019-02-26,57.69772
2019-02-25,58.04547
2019-02-22,57.95875
2019-02-21,57.87801
2019-02-20,58.59581
2019-02-19,58.44202
2019-02-15,58.65342
2019-02-14,57.59936
2019-02-13,57.50266
2019-02-12,56.57244
2019-02-11,56.1086
2019-02-08,55.55163
2019-02-07,55.71416
2019-02-06,56.83896
2019-02-05,57.09528
2019-02-04,56.89791
2019-02-01,56.5786
2019-01-31,55.70306
2019-01-30,55.49523
2019-01-29,54.68148
2019-01-28,54.48185
2019-01-25,55.17272
2019-01-24,54.99602
2019-01-23,54.25261
2019-01-22,54.93007
2019-01-18,56.20708
2019-01-17,54.94863
2019-01-16,54.38596
2019-01-15,54.50395
2019-01-14,53.8991
2019-01-11,54.00157
2019-01-10,54.21519
2019-01-09,53.93219
2019-01-08,53.45731
2019-01-07,52.97759
2019-01-04,52.48992
2019-01-03,50.79393
2019-01-02,51.59241
2018-12-31,50.07859
2018-12-28,49.86452
2018-12-27,50.27107
2018-12-26,50.36104
2018-12-24,47.18668
2018-12-21,49.27982
2018-12-20,49.90837
2018-12-19,51.48359
2018-12-18,52.39437
2018-12-17,53.70452
2018-12-14,54.94204
2018-12-13,55.94787
2018-12-12,55.67373
2018-12-11,55.73814
2018-12-10,55.51937
2018-12-07,56.22642
2018-12-06,56.58207
2018-12-04,57.86829
2018-12-03,59.52612
2018-11-30,58.42687
2018-11-29,58.23441
2018-11-28,58.00423
2018-11-27,57.32388
2018-11-26,57.20963
2018-11-23,56.38288
2018-11-21,57.89751
2018-11-20,57.10267
2018-11-19,58.61407
2018-11-16,58.86786
2018-11-15,58.67433
2018-11-14,57.93855
2018-11-13,58.10799
2018-11-12,59.65318
2018-11-09,60.44829
2018-11-08,60.22997
2018-11-07,61.18283
2018-11-06,60.47143
2018-11-05,60.28082
2018-11-02,59.35166
2018-11-01,59.35501
2018-10-31,59.40209
2018-10-30,58.81575
2018-10-29,57.28837
2018-10-26,58.33626
2018-10-25,58.89905
2018-10-24,58.07952
2018-10-23,59.99826
2018-10-22,61.67931
2018-10-19,62.09201
2018-10-18,62.90969
2018-10-17,62.91638
2018-10-16,62.99845
2018-10-15,62.49137
2018-10-12,63.13241
2018-10-11,62.89417
2018-10-10,65.30029
2018-10-09,67.76132
2018-10-08,67.16028
2018-10-05,67.01989
2018-10-04,67.08102
2018-10-03,67.29483
2018-10-02,66.54835
2018-10-01,66.37566
2018-09-28,65.2144
2018-09-27,65.06468
2018-09-26,64.6273
2018-09-25,65.14058
2018-09-24,64.76838
2018-09-21,63.95844
2018-09-20,63.88842
2018-09-19,64.28143
2018-09-18,64.21649
2018-09-17,63.59439
2018-09-14,63.80821
2018-09-13,63.25028
2018-09-12,63.49643
2018-09-11,63.39317
2018-09-10,62.72735
2018-09-07,62.97033
2018-09-06,62.63226
2018-09-05,63.83272
2018-09-04,64.14508
2018-08-31,64.20009
2018-08-30,64.35618
2018-08-29,64.27168
2018-08-28,63.80782
2018-08-27,64.24538
2018-08-24,64.12595
2018-08-23,64.04154
2018-08-22,64.15013
2018-08-21,63.56086
2018-08-20,63.79265
2018-08-17,63.64274
2018-08-16,63.73636
2018-08-15,63.39034
2018-08-14,65.69388
2018-08-13,65.23609
2018-08-10,66.03228
2018-08-09,64.74864
2018-08-08,65.14015
2018-08-07,65.62581
2018-08-06,65.31742
2018-08-03,64.89004
2018-08-02,65.14773
2018-08-01,65.17827
2018-07-31,65.88637
2018-07-30,65.94401
2018-07-27,65.73169
2018-07-26,65.98645
2018-07-25,65.18538
2018-07-24,64.62934
2018-07-23,63.73194
2018-07-20,63.95935
2018-07-19,64.74541
2018-07-18,64.47267
2018-07-17,64.42423
2018-07-16,64.39433
2018-07-13,65.32465
2018-07-12,64.93751
2018-07-11,64.7265
2018-07-10,65.94221
2018-07-09,65.37839
2018-07-06,64.42193
2018-07-05,64.29304
2018-07-03,64.62661
2018-07-02,64.5
2018-06-29,65.03383
2018-06-28,65.15583
2018-06-27,65.24217
2018-06-26,63.96466
2018-06-25,62.98324
2018-06-22,64.51751
2018-06-21,63.47894
2018-06-20,64.77694
2018-06-19,64.5981
2018-06-18,64.54976
2018-06-15,63.91211
2018-06-14,65.59223
2018-06-13,64.81214
2018-06-12,65.15203
2018-06-11,65.57516
2018-06-08,65.31895
2018-06-07,65.25237
2018-06-06,64.44765
2018-06-05,64.48143
2018-06-04,64.79548
2018-06-01,65.47793
2018-05-31,65.13581
2018-05-30,65.67215
2018-05-29,64.3946
2018-05-25,63.95678
2018-05-24,65.26594
2018-05-23,66.57829
2018-05-22,66.07264
2018-05-21,67.03763
2018-05-18,66.28479
2018-05-17,66.68361
2018-05-16,65.64801
2018-05-15,65.12725
2018-05-14,64.51236
2018-05-11,64.16625
2018-05-10,64.32709
2018-05-09,64.15015
2018-05-08,62.73569
2018-05-07,61.971
2018-05-04,61.73201
2018-05-03,61.30297
2018-05-02,61.5526
2018-05-01,61.04685
2018-04-30,60.99496
2018-04-27,60.95285
2018-04-26,61.52895
2018-04-25,60.35289
2018-04-24,59.60297
2018-04-23,60.36176
2018-04-20,59.60803
2018-04-19,59.65978
2018-04-18,59.37046
2018-04-17,58.61594
2018-04-16,58.25729
2018-04-13,57.85934
2018-04-12,57.26447
2018-04-11,57.08283
2018-04-10,56.65316
2018-04-09,54.93587
2018-04-06,54.86315
2018-04-05,56.0559
2018-04-04,54.80722
2018-04-03,55.00122
2018-04-02,53.73353
2018-03-29,54.84501
2018-03-28,53.47481
2018-03-27,54.23715
2018-03-26,54.6207
2018-03-23,54.0123
2018-03-22,54.60457
2018-03-21,55.84691
2018-03-20,54.50171
2018-03-19,53.66861
2018-03-16,54.77256
2018-03-15,54.47102
2018-03-14,54.57778
2018-03-13,54.83012
2018-03-12,55.50328
2018-03-09,55.56909
2018-03-08,54.52553
2018-03-07,54.18111
2018-03-06,54.62761
2018-03-05,54.85649
2018-03-02,54.37784
2018-03-01,54.56928
2018-02-28,54.66459
2018-02-27,55.77237
2018-02-26,56.23172
2018-02-23,55.90769
2018-02-22,54.5882
2018-02-21,54.03586
2018-02-20,54.88496
2018-02-16,54.75444
2018-02-15,54.75465
2018-02-14,55.12965
2018-02-13,54.62641
2018-02-12,55.20163
2018-02-09,54.5849
2018-02-08,54.46531
2018-02-07,56.07172
2018-02-06,56.4684
2018-02-05,55.85325
2018-02-02,58.11212
2018-02-01,60.5978
2018-01-31,60.28997
2018-01-30,60.29341
2018-01-29,61.70385
2018-01-26,62.31208
2018-01-25,61.7115
2018-01-24,62.70174
2018-01-23,63.44463
2018-01-22,63.72917
2018-01-19,62.43767
2018-01-18,62.53986
2018-01-17,62.93666
2018-01-16,62.43058
2018-01-12,63.79893
2018-01-11,63.69829
2018-01-10,62.82609
2018-01-09,63.10712
2018-01-08,62.96544
2018-01-05,62.23126
2018-01-04,62.1118
2018-01-03,61.98553
2018-01-02,60.97966
2017-12-29,60.10647
2017-12-28,60.62913
2017-12-27,60.81183
2017-12-26,61.15744
2017-12-22,60.71881
2017-12-21,60.51567
2017-12-20,59.21529
2017-12-19,58.6271
2017-12-18,58.73622
2017-12-15,58.41054
2017-12-14,58.7377
2017-12-13,59.07507
2017-12-12,59.35687
2017-12-11,59.17571
2017-12-08,58.93161
2017-12-07,58.19276
2017-12-06,58.04291
2017-12-05,58.74132
2017-12-04,58.80615
2017-12-01,58.52511
2017-11-30,58.11118
2017-11-29,57.44663
2017-11-28,57.04297
2017-11-27,56.4527
2017-11-24,56.90812
2017-11-22,57.38872
2017-11-21,57.41293
2017-11-20,57.26568
2017-11-17,57.13438
2017-11-16,56.99482
2017-11-15,57.1029
2017-11-14,57.83398
2017-11-13,59.38438
2017-11-10,59.74783
2017-11-09,60.16323
2017-11-08,60.2208
2017-11-07,60.57153
2017-11-06,60.49776
2017-11-03,59.19159
2017-11-02,58.75086
2017-11-01,59.06433
2017-10-31,58.30185
2017-10-30,58.20292
2017-10-27,58.10181
2017-10-26,57.54152
2017-10-25,56.7849
2017-10-24,57.42095
2017-10-23,57.40315
2017-10-20,57.51018
2017-10-19,57.15251
2017-10-18,57.56342
2017-10-17,58.173
2017-10-16,57.81898
2017-10-13,57.61393
2017-10-12,57.60879
2017-10-11,57.76633
2017-10-10,57.84613
2017-10-09,58.05106
2017-10-06,58.06039
2017-10-05,58.63011
2017-10-04,58.09742
2017-10-03,58.1894
2017-10-02,58.29856
2017-09-29,58.01915
2017-09-28,58.12118
2017-09-27,58.22839
2017-09-26,57.83398
2017-09-25,57.55171
2017-09-22,56.25785
2017-09-21,56.0295
2017-09-20,55.68144
2017-09-19,55.44513
2017-09-18,55.40473
2017-09-15,55.1193
2017-09-14,55.99966
2017-09-13,55.74447
2017-09-12,54.67692
2017-09-11,54.31078
2017-09-08,53.55064
2017-09-07,54.29143
2017-09-06,54.47304
2017-09-05,53.70915
2017-09-01,53.61781
2017-08-31,53.00059
2017-08-30,52.64617
2017-08-29,52.13049
2017-08-28,52.36704
2017-08-25,52.99907
2017-08-24,53.13453
2017-08-23,53.11414
2017-08-22,53.05168
2017-08-21,52.43572
2017-08-18,53.04281
2017-08-17,52.81492
2017-08-16,53.7515
2017-08-15,54.11093
2017-08-14,54.05749
2017-08-11,54.09018
2017-08-10,54.74186
2017-08-09,55.38999
2017-08-08,55.30123
2017-08-07,55.2549
2017-08-04,55.84482
2017-08-03,55.1268
2017-08-02,55.91507
2017-08-01,56.42524
2017-07-31,56.40505
2017-07-28,56.61358
2017-07-27,57.0559
2017-07-26,56.66122
2017-07-25,56.47473
2017-07-24,55.84293
2017-07-21,55.81176
2017-07-20,56.51912
2017-07-19,57.25197
2017-07-18,56.2273
2017-07-17,56.93863
2017-07-14,57.07304
2017-07-13,57.07137
2017-07-12,56.69381
2017-07-11,56.44231
2017-07-10,56.35311
2017-07-07,56.10975
2017-07-06,56.13835
2017-07-05,57.1794
2017-07-03,58.26363
2017-06-30,56.8825
2017-06-29,56.54418
2017-06-28,56.67956
2017-06-27,56.70085
2017-06-26,57.41866
2017-06-23,57.49754
2017-06-22,57.32341
2017-06-21,57.40558
2017-06-20,58.46292
2017-06-19,59.03755
2017-06-16,59.25463
2017-06-15,58.90743
2017-06-14,58.69777
2017-06-13,60.1589
2017-06-12,59.73388
2017-06-09,59.31416
2017-06-08,57.84873
2017-06-07,57.74523
2017-06-06,58.54481
2017-06-05,57.94899
2017-06-02,57.7551
2017-06-01,58.74219
2017-05-31,58.23618
2017-05-30,58.80984
2017-05-26,59.5956
2017-05-25,59.27973
2017-05-24,60.59223
2017-05-23,60.8381
2017-05-22,60.46822
2017-05-19,60.8346
2017-05-18,60.44401
2017-05-17,60.39684
2017-05-16,61.33983
2017-05-15,62.21979
2017-05-12,62.04781
2017-05-11,62.55636
2017-05-10,62.67943
2017-05-09,61.70154
2017-05-08,62.01061
2017-05-05,61.24659
2017-05-04,60.37908
2017-05-03,61.83017
2017-05-02,61.71832
2017-05-01,62.04145
2017-04-28,62.23282
2017-04-27,62.3299
2017-04-26,63.02529
2017-04-25,62.80939
2017-04-24,62.8943
2017-04-21,63.39661
2017-04-20,63.40034
2017-04-19,63.30532
2017-04-18,64.26037
2017-04-17,65.19617
2017-04-13,65.25137
2017-04-12,66.59121
2017-04-11,66.82375
2017-04-10,66.87736
2017-04-07,66.38362
2017-04-06,66.31925
2017-04-05,65.81197
2017-04-04,65.9319
2017-04-03,65.45352
2017-03-31,65.34542
2017-03-30,65.52691
2017-03-29,65.25905
2017-03-28,63.88812
2017-03-27,62.81296
2017-03-24,63.45798
2017-03-23,63.8438
2017-03-22,63.92563
2017-03-21,64.02998
2017-03-20,65.01305
2017-03-17,64.9544
2017-03-16,65.58096
2017-03-15,66.59452
2017-03-14,65.18219
2017-03-13,65.69097
2017-03-10,65.62002
2017-03-09,66.26654
2017-03-08,66.10041
2017-03-07,67.62175
2017-03-06,68.2076
2017-03-03,68.15944
2017-03-02,68.64649
2017-03-01,68.92276
2017-02-28,67.28884
2017-02-27,67.52169
2017-02-24,67.16813
2017-02-23,67.8149
2017-02-22,67.65905
2017-02-21,68.72155
2017-02-17,67.80667
2017-02-16,67.93392
2017-02-15,69.32162
2017-02-14,69.72078
2017-02-13,69.2903
2017-02-10,68.91104
2017-02-09,68.24622
2017-02-08,67.2338
2017-02-07,67.10625
2017-02-06,67.79693
2017-02-03,68.0638
2017-02-02,67.45458
2017-02-01,67.29285
2017-01-31,67.60015
2017-01-30,68.14739
2017-01-27,69.48423
2017-01-26,70.18808
2017-01-25,69.79885
2017-01-24,69.31301
2017-01-23,68.75175
2017-01-20,69.8267
2017-01-19,69.84575
2017-01-18,69.8961
2017-01-17,69.95046
2017-01-13,69.92573
2017-01-12,70.05353
2017-01-11,70.94422
2017-01-10,70.17328
2017-01-09,70.75017
2017-01-06,71.93365
2017-01-05,71.5418
2017-01-04,72.58403
2017-01-03,73.05073
2016-12-30,71.41367
2016-12-29,72.13522
2016-12-28,72.89099
2016-12-27,73.18286
2016-12-23,73.07619
2016-12-22,73.18521
2016-12-21,72.99319
2016-12-20,73.08136
2016-12-19,72.92225
2016-12-16,73.24335
2016-12-15,73.40824
2016-12-14,71.58142
2016-12-13,73.25866
2016-12-12,72.31723
2016-12-09,72.67552
2016-12-08,71.97662
2016-12-07,70.69062
2016-12-06,70.34167
2016-12-05,70.11238
2016-12-02,70.09836
2016-12-01,70.22118
2016-11-30,70.22361
2016-11-29,66.65098
2016-11-28,67.74681
2016-11-25,68.64911
2016-11-23,69.22421
2016-11-22,68.49882
2016-11-21,68.65925
2016-11-18,67.19252
2016-11-17,66.60399
2016-11-16,66.67913
2016-11-15,66.91512
2016-11-14,64.98279
2016-11-11,63.95948
2016-11-10,64.9619
2016-11-09,64.4026
2016-11-08,62.88669
2016-11-07,62.6913
2016-11-04,60.97166
2016-11-03,61.31558
2016-11-02,61.14414
2016-11-01,62.07489
2016-10-31,62.59236
2016-10-28,63.40951
2016-10-27,63.86339
2016-10-26,63.9846
2016-10-25,63.96107
2016-10-24,64.33168
2016-10-21,64.54846
2016-10-20,64.55002
2016-10-19,64.4876
2016-10-18,63.45769
2016-10-17,63.13971
2016-10-14,63.4834
2016-10-13,63.59601
2016-10-12,64.00725
2016-10-11,64.05276
2016-10-10,64.3575
2016-10-07,63.22529
2016-10-06,63.63229
2016-10-05,63.2786
2016-10-04,62.39057
2016-10-03,62.89891
2016-09-30,62.88742
2016-09-29,62.06897
2016-09-28,62.25355
2016-09-27,59.62207
2016-09-26,59.84182
2016-09-23,60.2208
2016-09-22,61.05273
2016-09-21,61.35854
2016-09-20,59.9373
2016-09-19,60.31135
2016-09-16,60.42283
2016-09-15,60.85216
2016-09-14,60.04087
2016-09-13,60.86337
2016-09-12,62.64685
2016-09-09,62.14891
2016-09-08,63.88617
2016-09-07,62.7849
2016-09-06,62.37879
2016-09-02,61.88301
2016-09-01,61.00196
2016-08-31,61.39989
2016-08-30,62.42489
2016-08-29,62.5
2016-08-26,61.75345
2016-08-25,61.7308
2016-08-24,61.94871
2016-08-23,61.92718
2016-08-22,61.4841
2016-08-19,62.19965
2016-08-18,62.66549
2016-08-17,61.71383
2016-08-16,61.54938
2016-08-15,61.92989
2016-08-12,61.51504
2016-08-11,61.22961
2016-08-10,60.29372
2016-08-09,61.30775
2016-08-08,61.77665
2016-08-05,60.90368
2016-08-04,60.0826
2016-08-03,59.97852
2016-08-02,58.58505
2016-08-01,58.3296
2016-07-29,60.39258
2016-07-28,60.2203
2016-07-27,60.67692
2016-07-26,61.29414
2016-07-25,60.94475
2016-07-22,62.29598
2016-07-21,61.87318
2016-07-20,62.50227
2016-07-19,62.54693
2016-07-18,62.57791
2016-07-15,62.58362
2016-07-14,62.3324
2016-07-13,62.03979
2016-07-12,62.6758
2016-07-11,61.377
2016-07-08,61.2483
2016-07-07,60.39334
2016-07-06,60.87942
2016-07-05,60.61317
2016-07-01,61.59648
2016-06-30,61.62738
2016-06-29,61.00198
2016-06-28,60.11038
2016-06-27,58.56133
2016-06-24,59.80656
2016-06-23,60.7857
2016-06-22,60.0637
2016-06-21,60.63594
2016-06-20,59.62881
2016-06-17,59.36807
2016-06-16,59.47176
2016-06-15,59.59318
2016-06-14,59.86801
2016-06-13,59.52676
2016-06-10,59.73577
2016-06-09,60.83576
2016-06-08,60.87376
2016-06-07,61.28293
2016-06-06,59.77396
2016-06-03,58.74978
2016-06-02,59.87809
2016-06-01,59.86218
2016-05-31,60.03232
2016-05-27,60.27656
2016-05-26,60.03042
2016-05-25,60.37279
2016-05-24,59.48516
2016-05-23,58.86708
2016-05-20,59.00294
2016-05-19,58.6813
2016-05-18,58.2927
2016-05-17,58.59513
2016-05-16,58.34216
2016-05-13,57.54383
2016-05-12,57.81733
2016-05-11,57.42652
2016-05-10,57.50308
2016-05-09,56.46563
2016-05-06,57.1291
2016-05-05,57.32562
2016-05-04,56.44081
2016-05-03,57.11807
2016-05-02,58.51267
2016-04-29,59.0035
2016-04-28,59.63659
2016-04-27,60.60579
2016-04-26,59.62815
2016-04-25,58.84076
2016-04-22,59.73447
2016-04-21,58.48823
2016-04-20,58.68279
2016-04-19,57.91139
2016-04-18,57.03311
2016-04-15,56.23932
2016-04-14,57.1771
2016-04-13,56.93275
2016-04-12,56.22363
2016-04-11,54.41563
2016-04-08,54.67695
2016-04-07,53.74473
2016-04-06,53.87648
2016-04-05,52.82555
2016-04-04,53.18928
2016-04-01,53.59902
2016-03-31,54.38011
2016-03-30,54.70376
2016-03-29,54.86019
2016-03-28,54.95399
2016-03-24,55.28339
2016-03-23,55.02504
2016-03-22,56.07343
2016-03-21,56.245
2016-03-18,56.31042
2016-03-17,56.33548
2016-03-16,56.75359
2016-03-15,55.64756
2016-03-14,55.88633
2016-03-11,55.89817
2016-03-10,54.30588
2016-03-09,55.07299
2016-03-08,54.24267
2016-03-07,56.61011
2016-03-04,55.42826
2016-03-03,55.1617
2016-03-02,54.80512
2016-03-01,53.47209
2016-02-29,52.02759
2016-02-26,52.38444
2016-02-25,51.52613
2016-02-24,51.56023
2016-02-23,51.05707
2016-02-22,52.82916
2016-02-19,51.04681
2016-02-18,51.22807
2016-02-17,51.7362
2016-02-16,50.1302
2016-02-12,49.15526
2016-02-11,47.53839
2016-02-10,48.16992
2016-02-09,48.01521
2016-02-08,49.84326
2016-02-05,50.21995
2016-02-04,51.14763
2016-02-03,51.78023
2016-02-02,50.71494
2016-02-01,52.55257
2016-01-29,53.6844
2016-01-28,51.67656
2016-01-27,50.48749
2016-01-26,50.85762
2016-01-25,49.06288
2016-01-22,51.54906
2016-01-21,49.22538
2016-01-20,47.3954
2016-01-19,48.66398
2016-01-15,49.63017
2016-01-14,51.53301
2016-01-13,49.45622
2016-01-12,50.72424
2016-01-11,50.40897
2016-01-08,51.47869
2016-01-07,52.27398
2016-01-06,54.11437
2016-01-05,56.32794
2016-01-04,55.74043
2015-12-31,55.51261
2015-12-30,55.0362
2015-12-29,55.68057
2015-12-28,55.07973
2015-12-24,56.21804
2015-12-23,57.09428
2015-12-22,54.27035
2015-12-21,53.93145
2015-12-18,54.24933
2015-12-17,55.80922
2015-12-16,56.65385
2015-12-15,57.03955
2015-12-14,55.1793
2015-12-11,54.99363
2015-12-10,57.37645
2015-12-09,56.72089
2015-12-08,56.57085
2015-12-07,57.35877
2015-12-04,59.5271
2015-12-03,59.72299
2015-12-02,62.76807
2015-12-01,64.58176
2015-11-30,64.41288
2015-11-27,63.93396
2015-11-25,64.2568
2015-11-24,64.63793
2015-11-23,63.44633
2015-11-20,62.8169
2015-11-19,63.04307
2015-11-18,64.41729
2015-11-17,63.33239
2015-11-16,63.75538
2015-11-13,61.51408
2015-11-12,61.4621
2015-11-11,63.18389
2015-11-10,64.69874
2015-11-09,64.24654
2015-11-06,65.00885
2015-11-05,64.57432
2015-11-04,65.18055
2015-11-03,65.15193
2015-11-02,63.17031
2015-10-30,61.74442
2015-10-29,61.63035
2015-10-28,60.77723
2015-10-27,59.60319
2015-10-26,60.24064
2015-10-23,61.96442
2015-10-22,61.43486
2015-10-21,59.23674
2015-10-20,59.94538
2015-10-19,59.93641
2015-10-16,60.82945
2015-10-15,60.6438
2015-10-14,59.34469
2015-10-13,59.12204
2015-10-12,59.80315
2015-10-09,60.57996
2015-10-08,61.50505
2015-10-07,60.56213
2015-10-06,59.6999
2015-10-05,58.80039
2015-10-02,56.79594
2015-10-01,54.76956
2015-09-30,54.73082
2015-09-29,53.09475
2015-09-28,53.2835
2015-09-25,55.7572
2015-09-24,55.30875
2015-09-23,55.46805
2015-09-22,56.44552
2015-09-21,56.59502
2015-09-18,55.51157
2015-09-17,57.74947
2015-09-16,57.75931
2015-09-15,56.29708
2015-09-14,55.4996
2015-09-11,55.85721
2015-09-10,56.76995
2015-09-09,56.96237
2015-09-08,57.93097
2015-09-04,57.24156
2015-09-03,58.34308
2015-09-02,57.57009
2015-09-01,56.86275
2015-08-31,59.29132
2015-08-28,58.78934
2015-08-27,57.21787
2015-08-26,53.80764
2015-08-25,51.84277
2015-08-24,52.12074
2015-08-21,55.88805
2015-08-20,58.78149
2015-08-19,60.879
2015-08-18,62.7595
2015-08-17,62.72227
2015-08-14,62.24975
2015-08-13,62.38442
2015-08-12,63.14094
2015-08-11,62.89137
2015-08-10,62.73923
2015-08-07,61.16434
2015-08-06,62.4714
2015-08-05,61.78608
2015-08-04,61.74968
2015-08-03,61.96515
2015-07-31,63.05553
2015-07-30,64.99588
2015-07-29,64.7304
2015-07-28,63.7853
2015-07-27,61.64852
2015-07-24,63.31754
2015-07-23,64.4683
2015-07-22,65.05549
2015-07-21,65.24635
2015-07-20,65.93488
2015-07-17,66.72193
2015-07-16,67.42369
2015-07-15,66.89504
2015-07-14,67.70209
2015-07-13,67.15362
2015-07-10,66.03468
2015-07-09,66.42734
2015-07-08,65.80995
2015-07-07,67.84898
2015-07-06,66.41084
2015-07-02,67.16835
2015-07-01,66.99169
2015-06-30,67.38994
2015-06-29,66.55966
2015-06-26,68.19649
2015-06-25,67.66911
2015-06-24,68.49352
2015-06-23,68.99669
2015-06-22,67.61704
2015-06-19,66.92823
2015-06-18,67.81255
2015-06-17,68.51309
2015-06-16,68.82227
2015-06-15,68.04645
2015-06-12,68.25439
2015-06-11,69.23488
2015-06-10,69.15251
2015-06-09,68.51819
2015-06-08,68.75278
2015-06-05,69.80946
2015-06-04,68.3292
2015-06-03,69.47135
2015-06-02,70.4519
2015-06-01,71.60912
2015-05-29,71.43899
2015-05-28,71.80238
2015-05-27,72.40397
2015-05-26,72.47268
2015-05-22,72.67126
2015-05-21,72.30507
2015-05-20,71.85078
2015-05-19,71.40038
2015-05-18,71.1303
2015-05-15,70.56508
2015-05-14,70.61253
2015-05-13,70.68859
2015-05-12,71.71843
2015-05-11,71.8946
2015-05-08,72.86338
2015-05-07,71.39434
2015-05-06,71.81842
2015-05-05,72.8859
2015-05-04,74.07474
2015-05-01,74.14333
2015-04-30,73.72927
2015-04-29,74.4257
2015-04-28,75.02963
2015-04-27,75.08022
2015-04-24,75.53672
2015-04-23,76.17332
2015-04-22,76.33296
2015-04-21,75.64627
2015-04-20,76.49084
2015-04-17,75.99035
2015-04-16,76.89655
2015-04-15,77.87927
2015-04-14,75.77634
2015-04-13,74.97637
2015-04-10,75.66088
2015-04-09,74.79378
2015-04-08,72.58527
2015-04-07,72.96102
2015-04-06,71.96653
2015-04-02,71.43382
2015-04-01,71.94805
2015-03-31,72.31544
2015-03-30,72.12569
2015-03-27,70.07888
2015-03-26,70.88433
2015-03-25,70.30723
