"Data","Ultimo","Apertura","Massimo","Minimo","Vol.","Var..."
2025-03-18,5.98,"5,97","5,98","5,97","15,27K","0,17%"
2025-03-17,5.97,"5,97","5,97","5,96","110,31K","0,13%"
2025-03-14,5.96,"5,94","5,96","5,94","68,27K","0,21%"
2025-03-13,5.95,"5,97","5,97","5,95","176,49K","-0,28%"
2025-03-12,5.97,"5,96","5,97","5,96","77,68K","0,15%"
2025-03-11,5.96,"5,98","5,98","5,96","449,00K","-0,35%"
2025-03-10,5.98,"6,01","6,01","5,97","68,60K","-0,18%"
2025-03-07,5.99,"6,00","6,00","5,98","26,30K","0,11%"
2025-03-06,5.98,"6,03","6,03","5,98","359,85K","-0,43%"
2025-03-05,6.01,"6,01","6,02","6,01","157,36K","0,00%"
2025-03-04,6.01,"6,02","6,04","6,00","491,84K","-0,32%"
2025-03-03,6.03,"6,03","6,03","6,02","266,90K","0,19%"
2025-02-28,6.02,"6,02","6,02","6,01","43,45K","0,00%"
2025-02-27,6.02,"6,03","6,03","6,01","121,83K","0,10%"
2025-02-26,6.01,"6,04","6,04","6,01","118,78K","0,00%"
2025-02-25,6.01,"6,03","6,03","6,01","172,46K","0,00%"
2025-02-24,6.01,"6,03","6,04","6,01","98,90K","0,00%"
2025-02-21,6.01,"6,01","6,03","5,99","224,40K","0,10%"
2025-02-20,6,"6,02","6,02","6,00","118,66K","0,00%"
2025-02-19,6,"6,03","6,03","6,00","221,08K","-0,24%"
2025-02-18,6.01,"6,02","6,02","6,00","279,23K","0,00%"
2025-02-17,6.01,"6,02","6,02","6,00","366,74K","0,22%"
2025-02-14,6,"6,00","6,02","5,99","34,26K","0,00%"
2025-02-13,6,"6,00","6,00","5,99","152,96K","0,33%"
2025-02-12,5.98,"5,99","6,00","5,98","68,63K","-0,08%"
2025-02-11,5.98,"6,00","6,00","5,98","287,79K","0,00%"
2025-02-10,5.99,"5,99","6,00","5,98","23,64K","0,17%"
2025-02-07,5.98,"5,99","5,99","5,98","141,68K","-0,18%"
2025-02-06,5.99,"5,98","5,99","5,98","334,10K","0,09%"
2025-02-05,5.98,"5,99","5,99","5,97","304,39K","0,00%"
2025-02-04,5.99,"5,99","5,99","5,97","152,22K","0,23%"
2025-02-03,5.97,"5,96","5,97","5,95","178,74K","-0,09%"
2025-01-31,5.98,"5,97","5,98","5,97","26,22K","0,13%"
2025-01-30,5.97,"5,98","5,98","5,96","50,99K","0,27%"
2025-01-29,5.95,"5,97","5,97","5,93","121,68K","0,11%"
2025-01-28,5.95,"5,97","5,97","5,94","48,26K","0,13%"
2025-01-27,5.94,"5,92","5,94","5,92","29,53K","0,00%"
2025-01-24,5.94,"5,97","5,97","5,93","71,32K","0,00%"
2025-01-23,5.94,"5,96","5,96","5,93","157,42K","0,00%"
2025-01-22,5.93,"5,94","5,94","5,93","48,79K","0,16%"
2025-01-21,5.93,"5,92","5,93","5,92","47,49K","0,00%"
2025-01-20,5.93,"5,95","5,95","5,92","256,24K","0,00%"
2025-01-17,5.92,"5,93","5,93","5,92","269,13K","0,12%"
2025-01-16,5.92,"5,95","5,95","5,91","193,54K","0,00%"
2025-01-15,5.92,"5,90","5,92","5,89","33,12K","0,41%"
2025-01-14,5.89,"5,89","5,90","5,89","65,95K","0,00%"
2025-01-13,5.89,"5,91","5,91","5,88","91,89K","0,00%"
2025-01-10,5.89,"5,91","5,91","5,89","162,76K","-0,26%"
2025-01-09,5.91,"5,93","5,93","5,90","33,90K","0,00%"
2025-01-08,5.91,"5,95","5,95","5,91","37,61K","-0,28%"
2025-01-07,5.92,"5,92","5,95","5,92","100,31K","0,00%"
2025-01-06,5.93,"5,93","5,94","5,92","621,60K","0,08%"
2025-01-03,5.92,"5,94","5,94","5,90","27,79K","0,00%"
2025-01-02,5.93,"5,94","5,94","5,92","49,26K","0,00%"
2024-12-31,5.93,"5,94","5,94","5,93","1,91K","0,00%"
2024-12-30,5.93,"5,93","5,94","5,91","32,69K","-0,16%"
2024-12-27,5.93,"5,95","5,95","5,92","227,10K","0,19%"
2024-12-24,5.92,"5,91","5,95","5,91","1,08K","0,00%"
2024-12-23,5.93,"5,93","5,93","5,89","177,12K","0,25%"
2024-12-20,5.91,"5,90","5,92","5,89","281,75K","0,22%"
2024-12-19,5.9,"5,91","5,93","5,89","183,25K","-0,34%"
2024-12-18,5.92,"5,94","5,94","5,91","632,93K","0,00%"
2024-12-17,5.91,"5,94","5,94","5,91","97,07K","-0,10%"
2024-12-16,5.92,"5,93","5,93","5,92","47,61K","0,00%"
2024-12-13,5.93,"5,93","5,95","5,92","87,68K","-0,12%"
2024-12-12,5.93,"5,94","5,94","5,92","39,47K","0,00%"
2024-12-11,5.93,"5,95","5,95","5,93","41,17K","0,09%"
2024-12-10,5.93,"5,95","5,95","5,91","62,00K","0,00%"
2024-12-09,5.93,"5,92","5,93","5,92","175,44K","0,00%"
2024-12-06,5.93,"5,91","5,93","5,91","3,37M","0,16%"
2024-12-05,5.92,"5,92","5,92","5,91","5,19M","0,00%"
2024-12-04,5.91,"5,90","5,92","5,90","4,27M","0,16%"
2024-12-03,5.9,"5,91","5,91","5,90","5,36M","0,00%"
2024-12-02,5.9,"5,90","5,91","5,90","232,74K","0,00%"
2024-11-29,5.9,"5,91","5,91","5,88","46,75K","0,28%"
2024-11-28,5.89,"5,87","5,89","5,87","277,04K","0,18%"
2024-11-27,5.88,"5,89","5,89","5,87","192,82K","0,00%"
2024-11-26,5.88,"5,89","5,89","5,87","162,84K","-0,13%"
2024-11-25,5.88,"5,89","5,89","5,88","907,75K","0,09%"
2024-11-22,5.88,"5,87","5,88","5,87","7,46M","0,00%"
2024-11-21,5.88,"5,90","5,90","5,86","33,14K","0,00%"
2024-11-20,5.88,"5,88","5,88","5,87","105,62K","0,00%"
2024-11-19,5.88,"5,89","5,89","5,86","38,65K","-0,18%"
2024-11-18,5.89,"5,88","5,90","5,87","88,18K","0,20%"
2024-11-15,5.87,"5,90","5,90","5,87","89,81K","-0,09%"
2024-11-14,5.88,"5,86","5,89","5,86","37,01K","0,14%"
2024-11-13,5.87,"5,89","5,89","5,86","512,01K","0,00%"
2024-11-12,5.87,"5,91","5,91","5,87","212,89K","-0,21%"
2024-11-11,5.88,"5,87","5,89","5,87","217,22K","0,21%"
2024-11-08,5.87,"5,99","5,99","5,86","79,73K","0,00%"
2024-11-07,5.87,"5,87","5,87","5,86","66,58K","0,20%"
2024-11-06,5.86,"5,86","5,89","5,85","392,30K","0,00%"
2024-11-05,5.86,"5,85","5,86","5,84","55,89K","0,09%"
2024-11-04,5.85,"5,86","5,86","5,84","33,60K","0,00%"
2024-11-01,5.85,"5,86","5,86","5,85","28,84K","0,00%"
2024-10-31,5.85,"5,86","5,86","5,84","84,83K","-0,15%"
2024-10-30,5.86,"5,88","5,88","5,86","150,18K","-0,13%"
2024-10-29,5.87,"5,87","5,88","5,86","123,46K","-0,11%"
2024-10-28,5.87,"5,88","5,88","5,84","140,29K","0,21%"
2024-10-25,5.86,"5,88","5,88","5,86","20,11K","-0,09%"
2024-10-24,5.86,"5,86","5,87","5,86","327,05K","0,22%"
2024-10-23,5.85,"5,84","5,88","5,84","138,34K","0,00%"
2024-10-22,5.85,"5,85","5,86","5,85","37,11K","0,00%"
2024-10-21,5.85,"5,87","5,87","5,85","110,49K","-0,22%"
2024-10-18,5.87,"5,87","5,87","5,86","14,64K","0,13%"
2024-10-17,5.86,"5,86","5,86","5,85","59,18K","0,00%"
2024-10-16,5.86,"5,86","5,86","5,85","45,87K","0,10%"
2024-10-15,5.85,"5,86","5,86","5,85","6,26K","0,00%"
2024-10-14,5.85,"5,84","5,88","5,84","89,73K","0,00%"
2024-10-11,5.85,"5,86","5,86","5,83","70,42K","0,18%"
2024-10-10,5.84,"5,84","5,84","5,83","24,80K","0,00%"
2024-10-09,5.84,"5,85","5,85","5,82","36,26K","0,15%"
2024-10-08,5.83,"5,86","5,86","5,82","142,65K","-0,13%"
2024-10-07,5.83,"5,86","5,86","5,83","40,74K","-0,09%"
2024-10-04,5.84,"5,84","5,85","5,83","19,81K","0,00%"
2024-10-03,5.84,"5,84","5,84","5,83","54,09K","0,10%"
2024-10-02,5.83,"5,83","5,84","5,83","72,31K","0,00%"
2024-10-01,5.83,"5,84","5,85","5,83","36,03K","0,00%"
2024-09-30,5.83,"5,86","5,86","5,82","21,42K","-0,21%"
2024-09-27,5.85,"5,85","5,85","5,84","11,55K","0,13%"
2024-09-26,5.84,"5,81","5,84","5,81","110,52K","0,29%"
2024-09-25,5.82,"5,85","5,85","5,82","50,30K","0,00%"
2024-09-24,5.82,"5,85","5,85","5,82","83,16K","0,00%"
2024-09-23,5.82,"5,84","5,84","5,82","50,45K","0,16%"
2024-09-20,5.81,"5,84","5,85","5,81","116,98K","-0,23%"
2024-09-19,5.83,"5,82","5,83","5,80","22,53K","0,56%"
2024-09-18,5.8,"5,80","5,81","5,79","39,98K","-0,16%"
2024-09-17,5.8,"5,82","5,82","5,80","53,17K","0,00%"
2024-09-16,5.8,"5,82","5,82","5,80","41,08K","0,11%"
2024-09-13,5.8,"5,79","5,80","5,78","8,09K","0,42%"
2024-09-12,5.77,"5,75","5,79","5,75","646,06K","0,10%"
2024-09-11,5.76,"5,78","5,78","5,76","1,31M","-0,18%"
2024-09-10,5.78,"5,79","5,79","5,77","183,45K","0,00%"
2024-09-09,5.77,"5,77","5,79","5,77","117,23K","-0,18%"
2024-09-06,5.78,"5,78","5,79","5,77","14,59K","0,18%"
2024-09-05,5.77,"5,81","5,81","5,77","26,79K","0,00%"
2024-09-04,5.77,"5,77","5,78","5,77","45,48K","-0,21%"
2024-09-03,5.78,"5,80","5,80","5,78","26,73K","0,12%"
2024-09-02,5.78,"5,80","5,80","5,78","116,66K","-0,14%"
2024-08-30,5.78,"5,80","5,80","5,78","51,22K","0,00%"
2024-08-29,5.79,"5,78","5,79","5,78","228,47K","0,14%"
2024-08-28,5.78,"5,80","5,80","5,77","285,82K","0,00%"
2024-08-27,5.78,"5,79","5,80","5,77","53,93K","0,00%"
2024-08-23,5.79,"5,78","5,79","5,78","9,94K","0,27%"
2024-08-22,5.77,"5,77","5,78","5,77","95,35K","-0,10%"
2024-08-21,5.78,"5,77","5,78","5,76","21,07K","0,10%"
2024-08-20,5.77,"5,79","5,79","5,76","65,39K","0,00%"
2024-08-19,5.77,"5,79","5,79","5,76","96,92K","0,09%"
2024-08-16,5.76,"5,76","5,77","5,76","15,93K","0,17%"
2024-08-15,5.75,"5,76","5,76","5,73","20,36K","0,10%"
2024-08-14,5.75,"5,74","5,76","5,74","1,33M","0,11%"
2024-08-13,5.74,"5,74","5,74","5,72","15,86K","0,00%"
2024-08-12,5.74,"5,75","5,75","5,73","148,08K","0,14%"
2024-08-09,5.73,"5,74","5,74","5,72","235,48K","0,11%"
2024-08-08,5.72,"5,72","5,73","5,71","778,88K","0,00%"
2024-08-07,5.73,"5,70","5,73","5,70","33,98K","0,72%"
2024-08-06,5.69,"5,66","5,70","5,66","235,78K","0,39%"
2024-08-05,5.67,"5,71","5,73","5,66","73,41K","-0,60%"
2024-08-02,5.7,"5,76","5,76","5,70","64,56K","-0,48%"
2024-08-01,5.73,"5,76","5,76","5,72","50,87K","-0,10%"
2024-07-31,5.73,"5,73","5,74","5,73","48,49K","0,29%"
2024-07-30,5.72,"5,72","5,73","5,72","3,58M","0,00%"
2024-07-29,5.72,"5,72","5,75","5,71","141,48K","0,00%"
2024-07-26,5.72,"5,73","5,73","5,71","22,29K","0,16%"
2024-07-25,5.71,"5,71","5,71","5,70","158,29K","0,00%"
2024-07-24,5.71,"5,75","5,75","5,71","101,69K","-0,10%"
2024-07-23,5.72,"5,72","5,73","5,72","29,79K","0,00%"
2024-07-22,5.72,"5,70","5,74","5,70","44,02K","0,25%"
2024-07-19,5.71,"5,71","5,72","5,71","15,54K","0,00%"
2024-07-18,5.71,"5,74","5,74","5,71","78,47K","0,00%"
2024-07-17,5.71,"5,70","5,72","5,70","63,86K","-0,10%"
2024-07-16,5.72,"5,72","5,72","5,71","50,15K","0,00%"
2024-07-15,5.71,"5,74","5,74","5,71","3,31M","0,00%"
2024-07-12,5.72,"5,72","5,72","5,70","6,51M","0,19%"
2024-07-11,5.71,"5,71","5,71","5,69","116,63K","0,25%"
2024-07-10,5.69,"5,69","5,69","5,68","37,18K","0,18%"
2024-07-09,5.68,"5,72","5,72","5,68","19,15K","-0,30%"
2024-07-08,5.7,"5,71","5,71","5,69","48,80K","0,20%"
2024-07-05,5.69,"5,67","5,70","5,67","77,81K","0,00%"
2024-07-04,5.69,"5,69","5,69","5,68","467,04K","0,00%"
2024-07-03,5.68,"5,68","5,68","5,67","12,66K","0,26%"
2024-07-02,5.67,"5,66","5,67","5,65","15,73K","0,18%"
2024-07-01,5.66,"5,67","5,69","5,66","27,71K","0,16%"
2024-06-28,5.65,"5,67","5,67","5,65","45,28K","0,00%"
2024-06-27,5.65,"5,67","5,67","5,65","56,28K","0,00%"
2024-06-26,5.65,"5,66","5,66","5,65","40,83K","0,00%"
2024-06-25,5.65,"5,66","5,66","5,65","63,16K","-0,11%"
2024-06-24,5.66,"5,64","5,66","5,64","83,51K","0,28%"
2024-06-21,5.64,"5,66","5,68","5,64","37,80K","-0,12%"
2024-06-20,5.65,"5,66","5,66","5,64","30,80K","0,14%"
2024-06-19,5.64,"5,68","5,68","5,63","323,80K","-0,14%"
2024-06-18,5.65,"5,64","5,65","5,63","1,09M","0,37%"
2024-06-17,5.63,"5,66","5,66","5,62","167,85K","-0,09%"
2024-06-14,5.64,"5,66","5,66","5,63","51,11K","-0,36%"
2024-06-13,5.66,"5,69","5,69","5,65","249,03K","-0,32%"
2024-06-12,5.67,"5,67","5,67","5,65","18,79K","0,42%"
2024-06-11,5.65,"5,66","5,66","5,64","5,78K","0,00%"
2024-06-10,5.65,"5,66","5,66","5,65","18,48K","-0,22%"
2024-06-07,5.66,"5,68","5,68","5,65","34,08K","-0,10%"
2024-06-06,5.67,"5,70","5,70","5,66","30,71K","0,00%"
2024-06-05,5.67,"5,69","5,69","5,66","39,31K","0,16%"
2024-06-04,5.66,"5,66","5,67","5,64","69,54K","0,00%"
2024-06-03,5.66,"5,66","5,66","5,64","117,05K","0,27%"
2024-05-31,5.64,"5,64","5,65","5,64","133,35K","0,00%"
2024-05-30,5.64,"5,64","5,66","5,64","83,99K","0,00%"
2024-05-29,5.64,"5,66","5,66","5,64","40,28K","-0,11%"
2024-05-28,5.64,"5,65","5,68","5,64","249,35K","0,00%"
2024-05-24,5.65,"5,66","5,66","5,64","32,15K","0,00%"
2024-05-23,5.64,"5,67","5,67","5,64","10,47K","0,00%"
2024-05-22,5.65,"5,66","5,66","5,64","68,65K","0,00%"
2024-05-21,5.65,"5,66","5,66","5,64","106,05K","0,00%"
2024-05-20,5.65,"5,67","5,67","5,64","14,18K","0,10%"
2024-05-17,5.64,"5,65","5,65","5,64","33,55K","0,00%"
2024-05-16,5.64,"5,68","5,68","5,64","31,49K","0,00%"
2024-05-15,5.65,"5,63","5,65","5,63","13,81K","0,45%"
2024-05-14,5.62,"5,63","5,66","5,62","27,83K","-0,16%"
2024-05-13,5.63,"5,64","5,64","5,63","23,45K","0,00%"
2024-05-10,5.63,"5,64","5,64","5,63","32,96K","-0,13%"
2024-05-09,5.64,"5,66","5,66","5,64","36,75K","0,00%"
2024-05-08,5.64,"5,65","5,65","5,64","165,57K","0,00%"
2024-05-07,5.64,"5,64","5,65","5,61","37,62K","0,33%"
2024-05-03,5.62,"5,63","5,63","5,61","27,13M","0,39%"
2024-05-02,5.6,"5,59","5,62","5,59","64,36K","0,00%"
2024-05-01,5.6,"5,62","5,62","5,59","1,82K","0,00%"
2024-04-30,5.6,"5,62","5,62","5,60","200,50K","-0,20%"
2024-04-29,5.61,"5,63","5,63","5,61","74,14K","0,00%"
2024-04-26,5.61,"5,61","5,61","5,61","20,84K","0,38%"
2024-04-25,5.59,"5,61","5,61","5,58","38,75K","-0,20%"
2024-04-24,5.6,"5,64","5,64","5,61","72,09K","-0,37%"
2024-04-23,5.63,"5,62","5,63","5,61","39,33K","0,39%"
2024-04-22,5.6,"5,60","5,61","5,59","24,49K","0,36%"
2024-04-19,5.58,"5,57","5,59","5,57","230,33K","0,00%"
2024-04-18,5.59,"5,57","5,59","5,57","35,53K","0,18%"
2024-04-17,5.57,"5,55","5,58","5,55","65,46K","0,22%"
2024-04-16,5.56,"5,57","5,58","5,56","52,10K","-0,38%"
2024-04-15,5.58,"5,60","5,61","5,60","28,82K","-0,22%"
2024-04-12,5.6,"5,62","5,62","5,60","95,80K","0,00%"
2024-04-11,5.6,"5,61","5,63","5,59","56,58K","-0,31%"
2024-04-10,5.62,"5,64","5,64","5,62","29,85K","-0,19%"
2024-04-09,5.63,"5,62","5,63","5,62","35,13K","0,11%"
2024-04-08,5.62,"5,63","5,63","5,62","87,21K","0,00%"
2024-04-05,5.62,"5,61","5,63","5,61","15,45K","0,00%"
2024-04-04,5.62,"5,60","5,63","5,60","62,08K","0,21%"
2024-04-03,5.61,"5,62","5,62","5,60","105,51K","0,14%"
2024-04-02,5.6,"5,64","5,64","5,60","29,15K","-0,22%"
2024-03-28,5.62,"5,62","5,62","5,61","403,83K","0,11%"
2024-03-27,5.61,"5,61","5,61","5,61","63,26K","0,00%"
2024-03-26,5.61,"5,63","5,63","5,61","68,47K","-0,18%"
2024-03-25,5.62,"5,61","5,62","5,60","20,12K","0,39%"
2024-03-22,5.6,"5,61","5,62","5,60","88,35K","-0,39%"
2024-03-21,5.62,"5,62","5,63","5,62","28,24K","0,00%"
2024-03-20,5.62,"5,64","5,64","5,62","83,24K","-0,32%"
2024-03-19,5.64,"5,64","5,64","5,63","92,85K","0,13%"
2024-03-18,5.63,"5,64","5,64","5,63","46,33K","0,00%"
2024-03-15,5.63,"5,64","5,64","5,63","39,96K","0,00%"
2024-03-14,5.63,"5,65","5,66","5,63","106,67K","-0,32%"
2024-03-13,5.65,"5,64","5,65","5,64","95,82K","0,00%"
2024-03-12,5.65,"5,65","5,65","5,64","98,85K","0,28%"
2024-03-11,5.63,"5,63","5,64","5,63","20,94K","0,00%"
2024-03-08,5.64,"5,63","5,64","5,63","484,18K","0,00%"
2024-03-07,5.63,"5,62","5,64","5,62","119,95K","0,12%"
2024-03-06,5.63,"5,63","5,63","5,61","65,48K","0,00%"
2024-03-05,5.62,"5,61","5,63","5,61","102,77K","0,00%"
2024-03-04,5.62,"5,61","5,63","5,61","52,61K","0,00%"
2024-03-01,5.62,"5,61","5,62","5,61","54,71K","0,12%"
2024-02-29,5.61,"5,61","5,61","5,59","144,13K","0,00%"
2024-02-28,5.61,"5,60","5,61","5,60","120,13K","0,00%"
2024-02-27,5.61,"5,61","5,61","5,61","41,14K","0,00%"
2024-02-26,5.61,"5,63","5,63","5,61","41,89K","-0,12%"
2024-02-23,5.62,"5,61","5,62","5,61","47,09K","0,00%"
2024-02-22,5.61,"5,60","5,62","5,60","42,86K","0,23%"
2024-02-21,5.6,"5,59","5,61","5,59","88,31K","0,00%"
2024-02-20,5.6,"5,60","5,60","5,59","79,43K","0,00%"
2024-02-19,5.6,"5,60","5,60","5,59","34,96K","0,00%"
2024-02-16,5.59,"5,60","5,60","5,58","22,22K","0,00%"
2024-02-15,5.59,"5,60","5,60","5,59","21,91K","0,10%"
2024-02-14,5.59,"5,59","5,59","5,58","645,66K","0,19%"
2024-02-13,5.58,"5,59","5,60","5,57","31,77K","-0,33%"
2024-02-12,5.59,"5,60","5,60","5,59","180,40K","0,15%"
2024-02-09,5.59,"5,59","5,59","5,59","2,18M","0,09%"
2024-02-08,5.58,"5,59","5,59","5,58","140,63K","0,00%"
2024-02-07,5.58,"5,58","5,58","5,57","136,53K","0,00%"
2024-02-06,5.58,"5,57","5,58","5,57","212,92K","0,22%"
2024-02-05,5.57,"5,59","5,59","5,57","62,86K","-0,27%"
2024-02-02,5.59,"5,60","5,60","5,58","71,11K","0,00%"
2024-02-01,5.58,"5,58","5,59","5,58","50,85K","0,00%"
2024-01-31,5.58,"5,61","5,61","5,58","70,05K","-0,37%"
2024-01-30,5.61,"5,60","5,61","5,60","925,25K","-0,09%"
2024-01-29,5.61,"5,61","5,61","5,61","334,48K","0,00%"
2024-01-26,5.61,"5,62","5,62","5,61","3,90M","0,11%"
2024-01-25,5.61,"5,59","5,61","5,59","5,41M","0,09%"
2024-01-24,5.6,"5,61","5,61","5,60","7,86M","0,21%"
2024-01-23,5.59,"5,60","5,60","5,59","14,15M","-0,13%"
2024-01-22,5.6,"5,58","5,60","5,58","15,11M","0,36%"
2024-01-19,5.58,"5,58","5,58","5,56","12,78M","0,19%"
2024-01-18,5.57,"5,56","5,57","5,56","43,54K","0,23%"
2024-01-17,5.55,"5,57","5,57","5,55","51,26K","-0,47%"
2024-01-16,5.58,"5,61","5,61","5,57","67,87K","0,00%"
2024-01-15,5.58,"5,60","5,60","5,58","34,18K","-0,25%"
2024-01-12,5.59,"5,60","5,60","5,58","22,68K","0,32%"
2024-01-11,5.58,"5,58","5,59","5,58","83,43K","0,13%"
2024-01-10,5.57,"5,57","5,57","5,56","18,07K","0,23%"
2024-01-09,5.56,"5,56","5,56","5,54","88,77K","0,00%"
2024-01-08,5.56,"5,54","5,56","5,54","47,13K","0,17%"
2024-01-05,5.55,"5,54","5,55","5,53","53,74K","0,00%"
2024-01-04,5.55,"5,56","5,56","5,54","57,94K","0,00%"
2024-01-03,5.55,"5,58","5,58","5,54","27,75K","-0,67%"
2024-01-02,5.58,"5,60","5,60","5,58","20,35K","-0,41%"
2023-12-29,5.61,"5,61","5,61","5,60","4,38K","0,12%"
2023-12-28,5.6,"5,60","5,60","5,59","17,70K","0,00%"
2023-12-27,5.6,"5,60","5,60","5,58","81,84K","0,20%"
2023-12-22,5.59,"5,58","5,59","5,58","39,89K","0,22%"
2023-12-21,5.57,"5,57","5,57","5,56","68,29K","0,00%"
2023-12-20,5.57,"5,57","5,57","5,56","360,07K","0,19%"
2023-12-19,5.56,"5,56","5,57","5,55","66,05K","0,32%"
2023-12-18,5.54,"5,55","5,55","5,53","290,30K","-0,22%"
2023-12-15,5.56,"5,56","5,56","5,55","43,46K","0,18%"
2023-12-14,5.55,"5,52","5,55","5,52","132,63K","1,07%"
2023-12-13,5.49,"5,48","5,49","5,48","6,66K","0,26%"
2023-12-12,5.47,"5,50","5,50","5,47","15,90K","0,00%"
2023-12-11,5.48,"5,48","5,48","5,47","35,56K","0,00%"
2023-12-08,5.48,"5,48","5,48","5,47","33,84K","0,00%"
2023-12-07,5.47,"5,47","5,47","5,46","28,58K","0,00%"
2023-12-06,5.48,"5,48","5,48","5,47","46,88K","0,11%"
2023-12-05,5.47,"5,45","5,47","5,45","18,12K","0,22%"
2023-12-04,5.46,"5,46","5,47","5,45","117,02K","0,00%"
2023-12-01,5.46,"5,45","5,46","5,45","72,06K","0,32%"
2023-11-30,5.44,"5,45","5,45","5,44","67,11K","0,12%"
2023-11-29,5.44,"5,42","5,44","5,42","45,56K","0,55%"
2023-11-28,5.41,"5,41","5,41","5,39","86,47K","0,00%"
2023-11-27,5.41,"5,39","5,41","5,39","60,73K","0,14%"
2023-11-24,5.4,"5,41","5,41","5,40","22,44K","0,00%"
2023-11-23,5.4,"5,38","5,40","5,38","59,02K","0,09%"
2023-11-22,5.39,"5,39","5,40","5,39","54,61K","0,18%"
2023-11-21,5.39,"5,38","5,39","5,38","11,30K","0,00%"
2023-11-20,5.38,"5,39","5,39","5,38","21,62K","0,00%"
2023-11-17,5.38,"5,39","5,39","5,38","26,72K","0,25%"
2023-11-16,5.37,"5,37","5,38","5,37","107,50K","0,00%"
2023-11-15,5.38,"5,39","5,39","5,37","47,24K","-0,16%"
2023-11-14,5.38,"5,36","5,39","5,35","295,16K","0,65%"
2023-11-13,5.35,"5,34","5,35","5,34","215,67K","0,10%"
2023-11-10,5.34,"5,36","5,36","5,34","7,30K","-0,26%"
2023-11-09,5.36,"5,36","5,36","5,35","58,61K","0,00%"
2023-11-08,5.35,"5,34","5,36","5,34","100,91K","0,00%"
2023-11-07,5.35,"5,34","5,35","5,34","69,10K","0,26%"
2023-11-06,5.34,"5,35","5,35","5,34","16,62K","-0,21%"
2023-11-03,5.35,"5,34","5,35","5,33","28,99K","0,19%"
2023-11-02,5.34,"5,32","5,34","5,32","27,03K","0,64%"
2023-11-01,5.3,"5,28","5,31","5,28","27,00K","0,38%"
2023-10-31,5.28,"5,29","5,30","5,28","15,33K","0,34%"
2023-10-30,5.27,"5,26","5,27","5,26","45,76K","0,16%"
2023-10-27,5.26,"5,26","5,26","5,23","38,82K","0,11%"
2023-10-26,5.25,"5,24","5,26","5,24","40,55K","-0,14%"
2023-10-25,5.26,"5,27","5,27","5,25","5,81K","0,00%"
2023-10-24,5.26,"5,25","5,26","5,25","11,08K","0,35%"
2023-10-23,5.24,"5,23","5,24","5,22","70,67K","0,27%"
2023-10-20,5.23,"5,23","5,23","5,22","98,67K","0,00%"
2023-10-19,5.23,"5,24","5,24","5,23","38,48K","-0,17%"
2023-10-18,5.24,"5,25","5,25","5,24","24,11K","-0,32%"
2023-10-17,5.26,"5,27","5,27","5,25","36,84K","-0,11%"
2023-10-16,5.26,"5,26","5,27","5,26","80,01K","0,00%"
2023-10-13,5.26,"5,27","5,28","5,26","29,86K","-0,15%"
2023-10-12,5.27,"5,28","5,30","5,27","120,81K","0,00%"
2023-10-11,5.27,"5,26","5,28","5,26","59,63K","0,21%"
2023-10-10,5.26,"5,26","5,27","5,25","65,58K","0,38%"
2023-10-09,5.24,"5,26","5,26","5,23","12,56K","-0,21%"
2023-10-06,5.25,"5,26","5,26","5,24","25,75K","0,00%"
2023-10-05,5.25,"5,26","5,26","5,25","8,64K","-0,10%"
2023-10-04,5.26,"5,26","5,26","5,24","111,37K","-0,14%"
2023-10-03,5.26,"5,26","5,28","5,26","80,64K","-0,22%"
2023-10-02,5.28,"5,30","5,30","5,28","29,73K","-0,24%"
2023-09-29,5.29,"5,28","5,30","5,28","33,66K","0,27%"
2023-09-28,5.28,"5,28","5,28","5,27","9,94K","0,00%"
2023-09-27,5.28,"5,28","5,29","5,28","132,84K","0,00%"
2023-09-26,5.28,"5,29","5,29","5,28","23,74K","-0,19%"
2023-09-25,5.29,"5,30","5,30","5,28","164,45K","-0,17%"
2023-09-22,5.3,"5,30","5,31","5,29","139,06K","0,00%"
2023-09-21,5.3,"5,30","5,30","5,30","29,10K","-0,36%"
2023-09-20,5.32,"5,32","5,32","5,32","18,38K","0,12%"
2023-09-19,5.31,"5,32","5,32","5,31","18,99K","0,00%"
2023-09-18,5.31,"5,30","5,31","5,30","16,21K","0,00%"
2023-09-15,5.31,"5,32","5,32","5,32","14,01K","-0,12%"
2023-09-14,5.32,"5,31","5,32","5,30","190,47K","0,31%"
2023-09-13,5.3,"5,30","5,30","5,28","19,17K","0,00%"
2023-09-12,5.3,"5,29","5,31","5,29","8,16K","0,00%"
2023-09-11,5.3,"5,30","5,31","5,30","286,19K","0,11%"
2023-09-08,5.3,"5,28","5,30","5,28","179,08K","0,21%"
2023-09-07,5.29,"5,28","5,29","5,28","43,05K","0,24%"
2023-09-06,5.27,"5,26","5,28","5,26","36,50K","-0,25%"
2023-09-05,5.29,"5,27","5,29","5,27","21,53K","0,14%"
2023-09-04,5.28,"5,29","5,29","5,27","6,37K","0,00%"
2023-09-01,5.27,"5,29","5,29","5,28","31,11K","-0,19%"
2023-08-31,5.28,"5,29","5,30","5,29","14,61K","0,00%"
2023-08-30,5.29,"5,28","5,29","5,28","42,50K","0,00%"
2023-08-29,5.29,"5,28","5,29","5,25","71,00K","0,61%"
2023-08-25,5.26,"5,24","5,26","5,23","14,56K","0,00%"
2023-08-24,5.26,"5,28","5,28","5,26","37,13K","-0,11%"
2023-08-23,5.26,"5,24","5,26","5,24","86,22K","0,29%"
2023-08-22,5.25,"5,26","5,26","5,24","27,57K","0,19%"
2023-08-21,5.24,"5,24","5,24","5,24","53,74K","0,00%"
2023-08-18,5.24,"5,26","5,26","5,23","25,61K","0,13%"
2023-08-17,5.23,"5,24","5,26","5,24","46,09K","-0,39%"
2023-08-16,5.25,"5,26","5,26","5,25","63,85K","0,00%"
2023-08-15,5.26,"5,26","5,26","5,25","24,76K","-0,29%"
2023-08-14,5.27,"5,26","5,28","5,26","8,61K","0,17%"
2023-08-11,5.26,"5,27","5,28","5,26","35,88K","-0,34%"
2023-08-10,5.28,"5,28","5,29","5,27","41,47K","0,36%"
2023-08-09,5.26,"5,28","5,28","5,27","2,67K","0,22%"
2023-08-08,5.25,"5,25","5,26","5,24","20,69K","0,00%"
2023-08-07,5.25,"5,27","5,27","5,25","43,50K","-0,10%"
2023-08-04,5.26,"5,25","5,26","5,24","17,00K","0,30%"
2023-08-03,5.24,"5,26","5,26","5,24","9,97K","-0,21%"
2023-08-02,5.26,"5,25","5,28","5,25","35,98K","-0,15%"
2023-08-01,5.26,"5,29","5,29","5,26","37,34K","-0,40%"
2023-07-31,5.28,"5,29","5,29","5,28","20,34K","0,00%"
2023-07-28,5.28,"5,28","5,29","5,26","139,99K","-0,09%"
2023-07-27,5.29,"5,28","5,29","5,26","92,04K","0,78%"
2023-07-26,5.25,"5,27","5,27","5,25","138,69K","-0,32%"
2023-07-25,5.26,"5,28","5,28","5,26","24,90K","0,00%"
2023-07-24,5.26,"5,26","5,26","5,25","46,76K","0,14%"
2023-07-21,5.26,"5,26","5,26","5,25","111,06K","0,00%"
2023-07-20,5.25,"5,26","5,26","5,25","33,91K","0,00%"
2023-07-19,5.26,"5,27","5,27","5,25","52,90K","-0,10%"
2023-07-18,5.26,"5,24","5,26","5,24","52,17K","0,38%"
2023-07-17,5.24,"5,26","5,26","5,23","19,74K","-0,29%"
2023-07-14,5.26,"5,26","5,26","5,26","0,57K","0,00%"
2023-07-13,5.25,"5,25","5,26","5,25","23,12K","0,11%"
2023-07-12,5.25,"5,24","5,25","5,22","37,36K","0,64%"
2023-07-11,5.21,"5,20","5,22","5,20","17,05K","0,20%"
2023-07-10,5.2,"5,19","5,20","5,18","256,89K","0,10%"
2023-07-07,5.2,"5,18","5,20","5,18","112,66K","0,29%"
2023-07-06,5.18,"5,21","5,21","5,18","82,97K","-0,75%"
2023-07-05,5.22,"5,22","5,23","5,22","10,34K","-0,23%"
2023-07-04,5.23,"5,23","5,23","5,22","19,26K","0,19%"
2023-07-03,5.22,"5,24","5,24","5,22","32,66K","-0,16%"
2023-06-30,5.23,"5,23","5,24","5,22","72,70K","0,19%"
2023-06-29,5.22,"5,22","5,23","5,22","52,83K","0,00%"
2023-06-28,5.22,"5,22","5,23","5,22","28,67K","0,21%"
2023-06-27,5.21,"5,22","5,22","5,20","17,63K","0,00%"
2023-06-26,5.21,"5,21","5,21","5,21","247,25K","-0,12%"
2023-06-23,5.22,"5,22","5,22","5,21","111,09K","-0,13%"
2023-06-22,5.22,"5,23","5,23","5,22","45,89K","-0,14%"
2023-06-21,5.23,"5,25","5,25","5,23","27,39K","-0,50%"
2023-06-20,5.26,"5,25","5,26","5,24","332,15K","0,10%"
2023-06-19,5.25,"5,27","5,27","5,25","28,44K","-0,30%"
2023-06-16,5.27,"5,24","5,27","5,24","35,65K","0,50%"
2023-06-15,5.24,"5,24","5,26","5,23","157,62K","-0,38%"
2023-06-14,5.26,"5,26","5,26","5,26","10,03K","0,00%"
2023-06-13,5.26,"5,26","5,26","5,25","50,59K","0,15%"
2023-06-12,5.25,"5,25","5,26","5,25","45,21K","0,00%"
2023-06-09,5.25,"5,24","5,26","5,24","244,38K","0,00%"
2023-06-08,5.25,"5,23","5,25","5,23","21,92K","0,27%"
2023-06-07,5.23,"5,24","5,24","5,22","119,14K","0,00%"
2023-06-06,5.23,"5,22","5,23","5,21","372,23K","0,12%"
2023-06-05,5.22,"5,23","5,23","5,21","57,90K","-0,10%"
2023-06-02,5.23,"5,22","5,22","5,21","91,34K","0,34%"
2023-06-01,5.21,"5,18","5,21","5,18","70,53K","0,42%"
2023-05-31,5.19,"5,20","5,21","5,20","246,79K","-0,27%"
2023-05-30,5.2,"5,19","5,21","5,19","152,62K","0,21%"
2023-05-26,5.19,"5,18","5,19","5,18","49,24K","0,21%"
2023-05-25,5.18,"5,18","5,18","5,17","355,31K","0,00%"
2023-05-24,5.18,"5,18","5,18","5,17","132,80K","-0,20%"
2023-05-23,5.19,"5,20","5,20","5,19","146,94K","-0,27%"
2023-05-22,5.2,"5,22","5,22","5,19","107,35K","-0,13%"
2023-05-19,5.21,"5,20","5,21","5,20","153,43K","0,24%"
2023-05-18,5.19,"5,20","5,20","5,19","79,91K","0,26%"
2023-05-17,5.18,"5,18","5,19","5,18","68,35K","0,00%"
2023-05-16,5.18,"5,20","5,20","5,18","55,42K","0,00%"
2023-05-15,5.18,"5,19","5,19","5,18","54,51K","0,00%"
2023-05-12,5.18,"5,20","5,20","5,18","21,73K","0,00%"
2023-05-11,5.18,"5,18","5,20","5,17","50,12K","0,14%"
2023-05-10,5.17,"5,17","5,18","5,17","25,05K","0,00%"
2023-05-09,5.17,"5,17","5,19","5,16","88,35K","-0,17%"
2023-05-05,5.18,"5,17","5,18","5,17","28,77K","0,25%"
2023-05-04,5.17,"5,18","5,18","5,16","55,26K","-0,17%"
2023-05-03,5.18,"5,18","5,18","5,17","85,97K","0,37%"
2023-05-02,5.16,"5,16","5,17","5,16","123,52K","-0,48%"
2023-04-28,5.18,"5,18","5,19","5,15","128,07K","0,57%"
2023-04-27,5.16,"5,15","5,16","5,14","19,91K","0,24%"
2023-04-26,5.14,"5,15","5,15","5,14","22,86K","-0,29%"
2023-04-25,5.16,"5,16","5,16","5,15","79,71K","0,00%"
2023-04-24,5.16,"5,16","5,17","5,15","32,64K","-0,15%"
2023-04-21,5.17,"5,16","5,17","5,15","100,25K","0,00%"
2023-04-20,5.16,"5,17","5,17","5,15","95,45K","-0,12%"
2023-04-19,5.17,"5,18","5,18","5,18","12,65K","-0,24%"
2023-04-18,5.18,"5,18","5,20","5,17","38,00K","0,20%"
2023-04-17,5.17,"5,20","5,20","5,17","36,24K","-0,16%"
2023-04-14,5.18,"5,18","5,19","5,18","35,32K","0,11%"
2023-04-13,5.18,"5,19","5,19","5,16","53,36K","0,12%"
2023-04-12,5.17,"5,17","5,19","5,16","13,99K","0,00%"
2023-04-11,5.17,"5,17","5,18","5,16","84,01K","0,13%"
2023-04-06,5.16,"5,15","5,16","5,15","38,79K","0,37%"
2023-04-05,5.14,"5,15","5,15","5,14","55,60K","-0,41%"
2023-04-04,5.16,"5,18","5,18","5,16","34,31K","-0,28%"
2023-04-03,5.18,"5,15","5,19","5,15","23,21K","-0,18%"
2023-03-31,5.19,"5,17","5,19","5,16","135,97K","0,58%"
2023-03-30,5.16,"5,18","5,19","5,16","19,37K","0,00%"
2023-03-29,5.16,"5,14","5,16","5,14","20,59K","0,58%"
2023-03-28,5.13,"5,13","5,14","5,12","99,66K","0,12%"
2023-03-27,5.12,"5,15","5,15","5,12","32,90K","0,00%"
2023-03-24,5.12,"5,15","5,15","5,08","191,64K","-0,42%"
2023-03-23,5.14,"5,16","5,16","5,12","26,97K","0,00%"
2023-03-22,5.14,"5,11","5,14","5,11","27,28K","0,25%"
2023-03-21,5.12,"5,11","5,13","5,10","36,68K","0,98%"
2023-03-20,5.07,"5,06","5,07","5,02","13,38K","0,38%"
2023-03-17,5.05,"5,09","5,09","5,05","16,01K","-0,27%"
2023-03-16,5.07,"5,09","5,09","5,05","74,38K","0,24%"
2023-03-15,5.06,"5,11","5,11","5,03","163,80K","-0,89%"
2023-03-14,5.1,"5,10","5,11","5,08","28,99K","0,27%"
2023-03-13,5.09,"5,12","5,12","5,09","5,08M","-0,66%"
2023-03-10,5.12,"5,10","5,14","5,10","107,94K","-0,47%"
2023-03-09,5.15,"5,14","5,15","5,13","68,93K","0,00%"
2023-03-08,5.15,"5,14","5,16","5,14","77,04K","-0,11%"
2023-03-07,5.15,"5,17","5,18","5,15","122,58K","-0,16%"
2023-03-06,5.16,"5,18","5,18","5,15","113,03K","0,43%"
2023-03-03,5.14,"5,13","5,14","5,13","33,97K","0,47%"
2023-03-02,5.11,"5,08","5,12","5,08","32,20K","0,19%"
2023-03-01,5.11,"5,13","5,14","5,11","53,24K","-0,43%"
2023-02-28,5.13,"5,12","5,14","5,12","49,48K","-0,29%"
2023-02-27,5.14,"5,14","5,15","5,14","113,42K","0,41%"
2023-02-24,5.12,"5,15","5,15","5,11","100,17K","-0,51%"
2023-02-23,5.15,"5,13","5,16","5,12","58,36K","0,31%"
2023-02-22,5.13,"5,14","5,14","5,12","40,99K","0,00%"
2023-02-21,5.13,"5,14","5,14","5,12","53,51K","-0,62%"
2023-02-20,5.16,"5,18","5,18","5,16","43,86K","0,00%"
2023-02-17,5.16,"5,18","5,18","5,15","45,32K","-0,30%"
2023-02-16,5.18,"5,18","5,18","5,17","97,14K","0,12%"
2023-02-15,5.17,"5,16","5,18","5,16","231,51K","0,00%"
2023-02-14,5.17,"5,18","5,20","5,17","56,87K","0,11%"
2023-02-13,5.17,"5,18","5,18","5,16","25,43K","0,10%"
2023-02-10,5.16,"5,18","5,18","5,16","56,52K","-0,56%"
2023-02-09,5.19,"5,20","5,21","5,19","92,43K","0,31%"
2023-02-08,5.17,"5,20","5,21","5,17","477,45K","-0,20%"
2023-02-07,5.18,"5,20","5,20","5,18","37,04K","-0,22%"
2023-02-06,5.2,"5,21","5,21","5,18","136,69K","-0,42%"
2023-02-03,5.22,"5,24","5,24","5,20","87,23K","0,00%"
2023-02-02,5.22,"5,18","5,24","5,15","117,45K","1,32%"
2023-02-01,5.15,"5,15","5,16","5,15","42,76K","0,17%"
2023-01-31,5.14,"5,13","5,14","5,11","131,32K","0,14%"
2023-01-30,5.14,"5,16","5,16","5,14","86,72K","-0,45%"
2023-01-27,5.16,"5,15","5,16","5,15","8,80K","0,12%"
2023-01-26,5.15,"5,16","5,17","5,15","81,78K","0,13%"
2023-01-25,5.15,"5,16","5,16","5,14","15,46K","0,00%"
2023-01-24,5.15,"5,16","5,16","5,14","45,29K","0,00%"
2023-01-23,5.15,"5,15","5,16","5,14","47,14K","0,25%"
2023-01-20,5.14,"5,14","5,14","5,13","75,04K","0,00%"
2023-01-19,5.14,"5,15","5,16","5,14","21,19K","-0,73%"
2023-01-18,5.17,"5,16","5,18","5,15","54,56K","0,36%"
2023-01-17,5.16,"5,15","5,19","5,13","307,56K","0,32%"
2023-01-16,5.14,"5,15","5,15","5,13","50,03K","0,00%"
2023-01-13,5.14,"5,15","5,16","5,13","64,31K","0,00%"
2023-01-12,5.14,"5,11","5,14","5,11","99,82K","0,50%"
2023-01-11,5.11,"5,12","5,12","5,11","27,73K","0,32%"
2023-01-10,5.09,"5,10","5,10","5,09","156,12K","-0,35%"
2023-01-09,5.11,"5,12","5,12","5,10","50,68K","0,19%"
2023-01-06,5.1,"5,07","5,11","5,06","28,13K","0,80%"
2023-01-05,5.06,"5,08","5,08","5,06","29,28K","-0,51%"
2023-01-04,5.09,"5,07","5,09","5,07","32,50K","0,58%"
2023-01-03,5.06,"5,07","5,08","5,05","40,78K","0,63%"
2022-12-30,5.03,"5,04","5,04","5,02","6,36K","-0,13%"
2022-12-29,5.03,"5,01","5,03","5,01","56,57K","0,24%"
2022-12-28,5.02,"5,04","5,05","5,02","154,07K","-0,43%"
2022-12-23,5.04,"5,01","5,04","5,01","18,25K","0,17%"
2022-12-22,5.03,"5,03","5,03","5,03","6,94K","-0,14%"
2022-12-21,5.04,"5,01","5,05","5,01","34,55K","0,99%"
2022-12-20,4.99,"4,98","4,99","4,97","89,92K","0,00%"
2022-12-19,4.99,"4,99","5,01","4,99","67,20K","0,00%"
2022-12-16,4.99,"5,01","5,01","4,97","66,45K","-0,69%"
2022-12-15,5.03,"5,11","5,11","5,02","570,45K","-1,40%"
2022-12-14,5.1,"5,11","5,11","5,08","147,72K","0,00%"
2022-12-13,5.1,"5,06","5,11","5,06","43,60K","0,96%"
2022-12-12,5.05,"5,06","5,06","5,04","31,54K","-0,21%"
2022-12-09,5.06,"5,03","5,06","5,03","85,86K","0,26%"
2022-12-08,5.05,"5,05","5,05","5,05","1,19K","-0,11%"
2022-12-07,5.05,"5,06","5,07","5,05","42,83K","-0,42%"
2022-12-06,5.07,"5,07","5,08","5,06","33,35K","0,00%"
2022-12-05,5.07,"5,10","5,10","5,07","57,40K","-0,38%"
2022-12-02,5.09,"5,09","5,11","5,06","420,38K","-0,17%"
2022-12-01,5.1,"5,08","5,11","5,08","81,42K","0,77%"
2022-11-30,5.06,"5,03","5,06","5,03","89,50K","0,28%"
2022-11-29,5.05,"5,04","5,06","5,03","108,35K","0,13%"
2022-11-28,5.04,"5,05","5,05","5,03","22,73K","-0,29%"
2022-11-25,5.06,"5,08","5,08","5,04","251,75K","-0,31%"
2022-11-24,5.07,"5,06","5,08","5,06","80,66K","0,37%"
2022-11-23,5.05,"5,03","5,05","5,03","87,78K","0,46%"
2022-11-22,5.03,"5,00","5,03","5,00","40,74K","0,69%"
2022-11-21,5,"5,00","5,00","4,99","223,76K","0,00%"
2022-11-18,4.99,"4,97","5,00","4,97","31,14K","0,53%"
2022-11-17,4.97,"5,00","5,00","4,95","92,91K","-0,33%"
2022-11-16,4.98,"5,00","5,01","4,98","73,55K","-0,65%"
2022-11-15,5.01,"5,01","5,03","5,01","119,01K","0,00%"
2022-11-14,5.02,"4,99","5,03","4,99","86,14K","0,00%"
2022-11-11,5.02,"5,05","5,05","5,02","318,83K","0,68%"
2022-11-10,4.99,"4,93","5,00","4,92","125,67K","1,03%"
2022-11-09,4.93,"4,95","4,95","4,92","87,81K","-0,21%"
2022-11-08,4.94,"4,94","4,95","4,92","21,84K","0,40%"
2022-11-07,4.93,"4,92","4,93","4,92","34,51K","0,13%"
2022-11-04,4.92,"4,88","4,93","4,88","18,47K","1,12%"
2022-11-03,4.86,"4,86","4,87","4,86","89,07K","-0,52%"
2022-11-02,4.89,"4,90","4,91","4,89","167,12K","-0,32%"
2022-11-01,4.91,"4,92","4,93","4,90","32,17K","0,42%"
2022-10-31,4.89,"4,89","4,91","4,89","413,98K","-0,36%"
2022-10-28,4.9,"4,87","4,89","4,87","52,92K","0,69%"
2022-10-27,4.87,"4,86","4,90","4,85","21,18K","0,00%"
2022-10-26,4.87,"4,86","4,87","4,85","19,36K","0,00%"
2022-10-25,4.87,"4,81","4,87","4,81","33,16K","1,21%"
2022-10-24,4.81,"4,80","4,82","4,78","70,87K","0,55%"
2022-10-21,4.78,"4,76","4,79","4,75","54,46K","0,00%"
2022-10-20,4.79,"4,77","4,79","4,77","9,92K","-0,17%"
2022-10-19,4.8,"4,81","4,82","4,80","27,56K","-0,10%"
2022-10-18,4.8,"4,82","4,84","4,80","22,59K","0,00%"
2022-10-17,4.8,"4,78","4,80","4,78","19,54K","0,67%"
2022-10-14,4.77,"4,79","4,80","4,76","84,44K","0,22%"
2022-10-13,4.76,"4,76","4,76","4,76","6,42K","-0,10%"
2022-10-12,4.76,"4,76","4,77","4,74","36,00K","0,19%"
2022-10-11,4.75,"4,73","4,77","4,73","407,61K","-0,26%"
2022-10-10,4.77,"4,78","4,78","4,76","424,48K","-0,39%"
2022-10-07,4.79,"4,81","4,83","4,77","400,43K","-1,07%"
2022-10-06,4.84,"4,87","4,87","4,84","25,73K","0,00%"
2022-10-05,4.84,"4,86","4,88","4,84","23,54K","-0,75%"
2022-10-04,4.87,"4,88","4,89","4,87","51,95K","1,20%"
2022-10-03,4.82,"4,79","4,82","4,74","78,94K","0,17%"
2022-09-30,4.81,"4,79","4,80","4,77","31,24K","1,16%"
2022-09-29,4.75,"4,75","4,78","4,74","34,78K","-0,86%"
2022-09-28,4.79,"4,77","4,77","4,71","25,00K","0,00%"
2022-09-27,4.79,"4,81","4,82","4,79","26,05K","-0,36%"
2022-09-26,4.81,"4,80","4,81","4,77","80,51K","-0,64%"
2022-09-23,4.84,"4,84","4,84","4,78","10,29K","-0,45%"
2022-09-22,4.86,"4,87","4,88","4,84","18,97K","-0,44%"
2022-09-21,4.89,"4,85","4,87","4,85","0,86K","0,47%"
2022-09-20,4.86,"4,89","4,92","4,86","57,01K","-0,54%"
2022-09-16,4.89,"4,90","4,90","4,88","194,92K","-0,81%"
2022-09-15,4.93,"4,95","4,95","4,92","4,93K","-0,28%"
2022-09-14,4.94,"4,94","4,95","4,93","7,55K","0,00%"
2022-09-13,4.94,"5,02","5,03","4,94","123,81K","-1,07%"
2022-09-12,5,"5,00","5,02","5,00","232,76K","0,41%"
2022-09-09,4.98,"4,98","4,98","4,95","4,12K","0,60%"
2022-09-08,4.95,"4,95","4,95","4,93","27,75K","0,44%"
2022-09-07,4.93,"4,90","4,93","4,89","48,51K","0,49%"
2022-09-06,4.9,"4,91","4,91","4,89","103,83K","0,49%"
2022-09-05,4.88,"4,89","4,89","4,86","56,21K","-1,32%"
2022-09-02,4.94,"4,88","4,95","4,88","24,39K","1,50%"
2022-09-01,4.87,"4,89","4,89","4,86","48,09K","-0,64%"
2022-08-31,4.9,"4,92","4,94","4,89","17,82K","-0,17%"
2022-08-30,4.91,"4,97","4,97","4,90","177,35K","-1,23%"
2022-08-26,4.97,"5,01","5,01","4,99","15,55K","-1,01%"
2022-08-25,5.02,"5,02","5,03","5,00","15,44K","0,56%"
2022-08-24,4.99,"4,98","4,99","4,98","2,69K","0,31%"
2022-08-23,4.98,"4,96","4,98","4,96","13,15K","0,64%"
2022-08-22,4.95,"4,97","4,99","4,97","17,63K","-1,01%"
2022-08-19,5,"5,06","5,06","5,00","31,19K","-1,11%"
2022-08-18,5.05,"5,05","5,05","5,05","","0,11%"
2022-08-17,5.05,"5,10","5,10","5,05","34,71K","-0,88%"
2022-08-16,5.09,"5,10","5,13","5,09","27,59K","-0,73%"
2022-08-15,5.13,"5,12","5,14","5,12","8,98K","0,00%"
2022-08-12,5.13,"5,14","5,14","5,13","21,64K","0,25%"
2022-08-11,5.12,"5,14","5,14","5,13","11,06K","0,00%"
2022-08-10,5.11,"5,07","5,12","5,05","33,64K","0,88%"
2022-08-09,5.07,"5,10","5,10","5,08","33,35K","-0,64%"
2022-08-08,5.1,"5,08","5,10","5,08","87,43K","0,67%"
2022-08-05,5.07,"5,10","5,10","5,05","77,39K","-0,14%"
2022-08-04,5.08,"5,08","5,09","5,08","15,58K","0,00%"
2022-08-03,5.07,"5,05","5,07","5,05","27,51K","0,51%"
2022-08-02,5.05,"5,06","5,06","5,04","85,52K","-0,58%"
2022-08-01,5.08,"5,05","5,09","5,05","3,37K","0,45%"
2022-07-29,5.06,"5,05","5,06","5,04","64,00K","0,33%"
2022-07-28,5.04,"4,99","5,04","4,98","239,07K","1,41%"
2022-07-27,4.97,"4,95","4,97","4,94","55,68K","0,94%"
2022-07-26,4.92,"5,03","5,03","4,93","428,20K","-1,57%"
2022-07-25,5,"5,01","5,02","5,01","17,69K","-0,19%"
2022-07-22,5.01,"4,96","5,02","4,96","22,62K","1,29%"
2022-07-21,4.95,"4,92","4,95","4,91","5,83K","0,21%"
2022-07-20,4.94,"4,96","4,97","4,94","64,07K","0,17%"
2022-07-19,4.93,"4,87","4,91","4,83","79,05K","1,66%"
2022-07-18,4.85,"4,85","4,85","4,84","14,41K","0,49%"
2022-07-15,4.82,"4,80","4,83","4,80","42,95K","1,13%"
2022-07-14,4.77,"4,78","4,78","4,77","20,05K","-0,89%"
2022-07-13,4.81,"4,83","4,84","4,79","44,98K","-0,42%"
2022-07-12,4.83,"4,82","4,83","4,81","176,58K","0,13%"
2022-07-11,4.83,"4,84","4,84","4,82","20,75K","-0,30%"
2022-07-08,4.84,"4,83","4,84","4,82","21,82K","0,47%"
2022-07-07,4.82,"4,80","4,82","4,79","127,59K","0,67%"
2022-07-06,4.79,"4,76","4,79","4,76","263,30K","0,70%"
2022-07-05,4.75,"4,80","4,80","4,76","51,33K","-0,61%"
2022-07-04,4.78,"4,76","4,78","4,76","9,31K","0,12%"
2022-07-01,4.78,"4,74","4,80","4,74","103,52K","0,28%"
2022-06-30,4.76,"4,75","4,76","4,74","121,23K","-0,16%"
2022-06-29,4.77,"4,83","4,83","4,77","166,59K","-0,91%"
2022-06-28,4.82,"4,86","4,86","4,82","49,59K","-0,68%"
2022-06-27,4.85,"4,89","4,89","4,85","34,47K","-0,36%"
2022-06-24,4.87,"4,86","4,86","4,84","34,63K","0,34%"
2022-06-23,4.85,"4,86","4,87","4,84","54,66K","-0,34%"
2022-06-22,4.87,"4,86","4,86","4,85","152,47K","0,00%"
2022-06-21,4.87,"4,90","4,90","4,87","98,79K","0,22%"
2022-06-20,4.86,"4,86","4,88","4,86","271,78K","0,53%"
2022-06-17,4.84,"4,83","4,87","4,80","204,37K","0,16%"
2022-06-16,4.83,"4,85","4,86","4,81","85,59K","-1,28%"
2022-06-15,4.89,"4,91","4,91","4,87","34,06K","0,37%"
2022-06-14,4.87,"4,87","4,88","4,83","196,23K","0,23%"
2022-06-13,4.86,"4,90","4,90","4,86","57,21K","-1,66%"
2022-06-10,4.94,"4,98","5,00","4,95","17,35K","-1,37%"
2022-06-09,5.01,"5,07","5,07","5,01","89,25K","-1,08%"
2022-06-08,5.07,"5,09","5,09","5,07","84,46K","-0,26%"
2022-06-07,5.08,"5,09","5,09","5,07","104,12K","-0,36%"
2022-06-06,5.1,"5,10","5,10","5,08","59,77K","0,23%"
2022-06-01,5.09,"5,09","5,10","5,09","46,61K","0,00%"
2022-05-31,5.09,"5,10","5,13","5,09","282,61K","-0,73%"
2022-05-30,5.12,"5,13","5,13","5,11","19,54K","-0,14%"
2022-05-27,5.13,"5,14","5,14","5,12","96,29K","0,31%"
2022-05-26,5.11,"5,10","5,11","5,10","1,00K","0,74%"
2022-05-25,5.08,"5,07","5,07","5,05","275,43K","0,64%"
2022-05-24,5.04,"5,05","5,06","5,04","94,76K","-0,33%"
2022-05-23,5.06,"5,07","5,07","5,05","202,10K","0,34%"
2022-05-20,5.04,"5,08","5,09","5,04","193,60K","-0,59%"
2022-05-19,5.07,"5,03","5,07","5,00","314,33K","0,24%"
2022-05-18,5.06,"5,12","5,12","5,06","111,81K","-0,95%"
2022-05-17,5.11,"5,11","5,12","5,11","4,58K","0,28%"
2022-05-16,5.09,"5,08","5,10","5,08","31,86K","-0,31%"
2022-05-13,5.11,"5,11","5,11","5,10","223,33K","0,51%"
2022-05-12,5.09,"5,07","5,09","5,06","291,86K","-0,10%"
2022-05-11,5.09,"5,06","5,09","5,05","64,64K","0,91%"
2022-05-10,5.04,"5,02","5,05","5,02","127,99K","0,93%"
2022-05-09,5,"5,00","5,01","4,98","1,07M","-0,63%"
2022-05-06,5.03,"5,04","5,04","5,00","34,38K","-0,28%"
2022-05-05,5.04,"5,12","5,12","5,05","734,13K","-0,86%"
2022-05-04,5.09,"5,10","5,12","5,08","64,66K","-0,51%"
2022-05-03,5.11,"5,09","5,13","5,09","87,21K","0,00%"
2022-04-29,5.12,"5,13","5,14","5,11","48,41K","-0,40%"
2022-04-28,5.14,"5,17","5,18","5,13","143,41K","-0,12%"
2022-04-27,5.14,"5,16","5,16","5,14","59,82K","-0,47%"
2022-04-26,5.17,"5,21","5,21","5,17","92,36K","-0,20%"
2022-04-25,5.18,"5,19","5,19","5,17","59,10K","-0,51%"
2022-04-22,5.2,"5,22","5,22","5,20","7,14K","-0,41%"
2022-04-21,5.23,"5,23","5,24","5,22","163,67K","0,00%"
2022-04-20,5.23,"5,18","5,23","5,18","48,64K","0,39%"
2022-04-19,5.21,"5,21","5,22","5,20","49,48K","-0,25%"
2022-04-14,5.22,"5,22","5,23","5,22","22,84K","0,00%"
2022-04-13,5.22,"5,22","5,22","5,21","45,98K","-0,14%"
2022-04-12,5.23,"5,21","5,23","5,21","12,46M","-0,30%"
2022-04-11,5.24,"5,25","5,25","5,24","23,48K","-0,36%"
2022-04-08,5.26,"5,27","5,27","5,25","295,58K","0,00%"
2022-04-07,5.26,"5,29","5,29","5,26","26,15K","-0,20%"
2022-04-06,5.27,"5,30","5,30","5,26","127,33K","-0,67%"
2022-04-05,5.3,"5,32","5,32","5,30","69,66K","-0,31%"
2022-04-04,5.32,"5,28","5,32","5,28","36,98K","0,34%"
2022-04-01,5.3,"5,30","5,32","5,29","39,57K","0,00%"
2022-03-31,5.3,"5,30","5,31","5,30","58,77K","0,00%"
2022-03-30,5.3,"5,29","5,32","5,29","255,80K","-0,44%"
2022-03-29,5.33,"5,30","5,33","5,30","152,13K","0,99%"
2022-03-28,5.27,"5,26","5,28","5,26","44,21K","0,00%"
2022-03-25,5.27,"5,28","5,28","5,27","53,90K","0,00%"
2022-03-24,5.27,"5,27","5,27","5,26","13,03K","0,00%"
2022-03-23,5.27,"5,30","5,30","5,27","146,43K","-0,12%"
2022-03-22,5.28,"5,26","5,28","5,26","27,81K","0,00%"
2022-03-21,5.28,"5,30","5,30","5,29","46,72K","0,17%"
2022-03-18,5.27,"5,31","5,31","5,25","24,90K","-0,24%"
2022-03-17,5.28,"5,27","5,28","5,26","73,11K","0,65%"
2022-03-16,5.25,"5,22","5,24","5,21","66,20K","1,17%"
2022-03-15,5.19,"5,18","5,20","5,18","159,40K","-0,26%"
2022-03-14,5.2,"5,22","5,22","5,21","36,70K","-0,18%"
2022-03-11,5.21,"5,22","5,24","5,20","23,65K","-0,13%"
2022-03-10,5.22,"5,23","5,26","5,19","1,16M","-0,67%"
2022-03-09,5.25,"5,24","5,26","5,22","77,73K","1,16%"
2022-03-08,5.19,"5,23","5,23","5,17","35,33K","0,00%"
2022-03-07,5.2,"5,17","5,22","5,16","52,21K","-1,09%"
2022-03-04,5.25,"5,27","5,27","5,24","96,19K","-0,75%"
2022-03-03,5.29,"5,32","5,32","5,30","369,35K","-0,47%"
2022-03-02,5.32,"5,31","5,33","5,30","83,59K","0,30%"
2022-03-01,5.3,"5,36","5,36","5,29","62,89K","-0,29%"
2022-02-28,5.32,"5,34","5,34","5,28","46,17K","-0,63%"
2022-02-25,5.35,"5,32","5,35","5,32","251,95K","1,00%"
2022-02-24,5.3,"5,27","5,29","5,25","244,15K","-0,49%"
2022-02-23,5.32,"5,37","5,37","5,32","90,04K","-0,31%"
2022-02-22,5.34,"5,30","5,34","5,30","417,16K","0,33%"
2022-02-21,5.32,"5,38","5,38","5,31","353,93K","-0,17%"
2022-02-18,5.33,"5,35","5,36","5,33","127,49K","-0,34%"
2022-02-17,5.35,"5,37","5,37","5,35","36,93K","-0,34%"
2022-02-16,5.37,"5,33","5,37","5,33","21,00K","0,30%"
2022-02-15,5.35,"5,35","5,36","5,34","24,03K","0,11%"
2022-02-14,5.34,"5,32","5,34","5,30","22,93K","-0,22%"
2022-02-11,5.36,"5,36","5,36","5,33","48,63K","-0,17%"
2022-02-10,5.37,"5,39","5,39","5,35","12,42K","-0,22%"
2022-02-09,5.38,"5,38","5,39","5,38","1,40M","0,49%"
2022-02-08,5.35,"5,32","5,36","5,32","2,77M","0,38%"
2022-02-07,5.33,"5,36","5,36","5,28","1,88M","-0,62%"
2022-02-04,5.36,"5,37","5,37","5,33","82,50K","-0,89%"
2022-02-03,5.41,"5,49","5,49","5,40","60,72K","-0,66%"
2022-02-02,5.45,"5,46","5,47","5,45","104,56K","0,00%"
2022-02-01,5.45,"5,44","5,45","5,44","25,73K","0,52%"
2022-01-31,5.42,"5,42","5,43","5,41","18,14K","-0,24%"
2022-01-28,5.43,"5,47","5,47","5,42","14,46M","-0,57%"
2022-01-27,5.46,"5,47","5,47","5,46","2,76M","-0,31%"
2022-01-26,5.48,"5,47","5,49","5,47","10,34M","0,19%"
2022-01-25,5.47,"5,47","5,48","5,46","1,08M","0,16%"
2022-01-24,5.46,"5,49","5,49","5,46","1,44M","-0,75%"
2022-01-21,5.5,"5,50","5,50","5,49","155,51K","-0,09%"
2022-01-20,5.51,"5,52","5,52","5,50","246,76K","-0,16%"
2022-01-19,5.52,"5,50","5,52","5,50","49,86K","0,29%"
2022-01-18,5.5,"5,52","5,52","5,50","84,00K","-0,22%"
2022-01-17,5.51,"5,51","5,52","5,51","25,48K","-0,18%"
2022-01-14,5.52,"5,53","5,53","5,52","479,22K","0,00%"
2022-01-13,5.53,"5,53","5,53","5,52","63,27K","0,00%"
2022-01-12,5.53,"5,54","5,54","5,53","41,87K","0,00%"
2022-01-11,5.53,"5,53","5,53","5,52","61,29K","0,22%"
2022-01-10,5.52,"5,53","5,54","5,52","266,02K","-0,18%"
2022-01-07,5.53,"5,54","5,55","5,53","13,61K","-0,27%"
2022-01-06,5.54,"5,54","5,54","5,53","86,74K","-0,13%"
2022-01-05,5.55,"5,54","5,56","5,54","46,77K","0,00%"
2022-01-04,5.55,"5,55","5,55","5,55","23,34K","0,14%"
2021-12-31,5.54,"5,58","5,58","5,55","1,38K","-0,17%"
2021-12-30,5.55,"5,55","5,55","5,55","11,18K","0,00%"
2021-12-29,5.55,"5,55","5,55","5,53","68,66K","0,00%"
2021-12-24,5.55,"5,55","5,56","5,55","103,59K","0,23%"
2021-12-23,5.54,"5,54","5,56","5,54","2,77M","0,00%"
2021-12-22,5.54,"5,54","5,54","5,53","49,21K","0,29%"
2021-12-21,5.53,"5,53","5,53","5,52","129,77K","0,00%"
2021-12-20,5.52,"5,51","5,52","5,51","58,03K","0,00%"
2021-12-17,5.52,"5,54","5,54","5,52","92,24K","-0,22%"
2021-12-16,5.53,"5,53","5,54","5,53","21,03K","0,25%"
2021-12-15,5.52,"5,52","5,52","5,51","345,66K","0,16%"
2021-12-14,5.51,"5,55","5,55","5,51","52,06K","-0,14%"
2021-12-13,5.52,"5,52","5,53","5,52","16,95K","0,00%"
2021-12-10,5.52,"5,51","5,52","5,51","24,48K","-0,14%"
2021-12-09,5.53,"5,51","5,53","5,51","72,43K","0,25%"
2021-12-08,5.51,"5,52","5,53","5,51","124,17K","-0,29%"
2021-12-07,5.53,"5,51","5,53","5,51","42,86K","0,47%"
2021-12-06,5.5,"5,50","5,50","5,49","279,27K","0,18%"
2021-12-03,5.49,"5,49","5,50","5,49","51,98K","0,15%"
2021-12-02,5.48,"5,49","5,49","5,47","57,98K","-0,11%"
2021-12-01,5.49,"5,46","5,49","5,46","69,19K","0,44%"
2021-11-30,5.47,"5,47","5,47","5,46","43,36K","0,00%"
2021-11-29,5.47,"5,49","5,49","5,46","68,73K","0,44%"
2021-11-26,5.45,"5,45","5,47","5,45","237,80K","-0,96%"
2021-11-25,5.5,"5,50","5,51","5,49","80,75K","0,00%"
2021-11-24,5.5,"5,51","5,51","5,49","79,93K","0,00%"
2021-11-23,5.5,"5,50","5,51","5,50","135,85K","-0,29%"
2021-11-22,5.52,"5,51","5,52","5,51","42,83K","0,00%"
2021-11-19,5.52,"5,53","5,53","5,52","82,07K","-0,14%"
2021-11-18,5.53,"5,53","5,53","5,52","275,25K","0,22%"
2021-11-17,5.51,"5,52","5,52","5,51","35,66K","-0,11%"
2021-11-16,5.52,"5,49","5,52","5,49","93,87K","0,00%"
2021-11-15,5.52,"5,52","5,52","5,52","275,20K","0,00%"
2021-11-12,5.52,"5,54","5,54","5,52","55,24K","-0,16%"
2021-11-11,5.53,"5,53","5,53","5,53","111,22K","-0,13%"
2021-11-10,5.53,"5,50","5,54","5,50","52,46K","0,00%"
2021-11-09,5.53,"5,53","5,54","5,53","62,41K","-0,09%"
2021-11-08,5.54,"5,54","5,54","5,53","41,81K","0,13%"
2021-11-05,5.53,"5,52","5,54","5,52","140,41K","0,18%"
2021-11-04,5.52,"5,51","5,53","5,51","327,99K","0,35%"
2021-11-03,5.5,"5,50","5,51","5,50","97,04K","0,11%"
2021-11-02,5.5,"5,49","5,50","5,49","131,42K","0,00%"
2021-11-01,5.5,"5,51","5,51","5,49","77,10K","0,00%"
2021-10-29,5.49,"5,50","5,50","5,49","50,71K","-0,20%"
2021-10-28,5.51,"5,51","5,51","5,50","60,35K","-0,09%"
2021-10-27,5.51,"5,51","5,51","5,50","389,53K","0,00%"
2021-10-26,5.51,"5,50","5,51","5,50","42,83K","0,22%"
2021-10-25,5.49,"5,50","5,50","5,49","27,16K","0,00%"
2021-10-22,5.5,"5,50","5,50","5,49","133,11K","0,00%"
2021-10-21,5.5,"5,50","5,50","5,50","254,99K","0,00%"
2021-10-20,5.5,"5,50","5,50","5,50","73,94K","0,00%"
2021-10-19,5.5,"5,49","5,50","5,49","91,97K","0,09%"
2021-10-18,5.49,"5,50","5,50","5,49","228,74K","-0,24%"
2021-10-15,5.51,"5,49","5,51","5,49","32,64K","0,00%"
2021-10-14,5.5,"5,49","5,50","5,49","51,33K","0,42%"
2021-10-13,5.48,"5,46","5,48","5,46","27,65K","0,11%"
2021-10-12,5.47,"5,47","5,47","5,46","67,24K","0,00%"
2021-10-11,5.47,"5,49","5,49","5,47","79,63K","-0,42%"
2021-10-08,5.49,"5,50","5,51","5,49","282,42K","-0,09%"
2021-10-07,5.5,"5,50","5,50","5,50","277,10K","0,24%"
2021-10-06,5.49,"5,51","5,51","5,49","60,37K","-0,47%"
2021-10-05,5.51,"5,52","5,52","5,51","1,48M","-0,13%"
2021-10-04,5.52,"5,52","5,52","5,52","64,29K","0,00%"
2021-10-01,5.52,"5,55","5,55","5,51","50,30K","0,00%"
2021-09-30,5.52,"5,53","5,53","5,52","78,98K","-0,18%"
2021-09-29,5.53,"5,56","5,56","5,53","40,77K","0,11%"
2021-09-28,5.52,"5,54","5,54","5,52","318,48K","-0,40%"
2021-09-27,5.55,"5,56","5,56","5,54","75,63K","0,00%"
2021-09-24,5.55,"5,54","5,55","5,54","139,25K","0,00%"
2021-09-23,5.55,"5,56","5,57","5,55","1,25M","-0,16%"
2021-09-22,5.56,"5,56","5,56","5,55","46,32K","0,00%"
2021-09-21,5.56,"5,55","5,56","5,55","737,28K","0,23%"
2021-09-20,5.54,"5,54","5,55","5,54","336,67K","-0,36%"
2021-09-17,5.56,"5,57","5,57","5,56","267,85K","0,00%"
2021-09-16,5.57,"5,59","5,59","5,56","45,66K","0,18%"
2021-09-15,5.56,"5,57","5,57","5,56","21,95K","0,00%"
2021-09-14,5.56,"5,55","5,56","5,55","5,13M","0,13%"
2021-09-13,5.55,"5,56","5,56","5,55","73,43K","0,00%"
2021-09-10,5.55,"5,55","5,56","5,55","75,93K","0,00%"
2021-09-09,5.55,"5,55","5,55","5,55","97,80K","0,09%"
2021-09-08,5.55,"5,55","5,55","5,55","3,23K","0,00%"
2021-09-07,5.55,"5,55","5,55","5,55","37,72K","-0,11%"
2021-09-06,5.55,"5,55","5,55","5,54","6,35M","0,00%"
2021-09-03,5.55,"5,55","5,55","5,54","39,06K","0,13%"
2021-09-02,5.54,"5,54","5,54","5,54","58,42K","0,00%"
2021-09-01,5.54,"5,56","5,56","5,53","41,02K","0,00%"
2021-08-31,5.54,"5,56","5,56","5,53","95,34K","0,11%"
2021-08-27,5.53,"5,56","5,56","5,53","42,25K","0,00%"
2021-08-26,5.53,"5,53","5,53","5,53","10,20K","0,00%"
2021-08-25,5.53,"5,53","5,53","5,53","30,12K","0,00%"
2021-08-24,5.53,"5,54","5,54","5,53","65,74K","0,00%"
2021-08-23,5.53,"5,50","5,54","5,50","61,21K","0,09%"
2021-08-20,5.53,"5,53","5,53","5,53","21,08K","0,00%"
2021-08-19,5.53,"5,53","5,53","5,53","24,32K","-0,11%"
2021-08-18,5.53,"5,53","5,53","5,53","124,98K","0,13%"
2021-08-17,5.53,"5,54","5,54","5,53","43,20K","-0,20%"
2021-08-16,5.54,"5,55","5,55","5,53","22,94K","-0,09%"
2021-08-13,5.54,"5,54","5,54","5,53","89,51K","0,22%"
2021-08-12,5.53,"5,54","5,54","5,53","75,85K","-0,11%"
2021-08-11,5.54,"5,54","5,54","5,53","20,40K","0,00%"
2021-08-10,5.54,"5,53","5,54","5,53","15,03K","0,00%"
2021-08-09,5.53,"5,56","5,56","5,53","52,70K","0,00%"
2021-08-06,5.54,"5,53","5,54","5,53","10,17K","0,00%"
2021-08-05,5.53,"5,54","5,54","5,53","190,91K","0,00%"
2021-08-04,5.53,"5,53","5,54","5,53","22,95K","0,10%"
2021-08-03,5.53,"5,53","5,53","5,53","67,11K","0,00%"
2021-08-02,5.53,"5,55","5,55","5,53","222,38K","0,00%"
2021-07-30,5.53,"5,52","5,53","5,52","94,68K","0,13%"
2021-07-29,5.52,"5,52","5,52","5,51","46,62K","0,12%"
2021-07-28,5.51,"5,49","5,52","5,49","24,04K","0,13%"
2021-07-27,5.51,"5,54","5,54","5,51","36,21K","-0,15%"
2021-07-26,5.51,"5,52","5,52","5,51","12,05K","0,00%"
2021-07-23,5.52,"5,51","5,52","5,51","37,29K","0,09%"
2021-07-22,5.51,"5,51","5,51","5,50","30,83K","0,16%"
2021-07-21,5.51,"5,48","5,52","5,48","57,39K","0,19%"
2021-07-20,5.49,"5,51","5,51","5,49","35,06K","0,00%"
2021-07-19,5.5,"5,53","5,53","5,49","223,99K","-0,24%"
2021-07-16,5.51,"5,51","5,52","5,51","1,25M","0,00%"
2021-07-15,5.51,"5,51","5,51","5,51","28,61K","-0,10%"
2021-07-14,5.51,"5,53","5,53","5,51","43,42K","0,00%"
2021-07-13,5.51,"5,51","5,51","5,51","191,77K","0,00%"
2021-07-12,5.51,"5,51","5,51","5,51","65,17K","0,14%"
2021-07-09,5.51,"5,50","5,51","5,50","10,78K","0,10%"
2021-07-08,5.5,"5,51","5,51","5,50","949,02K","-0,23%"
2021-07-07,5.51,"5,52","5,52","5,51","40,01K","0,26%"
2021-07-06,5.5,"5,51","5,51","5,50","151,15K","-0,18%"
2021-07-05,5.51,"5,51","5,51","5,51","55,71K","0,00%"
2021-07-02,5.51,"5,51","5,51","5,50","49,00K","0,00%"
2021-07-01,5.51,"5,53","5,53","5,50","147,04K","0,00%"
2021-06-30,5.5,"5,50","5,51","5,50","322,05K","0,00%"
2021-06-29,5.51,"5,53","5,53","5,51","8,80K","0,00%"
2021-06-28,5.5,"5,54","5,54","5,50","326,39K","-0,14%"
2021-06-25,5.51,"5,51","5,51","5,51","466,68K","0,00%"
2021-06-24,5.51,"5,51","5,51","5,50","76,07K","0,00%"
2021-06-23,5.5,"5,47","5,51","5,47","48,95K","0,00%"
2021-06-22,5.5,"5,50","5,51","5,50","96,65K","0,00%"
2021-06-21,5.51,"5,48","5,51","5,48","33,46K","0,00%"
2021-06-18,5.5,"5,50","5,52","5,50","18,26K","-0,19%"
2021-06-17,5.51,"5,54","5,54","5,51","5,74K","0,00%"
2021-06-16,5.51,"5,54","5,54","5,51","259,08K","0,00%"
2021-06-15,5.52,"5,54","5,54","5,51","30,75K","-0,10%"
2021-06-14,5.52,"5,53","5,53","5,52","16,13K","-0,11%"
2021-06-11,5.53,"5,52","5,53","5,51","86,03K","0,29%"
2021-06-10,5.51,"5,51","5,52","5,51","23,13K","0,00%"
2021-06-09,5.51,"5,51","5,51","5,50","23,09K","0,16%"
2021-06-08,5.5,"5,51","5,51","5,50","93,45K","0,00%"
2021-06-07,5.5,"5,50","5,51","5,50","18,37K","0,12%"
2021-06-04,5.49,"5,50","5,50","5,49","34,11K","0,00%"
2021-06-03,5.5,"5,50","5,50","5,49","84,46K","0,11%"
2021-06-02,5.49,"5,49","5,49","5,49","13,03K","0,16%"
2021-06-01,5.48,"5,49","5,50","5,48","207,25K","0,00%"
2021-05-28,5.48,"5,48","5,49","5,48","83,83K","0,00%"
2021-05-27,5.48,"5,48","5,48","5,47","40,66K","0,22%"
2021-05-26,5.47,"5,46","5,47","5,46","41,45K","0,00%"
2021-05-25,5.47,"5,47","5,47","5,46","29,04K","0,00%"
2021-05-24,5.47,"5,46","5,47","5,46","10,45K","0,23%"
2021-05-21,5.45,"5,47","5,47","5,45","152,25K","-0,15%"
2021-05-20,5.46,"5,46","5,46","5,45","260,35K","0,11%"
2021-05-19,5.45,"5,46","5,46","5,45","36,03K","-0,13%"
2021-05-18,5.46,"5,47","5,47","5,46","30,75K","0,00%"
2021-05-17,5.46,"5,46","5,47","5,45","41,40K","0,00%"
2021-05-14,5.47,"5,45","5,46","5,45","8,28M","0,18%"
2021-05-13,5.46,"5,44","5,45","5,43","19,82M","0,00%"
2021-05-12,5.46,"5,49","5,49","5,45","10,94K","0,00%"
2021-05-11,5.46,"5,45","5,46","5,45","10,73M","-0,18%"
2021-05-10,5.47,"5,50","5,50","5,47","239,74K","0,00%"
2021-05-07,5.47,"5,47","5,47","5,45","46,78K","0,10%"
2021-05-06,5.46,"5,49","5,49","5,46","93,07K","0,00%"
2021-05-05,5.46,"5,47","5,47","5,46","3,00M","0,00%"
2021-05-04,5.46,"5,50","5,50","5,46","220,54K","0,00%"
2021-04-30,5.46,"5,47","5,47","5,46","44,05K","0,00%"
2021-04-29,5.46,"5,47","5,47","5,46","7,46K","0,00%"
2021-04-28,5.46,"5,46","5,46","5,45","15,79K","0,00%"
2021-04-27,5.46,"5,47","5,47","5,45","50,72K","0,00%"
2021-04-26,5.46,"5,49","5,49","5,45","45,73K","0,00%"
2021-04-23,5.46,"5,47","5,47","5,45","2,65M","0,00%"
2021-04-22,5.46,"5,47","5,47","5,45","30,01K","0,10%"
2021-04-21,5.45,"5,45","5,45","5,45","118,86K","0,11%"
2021-04-20,5.45,"5,45","5,46","5,45","61,73K","-0,27%"
2021-04-19,5.46,"5,47","5,47","5,46","27,07K","-0,15%"
2021-04-16,5.47,"5,46","5,47","5,46","32,36K","0,00%"
2021-04-15,5.46,"5,47","5,47","5,46","27,99K","0,11%"
2021-04-14,5.46,"5,46","5,46","5,46","238,18K","0,00%"
2021-04-13,5.46,"5,45","5,46","5,45","235,15K","-0,10%"
2021-04-12,5.46,"5,44","5,47","5,44","7,69K","0,00%"
2021-04-09,5.46,"5,50","5,50","5,46","118,60K","0,00%"
2021-04-08,5.46,"5,46","5,47","5,46","54,16K","0,00%"
2021-04-07,5.47,"5,47","5,47","5,46","37,42K","0,00%"
2021-04-06,5.46,"5,50","5,50","5,47","156,59K","0,00%"
2021-04-01,5.47,"5,43","5,47","5,43","156,18K","0,21%"
2021-03-31,5.45,"5,45","5,45","5,44","215,31K","0,23%"
2021-03-30,5.44,"5,43","5,45","5,43","89,81K","0,00%"
2021-03-29,5.44,"5,44","5,45","5,44","9,79M","0,00%"
2021-03-26,5.44,"5,44","5,44","5,43","63,87K","0,00%"
2021-03-25,5.43,"5,43","5,44","5,42","26,81K","0,09%"
2021-03-24,5.43,"5,41","5,43","5,41","25,73K","0,00%"
2021-03-23,5.42,"5,44","5,44","5,42","213,18K","0,00%"
2021-03-22,5.43,"5,42","5,43","5,42","7,61K","0,16%"
2021-03-19,5.42,"5,43","5,43","5,41","62,41K","0,00%"
2021-03-18,5.42,"5,43","5,43","5,42","21,40K","-0,15%"
2021-03-17,5.43,"5,45","5,45","5,42","305,20K","-0,19%"
2021-03-16,5.44,"5,44","5,44","5,43","2,62M","0,15%"
2021-03-15,5.43,"5,47","5,47","5,43","139,03K","0,00%"
2021-03-12,5.43,"5,47","5,47","5,43","18,26K","-0,39%"
2021-03-11,5.45,"5,43","5,45","5,43","16,11K","0,61%"
2021-03-10,5.42,"5,42","5,42","5,42","404,66K","0,00%"
2021-03-09,5.42,"5,42","5,42","5,41","114,50K","0,00%"
2021-03-08,5.42,"5,39","5,42","5,39","3,77M","0,19%"
2021-03-05,5.41,"5,41","5,42","5,41","57,19K","-0,24%"
2021-03-04,5.42,"5,42","5,43","5,41","27,59K","-0,10%"
2021-03-03,5.43,"5,45","5,45","5,42","73,43K","0,00%"
2021-03-02,5.43,"5,43","5,43","5,42","738,46K","0,00%"
2021-03-01,5.42,"5,44","5,44","5,24","2,72M","0,48%"
2021-02-26,5.39,"5,41","5,41","5,39","67,45K","-0,33%"
2021-02-25,5.41,"5,43","5,43","5,42","35,13K","-0,35%"
2021-02-24,5.43,"5,43","5,43","5,42","45,78K","0,17%"
2021-02-23,5.42,"5,42","5,42","5,41","11,17K","0,00%"
2021-02-22,5.42,"5,42","5,42","5,42","9,04K","-0,14%"
2021-02-19,5.43,"5,43","5,43","5,42","15,31K","0,20%"
2021-02-18,5.42,"5,43","5,43","5,42","16,27K","-0,09%"
2021-02-17,5.43,"5,43","5,43","5,43","0,22K","0,00%"
2021-02-16,5.42,"5,41","5,44","5,41","55,25K","-0,17%"
2021-02-15,5.43,"5,45","5,45","5,43","44,07K","0,00%"
2021-02-12,5.43,"5,43","5,43","5,43","47,80K","0,00%"
2021-02-11,5.43,"5,43","5,43","5,42","1,29K","0,17%"
2021-02-10,5.42,"5,43","5,43","5,42","15,73K","0,00%"
2021-02-09,5.42,"5,42","5,43","5,42","54,20K","0,00%"
2021-02-08,5.43,"5,42","5,43","5,42","265,83K","0,00%"
2021-02-05,5.43,"5,43","5,43","5,42","41,69K","0,16%"
2021-02-04,5.42,"5,43","5,43","5,42","121,80K","0,00%"
2021-02-03,5.42,"5,40","5,42","5,40","27,24K","0,41%"
2021-02-02,5.39,"5,36","5,41","5,36","195,65K","0,18%"
2021-02-01,5.38,"5,39","5,39","5,38","28,88K","0,13%"
2021-01-29,5.38,"5,37","5,38","5,37","99,15K","0,00%"
2021-01-28,5.38,"5,36","5,37","5,36","7,43K","0,12%"
2021-01-27,5.37,"5,39","5,39","5,37","74,94K","-0,24%"
2021-01-26,5.39,"5,40","5,40","5,39","818,29K","0,17%"
2021-01-25,5.38,"5,40","5,40","5,38","175,25K","-0,34%"
2021-01-22,5.4,"5,40","5,40","5,38","55,79K","-0,13%"
2021-01-21,5.4,"5,44","5,44","5,40","38,67K","0,00%"
2021-01-20,5.41,"5,39","5,41","5,39","31,07K","0,44%"
2021-01-19,5.38,"5,39","5,39","5,38","68,01K","0,17%"
2021-01-18,5.38,"5,41","5,41","5,37","12,35K","0,00%"
2021-01-15,5.38,"5,39","5,39","5,39","11,20K","-0,25%"
2021-01-14,5.39,"5,39","5,41","5,39","5,06M","0,00%"
2021-01-13,5.39,"5,35","5,39","5,35","5,92K","0,16%"
2021-01-12,5.38,"5,39","5,39","5,38","116,11K","-0,16%"
2021-01-11,5.39,"5,39","5,40","5,39","664,20K","-0,16%"
2021-01-08,5.4,"5,40","5,41","5,39","33,28K","0,00%"
2021-01-07,5.39,"5,39","5,39","5,39","27,34K","0,00%"
2021-01-06,5.39,"5,39","5,40","5,39","177,10K","0,10%"
2021-01-05,5.39,"5,40","5,40","5,37","5,21K","0,00%"
2021-01-04,5.39,"5,41","5,41","5,39","7,16K","0,00%"
2020-12-31,5.39,"5,40","5,40","5,40","0,23K","0,09%"
2020-12-30,5.39,"5,38","5,39","5,38","5,98K","0,00%"
2020-12-29,5.39,"5,41","5,41","5,38","85,48K","0,09%"
2020-12-24,5.38,"5,41","5,41","5,38","12,80K","0,19%"
2020-12-23,5.37,"5,36","5,38","5,36","24,39K","0,24%"
2020-12-22,5.36,"5,32","5,37","5,32","55,85K","0,21%"
2020-12-21,5.35,"5,38","5,38","5,32","93,13K","-0,55%"
2020-12-18,5.38,"5,38","5,38","5,38","8,19K","0,00%"
2020-12-17,5.38,"5,37","5,38","5,36","16,77K","0,10%"
2020-12-16,5.37,"5,34","5,38","5,34","92,72K","0,39%"
2020-12-15,5.35,"5,36","5,36","5,35","108,22K","-0,17%"
2020-12-14,5.36,"5,36","5,37","5,36","22,60K","0,15%"
2020-12-11,5.35,"5,36","5,36","5,34","136,37K","-0,34%"
2020-12-10,5.37,"5,41","5,41","5,36","42,50K","-0,34%"
2020-12-09,5.39,"5,41","5,41","5,38","146,41K","0,25%"
2020-12-08,5.37,"5,38","5,39","5,37","81,30K","-0,19%"
2020-12-07,5.38,"5,38","5,39","5,38","8,81K","0,00%"
2020-12-04,5.39,"5,37","5,39","5,37","70,88K","0,32%"
2020-12-03,5.37,"5,36","5,38","5,36","15,99K","0,16%"
2020-12-02,5.36,"5,35","5,37","5,35","14,07M","0,23%"
2020-12-01,5.35,"5,35","5,36","5,34","225,07K","0,19%"
2020-11-30,5.34,"5,34","5,35","5,34","92,11K","0,00%"
2020-11-27,5.34,"5,34","5,34","5,33","73,28K","0,10%"
2020-11-26,5.34,"5,33","5,34","5,33","17,94K","0,10%"
2020-11-25,5.33,"5,30","5,34","5,30","279,68K","0,00%"
2020-11-24,5.33,"5,33","5,34","5,31","1,15M","0,35%"
2020-11-23,5.31,"5,30","5,32","5,30","38,23K","0,22%"
2020-11-20,5.3,"5,32","5,32","5,29","16,66K","0,14%"
2020-11-19,5.29,"5,28","5,30","5,28","100,93K","-0,10%"
2020-11-18,5.3,"5,31","5,32","5,29","49,85K","0,17%"
2020-11-17,5.29,"5,29","5,29","5,28","50,27K","0,00%"
2020-11-16,5.28,"5,28","5,30","5,28","57,85K","0,48%"
2020-11-13,5.26,"5,26","5,27","5,25","38,06K","0,00%"
2020-11-12,5.26,"5,25","5,27","5,25","8,45M","-0,25%"
2020-11-11,5.27,"5,29","5,29","5,25","39,48K","0,13%"
2020-11-10,5.26,"5,28","5,28","5,26","153,71K","-0,27%"
2020-11-09,5.28,"5,24","5,32","5,24","27,73K","1,04%"
2020-11-06,5.22,"5,22","5,22","5,20","8,35M","0,00%"
2020-11-05,5.22,"5,22","5,23","5,22","28,84K","0,76%"
2020-11-04,5.18,"5,17","5,19","5,15","17,45K","0,31%"
2020-11-03,5.17,"5,15","5,16","5,15","276,88K","0,86%"
2020-11-02,5.12,"5,10","5,12","5,10","37,87K","0,35%"
2020-10-30,5.11,"5,08","5,11","5,08","42,57K","0,00%"
2020-10-29,5.11,"5,10","5,11","5,10","171,91K","0,00%"
2020-10-28,5.11,"5,14","5,14","5,10","247,36K","-1,00%"
2020-10-27,5.16,"5,17","5,17","5,16","43,14K","0,00%"
2020-10-26,5.16,"5,17","5,17","5,17","5,62K","-0,29%"
2020-10-23,5.18,"5,17","5,19","5,17","2,05M","0,24%"
2020-10-22,5.16,"5,14","5,17","5,14","31,63K","0,00%"
2020-10-21,5.16,"5,17","5,17","5,16","55,57K","0,00%"
2020-10-20,5.16,"5,13","5,17","5,13","109,42K","0,00%"
2020-10-19,5.16,"5,13","5,17","5,13","40,37K","0,00%"
2020-10-16,5.16,"5,18","5,18","5,14","99,88K","0,37%"
2020-10-15,5.14,"5,14","5,14","5,14","13,06K","-0,46%"
2020-10-14,5.17,"5,17","5,18","5,16","23,60K","-0,20%"
2020-10-13,5.18,"5,18","5,19","5,17","47,03K","0,00%"
2020-10-12,5.18,"5,17","5,18","5,17","72,45K","0,15%"
2020-10-09,5.17,"5,18","5,18","5,16","50,55K","0,00%"
2020-10-08,5.17,"5,18","5,18","5,17","11,95K","0,24%"
2020-10-07,5.16,"5,16","5,17","5,16","54,44K","-0,15%"
2020-10-06,5.17,"5,16","5,17","5,16","51,49K","0,33%"
2020-10-05,5.15,"5,13","5,14","5,13","10,96K","0,42%"
2020-10-02,5.13,"5,13","5,13","5,12","10,67K","0,00%"
2020-10-01,5.13,"5,13","5,13","5,12","184,84K","0,43%"
2020-09-30,5.11,"5,10","5,12","5,09","19,85K","0,16%"
2020-09-29,5.1,"5,10","5,10","5,10","26,06K","0,00%"
2020-09-28,5.1,"5,09","5,11","5,09","72,56K","0,64%"
2020-09-25,5.07,"5,09","5,09","5,05","47,23K","-0,48%"
2020-09-24,5.09,"5,12","5,12","5,09","45,29K","-0,65%"
2020-09-23,5.13,"5,13","5,14","5,13","25,33K","0,18%"
2020-09-22,5.12,"5,12","5,13","5,11","39,09K","0,00%"
2020-09-21,5.11,"5,16","5,16","5,11","441,21K","-0,99%"
2020-09-18,5.17,"5,18","5,18","5,17","52,22K","-0,13%"
2020-09-17,5.17,"5,17","5,18","5,17","7,49K","0,00%"
2020-09-16,5.18,"5,17","5,18","5,17","60,74K","0,00%"
2020-09-15,5.17,"5,18","5,18","5,17","22,57K","0,00%"
2020-09-14,5.17,"5,17","5,17","5,16","17,07K","0,00%"
2020-09-11,5.17,"5,17","5,18","5,17","7,26K","-0,14%"
2020-09-10,5.18,"5,17","5,18","5,17","13,00K","0,00%"
2020-09-09,5.18,"5,18","5,18","5,17","222,03K","0,15%"
2020-09-08,5.17,"5,19","5,19","5,16","22,97K","-0,14%"
2020-09-07,5.18,"5,16","5,19","5,16","42,50K","0,42%"
2020-09-04,5.16,"5,16","5,18","5,16","14,73K","0,00%"
2020-09-03,5.16,"5,19","5,19","5,18","8,96K","-0,35%"
2020-09-02,5.18,"5,18","5,19","5,17","64,82K","0,15%"
2020-09-01,5.17,"5,15","5,16","5,15","12,63K","0,23%"
2020-08-28,5.16,"5,15","5,16","5,15","19,58K","0,00%"
2020-08-27,5.16,"5,16","5,16","5,15","47,42K","0,00%"
2020-08-26,5.16,"5,16","5,16","5,16","38,46K","0,00%"
2020-08-25,5.15,"5,17","5,17","5,15","39,74K","0,00%"
2020-08-24,5.15,"5,16","5,16","5,15","8,70K","0,29%"
2020-08-21,5.14,"5,15","5,15","5,13","58,58K","0,00%"
2020-08-20,5.14,"5,13","5,14","5,13","46,42K","0,00%"
2020-08-19,5.14,"5,14","5,14","5,14","3,84K","0,23%"
2020-08-18,5.13,"5,13","5,14","5,13","77,93K","-0,10%"
2020-08-17,5.13,"5,13","5,14","5,12","73,43K","0,00%"
2020-08-14,5.13,"5,14","5,15","5,12","23,31K","-0,46%"
2020-08-13,5.15,"5,15","5,16","5,15","403,46K","0,00%"
2020-08-12,5.15,"5,14","5,15","5,14","33,05K","0,25%"
2020-08-11,5.14,"5,15","5,15","5,14","34,10K","0,18%"
2020-08-10,5.13,"5,16","5,16","5,13","59,81K","0,00%"
2020-08-07,5.13,"5,12","5,14","5,12","79,92K","0,21%"
2020-08-06,5.12,"5,13","5,13","5,10","13,36K","0,00%"
2020-08-05,5.12,"5,11","5,12","5,10","47,40K","0,58%"
2020-08-04,5.09,"5,08","5,09","5,08","69,02K","0,00%"
2020-08-03,5.09,"5,06","5,08","5,06","307,04K","0,85%"
2020-07-31,5.05,"5,08","5,08","5,05","21,76K","0,00%"
2020-07-30,5.05,"5,07","5,07","5,05","151,91K","-0,62%"
2020-07-29,5.08,"5,08","5,08","5,07","37,16K","0,21%"
2020-07-28,5.07,"5,09","5,09","5,07","306,59K","-0,49%"
2020-07-27,5.09,"5,09","5,09","5,09","21,79K","0,00%"
2020-07-24,5.09,"5,09","5,10","5,09","2,81K","-0,16%"
2020-07-23,5.1,"5,06","5,10","5,06","35,43K","0,19%"
2020-07-22,5.09,"5,09","5,09","5,09","5,00K","0,00%"
2020-07-21,5.09,"5,08","5,10","5,08","50,71K","0,31%"
2020-07-20,5.07,"5,07","5,07","5,06","6,29K","0,33%"
2020-07-17,5.06,"5,06","5,06","5,04","7,46K","0,00%"
2020-07-16,5.06,"5,05","5,05","5,04","81,27K","0,17%"
2020-07-15,5.05,"5,03","5,06","5,03","32,69K","0,60%"
2020-07-14,5.02,"5,01","5,02","5,01","68,29K","-0,27%"
2020-07-13,5.03,"5,03","5,04","5,02","28,51K","0,29%"
2020-07-10,5.02,"4,98","5,02","4,98","22,23K","0,16%"
2020-07-09,5.01,"5,01","5,03","5,01","12,74K","-0,12%"
2020-07-08,5.01,"5,04","5,04","5,02","35,00K","-0,30%"
2020-07-07,5.03,"5,04","5,04","5,03","117,63K","-0,22%"
2020-07-06,5.04,"5,02","5,05","5,02","15,17K","0,15%"
2020-07-03,5.03,"5,04","5,04","5,03","39,65K","0,00%"
2020-07-02,5.03,"5,04","5,04","5,03","5,48K","0,33%"
2020-07-01,5.02,"5,01","5,02","5,00","53,75K","0,00%"
2020-06-30,5.01,"5,01","5,01","4,99","70,28K","0,37%"
2020-06-29,5,"4,99","5,00","4,98","78,67K","0,28%"
2020-06-26,4.98,"5,01","5,01","4,98","127,44K","-0,28%"
2020-06-25,5,"4,97","4,99","4,97","54,80K","0,00%"
2020-06-24,5,"5,04","5,04","5,00","76,56K","-0,62%"
2020-06-23,5.03,"5,04","5,04","5,03","97,38K","0,51%"
2020-06-22,5,"5,01","5,02","5,01","79,96K","-0,53%"
2020-06-19,5.03,"5,05","5,05","5,03","172,97K","0,00%"
2020-06-18,5.03,"5,06","5,06","5,03","53,63K","-0,37%"
2020-06-17,5.05,"5,06","5,08","5,05","103,17K","0,00%"
2020-06-16,5.05,"5,06","5,10","5,05","888,13K","1,02%"
2020-06-15,5,"4,93","5,00","4,93","2,90M","0,38%"
2020-06-12,4.98,"4,97","5,00","4,97","72,86K","0,00%"
2020-06-11,4.98,"4,99","4,99","4,98","34,92K","-1,32%"
2020-06-10,5.05,"5,06","5,06","5,04","10,79K","-0,26%"
2020-06-09,5.06,"5,14","5,14","5,05","403,56K","-0,96%"
2020-06-08,5.11,"5,14","5,14","5,09","396,57K","0,14%"
2020-06-05,5.1,"5,05","5,10","5,05","277,21K","1,08%"
2020-06-04,5.05,"5,05","5,05","5,02","1,05M","0,53%"
2020-06-03,5.02,"5,00","5,02","4,99","244,52K","0,73%"
2020-06-02,4.99,"4,96","4,99","4,96","411,16K","0,82%"
2020-06-01,4.94,"4,92","4,95","4,92","51,19K","0,56%"
2020-05-29,4.92,"4,92","4,93","4,91","31,06K","-0,23%"
2020-05-28,4.93,"4,90","4,92","4,90","292,82K","0,77%"
2020-05-27,4.89,"4,86","4,91","4,86","245,44K","0,87%"
2020-05-26,4.85,"4,78","4,86","4,78","181,37K","1,07%"
2020-05-22,4.8,"4,78","4,80","4,78","6,73K","0,30%"
2020-05-21,4.78,"4,79","4,79","4,79","10,00K","-0,23%"
2020-05-20,4.79,"4,78","4,78","4,77","62,94K","0,57%"
2020-05-19,4.77,"4,76","4,78","4,76","35,23K","0,00%"
2020-05-18,4.77,"4,71","4,75","4,71","4,43K","1,47%"
2020-05-15,4.7,"4,72","4,72","4,69","6,57K","-0,20%"
2020-05-14,4.71,"4,70","4,72","4,70","8,46M","-0,80%"
2020-05-13,4.75,"4,77","4,77","4,75","8,40M","-0,65%"
2020-05-12,4.78,"4,78","4,79","4,77","8,45M","0,00%"
2020-05-11,4.77,"4,84","4,84","4,76","43,11K","0,75%"
2020-05-07,4.74,"4,72","4,73","4,72","3,90K","0,34%"
2020-05-06,4.72,"4,74","4,75","4,72","32,45K","-0,25%"
2020-05-05,4.73,"4,72","4,76","4,72","173,25K","0,42%"
2020-05-04,4.71,"4,73","4,73","4,70","14,67K","-0,84%"
2020-05-01,4.75,"4,78","4,78","4,78","0,10K","-0,52%"
2020-04-30,4.78,"4,83","4,83","4,78","13,87K","-0,76%"
2020-04-29,4.82,"4,80","4,81","4,79","79,24K","0,55%"
2020-04-28,4.79,"4,81","4,82","4,79","67,35K","-0,41%"
2020-04-27,4.81,"4,82","4,82","4,81","7,12K","0,85%"
2020-04-24,4.77,"4,78","4,79","4,77","11,17K","-0,66%"
2020-04-23,4.8,"4,81","4,82","4,78","15,23K","0,43%"
2020-04-22,4.78,"4,77","4,79","4,73","90,18K","1,46%"
2020-04-21,4.71,"4,76","4,76","4,72","32,23K","-0,95%"
2020-04-20,4.76,"4,80","4,80","4,76","37,15K","-0,58%"
2020-04-17,4.78,"4,76","4,82","4,76","4,71K","0,86%"
2020-04-16,4.74,"4,78","4,78","4,73","83,79K","-0,20%"
2020-04-15,4.75,"4,82","4,88","4,75","289,53K","-2,06%"
2020-04-14,4.85,"4,89","4,99","4,84","182,65K","0,00%"
2020-04-09,4.85,"4,69","4,87","4,68","65,76K","4,26%"
2020-04-08,4.65,"4,55","4,66","4,55","287,88K","0,12%"
2020-04-07,4.65,"4,68","4,69","4,63","91,07K","1,25%"
2020-04-06,4.59,"4,57","4,60","4,56","69,04K","2,27%"
2020-04-03,4.49,"4,53","4,53","4,51","1,36M","-0,42%"
2020-04-02,4.51,"4,52","4,53","4,49","165,55K","0,38%"
2020-04-01,4.49,"4,54","4,54","4,46","356,58K","-1,12%"
2020-03-31,4.54,"4,52","4,58","4,51","33,30K","1,10%"
2020-03-30,4.49,"4,45","4,50","4,42","31,54K","1,05%"
2020-03-27,4.44,"4,54","4,54","4,46","48,93K","-1,43%"
2020-03-26,4.51,"4,40","4,52","4,37","83,56K","2,09%"
2020-03-25,4.42,"4,45","4,49","4,40","442,44K","1,98%"
2020-03-24,4.33,"4,33","4,36","4,26","57,64K","3,26%"
2020-03-23,4.19,"4,24","4,25","4,06","35,67K","-1,42%"
2020-03-20,4.25,"4,20","4,32","4,20","15,65K","3,00%"
2020-03-19,4.13,"4,19","4,20","4,01","101,37K","3,25%"
2020-03-18,4,"4,16","4,18","3,97","803,78K","-6,98%"
2020-03-17,4.3,"4,34","4,34","4,14","111,59K","-1,60%"
2020-03-16,4.37,"4,36","4,43","4,24","43,54K","-5,21%"
2020-03-13,4.61,"4,72","4,73","4,54","1,54M","2,44%"
2020-03-12,4.5,"4,66","4,80","4,50","283,28K","-7,41%"
2020-03-11,4.86,"4,92","4,93","4,86","39,58K","-0,61%"
2020-03-10,4.89,"4,96","5,01","4,88","344,64K","0,20%"
2020-03-09,4.88,"5,01","5,01","4,80","391,33K","-4,31%"
2020-03-06,5.1,"5,12","5,13","5,08","505,44K","-1,92%"
2020-03-05,5.2,"5,24","5,24","5,19","89,02K","-0,76%"
2020-03-04,5.24,"5,26","5,26","5,24","538,47K","0,00%"
2020-03-03,5.24,"5,21","5,24","5,21","1,71M","1,16%"
2020-03-02,5.18,"5,20","5,21","5,13","43,28K","0,19%"
2020-02-28,5.17,"5,20","5,20","5,13","84,60K","-1,34%"
2020-02-27,5.24,"5,29","5,29","5,22","147,90K","-1,13%"
2020-02-26,5.3,"5,26","5,29","5,26","123,74K","0,00%"
2020-02-25,5.3,"5,33","5,33","5,31","30,45K","-0,19%"
2020-02-24,5.31,"5,36","5,36","5,32","361,48K","-0,93%"
2020-02-21,5.36,"5,37","5,37","5,36","101,53K","-0,19%"
2020-02-20,5.37,"5,37","5,37","5,37","0,51K","0,00%"
2020-02-19,5.37,"5,36","5,37","5,36","2,02K","0,19%"
2020-02-18,5.36,"5,38","5,38","5,36","276,42K","-0,19%"
2020-02-17,5.37,"5,37","5,37","5,36","2,46M","0,19%"
2020-02-14,5.36,"5,36","5,37","5,36","887,48K","0,00%"
2020-02-13,5.36,"5,35","5,36","5,35","29,18K","0,00%"
2020-02-12,5.36,"5,36","5,36","5,36","1,63M","0,00%"
2020-02-11,5.36,"5,35","5,35","5,35","4,36M","0,37%"
2020-02-10,5.34,"5,34","5,34","5,34","104,88K","0,00%"
2020-02-07,5.34,"5,34","5,35","5,34","53,35K","-0,19%"
2020-02-06,5.35,"5,36","5,36","5,35","9,65K","0,19%"
2020-02-05,5.34,"5,32","5,35","5,32","1,14M","0,19%"
2020-02-04,5.33,"5,32","5,33","5,32","96,66K","0,38%"
2020-02-03,5.31,"5,33","5,33","5,31","11,95K","0,00%"
2020-01-31,5.31,"5,32","5,33","5,31","69,26K","-0,38%"
2020-01-29,5.33,"5,33","5,33","5,33","2,43M","0,19%"
2020-01-28,5.32,"5,31","5,32","5,31","1,84K","0,19%"
2020-01-27,5.31,"5,34","5,34","5,32","57,49K","-0,56%"
2020-01-24,5.34,"5,34","5,34","5,33","82,53K","0,00%"
2020-01-23,5.34,"5,36","5,36","5,34","50,38K","-0,19%"
2020-01-22,5.35,"5,35","5,35","5,35","3,33K","0,00%"
2020-01-21,5.35,"5,36","5,36","5,35","147,58K","-0,19%"
2020-01-20,5.36,"5,36","5,36","5,36","6,85K","0,00%"
2020-01-17,5.36,"5,36","5,36","5,35","213,97K","0,19%"
2020-01-16,5.35,"5,36","5,36","5,34","165,71K","0,19%"
2020-01-15,5.34,"5,36","5,36","5,34","15,54K","0,00%"
2020-01-14,5.34,"5,36","5,36","5,34","103,28K","0,00%"
2020-01-13,5.34,"5,34","5,34","5,34","345,96K","0,00%"
2020-01-10,5.34,"5,34","5,35","5,34","93,91K","0,00%"
2020-01-09,5.34,"5,34","5,34","5,34","17,67K","0,19%"
2020-01-08,5.33,"5,33","5,33","5,33","7,32K","0,00%"
2020-01-07,5.33,"5,33","5,34","5,33","3,05K","0,00%"
2020-01-06,5.33,"5,34","5,34","5,33","2,94K","-0,19%"
2020-01-03,5.34,"5,34","5,34","5,34","1,42K","0,00%"
2020-01-02,5.34,"5,34","5,35","5,34","4,64K","0,00%"
2019-12-30,5.34,"5,34","5,34","5,34","17,33K","0,19%"
2019-12-27,5.33,"5,34","5,34","5,34","22,50K","0,00%"
2019-12-23,5.33,"5,32","5,33","5,32","58,18K","0,00%"
2019-12-20,5.33,"5,33","5,33","5,33","83,68K","0,19%"
2019-12-19,5.32,"5,34","5,34","5,32","17,54K","0,00%"
2019-12-18,5.32,"5,32","5,32","5,31","53,57K","0,00%"
2019-12-17,5.32,"5,35","5,35","5,31","26,59K","0,00%"
2019-12-16,5.32,"5,32","5,32","5,32","69,43K","0,19%"
2019-12-13,5.31,"5,33","5,33","5,32","7,65K","0,19%"
2019-12-12,5.3,"5,29","5,30","5,29","9,00K","0,19%"
2019-12-11,5.29,"5,29","5,29","5,28","96,67K","0,00%"
2019-12-10,5.29,"5,30","5,30","5,29","97,45K","0,00%"
2019-12-09,5.29,"5,29","5,29","5,28","6,53K","0,19%"
2019-12-06,5.28,"5,29","5,29","5,29","2,00K","0,00%"
2019-12-05,5.28,"5,28","5,28","5,28","0,00K","0,19%"
2019-12-04,5.27,"5,27","5,27","5,27","13,30K","0,19%"
2019-12-03,5.26,"5,27","5,27","5,27","95,78K","-0,19%"
2019-12-02,5.27,"5,29","5,30","5,27","4,37K","0,00%"
2019-11-29,5.27,"5,27","5,27","5,26","5,03K","0,00%"
2019-11-28,5.27,"5,27","5,27","5,26","198,20K","0,19%"
2019-11-27,5.26,"5,27","5,27","5,27","9,57K","0,38%"
2019-11-25,5.24,"5,25","5,25","5,24","69,73K","0,19%"
2019-11-22,5.23,"5,23","5,24","5,23","40,02K","0,00%"
2019-11-21,5.23,"5,23","5,23","5,23","35,90K","0,00%"
2019-11-20,5.23,"5,23","5,23","5,22","15,66K","0,00%"
2019-11-19,5.23,"5,23","5,23","5,23","66,67K","0,00%"
2019-11-18,5.23,"5,23","5,23","5,22","1,54K","0,00%"
2019-11-15,5.23,"5,24","5,24","5,22","10,66K","0,00%"
2019-11-14,5.23,"5,23","5,23","5,23","8,94K","0,00%"
2019-11-13,5.23,"5,24","5,24","5,24","3,62K","-0,19%"
2019-11-12,5.24,"5,24","5,24","5,24","1,71K","0,00%"
2019-11-11,5.24,"5,24","5,24","5,24","2,10K","0,00%"
2019-11-08,5.24,"5,25","5,25","5,24","19,56K","0,00%"
2019-11-07,5.24,"5,23","5,23","5,23","0,26K","0,00%"
2019-11-06,5.24,"5,24","5,24","5,23","53,72K","0,19%"
2019-11-04,5.23,"5,24","5,24","5,24","16,93K","0,19%"
2019-11-01,5.22,"5,22","5,22","5,22","12,64K","0,00%"
2019-10-31,5.22,"5,22","5,22","5,22","17,94K","0,19%"
2019-10-30,5.21,"5,21","5,21","5,21","0,48K","-0,19%"
2019-10-29,5.22,"5,22","5,22","5,22","6,44K","0,00%"
2019-10-28,5.22,"5,20","5,22","5,20","3,73K","0,19%"
2019-10-25,5.21,"5,22","5,22","5,22","141,73K","-0,38%"
2019-10-24,5.23,"5,24","5,24","5,23","1,37K","-0,19%"
2019-10-23,5.24,"5,24","5,24","5,24","0,10K","0,00%"
2019-10-22,5.24,"5,24","5,24","5,23","9,05K","0,19%"
2019-10-21,5.23,"5,23","5,24","5,23","21,61K","0,00%"
2019-10-18,5.23,"5,22","5,23","5,22","18,02K","0,00%"
2019-10-17,5.23,"5,23","5,23","5,23","19,02K","0,00%"
2019-10-16,5.23,"5,22","5,23","5,22","8,99K","0,38%"
2019-10-11,5.21,"5,20","5,22","5,20","33,67K","0,19%"
2019-10-10,5.2,"5,19","5,19","5,19","4,16K","0,19%"
2019-10-09,5.19,"5,19","5,19","5,19","0,15K","0,39%"
2019-10-08,5.17,"5,18","5,18","5,17","47,90K","-0,39%"
2019-10-07,5.19,"5,19","5,19","5,19","0,99K","0,00%"
2019-10-04,5.19,"5,19","5,19","5,19","87,62K","0,00%"
2019-10-03,5.19,"5,20","5,21","5,20","9,28K","-0,38%"
2019-10-02,5.21,"5,22","5,22","5,22","153,46K","-0,38%"
2019-10-01,5.23,"5,24","5,24","5,24","27,19K","0,19%"
2019-09-30,5.22,"5,22","5,22","5,22","56,80K","0,00%"
2019-09-27,5.22,"5,23","5,24","5,22","38,29K","0,00%"
2019-09-26,5.22,"5,23","5,23","5,22","41,27K","0,00%"
2019-09-25,5.22,"5,22","5,22","5,22","16,52K","-0,38%"
2019-09-24,5.24,"5,24","5,24","5,23","20,70K","0,00%"
2019-09-23,5.24,"5,26","5,26","5,24","14,87K","-0,19%"
2019-09-20,5.25,"5,25","5,26","5,25","16,17K","-0,19%"
2019-09-19,5.26,"5,26","5,26","5,25","95,67K","0,00%"
2019-09-18,5.26,"5,26","5,26","5,26","885,72K","0,19%"
2019-09-17,5.25,"5,25","5,26","5,25","29,12K","-0,19%"
2019-09-16,5.26,"5,25","5,26","5,25","21,13K","0,00%"
2019-09-13,5.26,"5,26","5,27","5,26","7,64K","0,00%"
2019-09-12,5.26,"5,24","5,27","5,24","106,41K","0,57%"
2019-09-11,5.23,"5,24","5,24","5,23","871,47K","0,00%"
2019-09-10,5.23,"5,23","5,24","5,23","18,02K","-0,19%"
2019-09-09,5.24,"5,25","5,25","5,24","45,43K","-0,19%"
2019-09-06,5.25,"5,25","5,25","5,24","81,24K","0,00%"
2019-09-05,5.25,"5,26","5,26","5,26","32,88K","0,19%"
2019-09-04,5.24,"5,23","5,25","5,23","4,96K","-0,19%"
2019-09-02,5.25,"5,24","5,25","5,24","14,75K","0,19%"
2019-09-01,5.24,"5,24","5,24","5,24","","0,00%"
2019-08-31,5.24,"5,24","5,24","5,24","","0,00%"
2019-08-29,5.24,"5,23","5,23","5,23","0,15K","0,19%"
2019-08-28,5.23,"5,23","5,23","5,23","1,78K","0,00%"
2019-08-27,5.23,"5,24","5,24","5,22","38,83K","0,19%"
2019-08-23,5.22,"5,23","5,23","5,22","9,60K","-0,19%"
2019-08-22,5.23,"5,23","5,23","5,23","10,15K","0,58%"
2019-08-20,5.2,"5,20","5,20","5,20","5,56K","0,19%"
2019-08-19,5.19,"5,19","5,20","5,19","27,68K","0,19%"
2019-08-16,5.18,"5,18","5,18","5,18","0,06K","0,19%"
2019-08-15,5.17,"5,17","5,17","5,17","7,17K","0,00%"
2019-08-14,5.17,"5,17","5,17","5,17","230,85K","-0,39%"
2019-08-13,5.19,"5,20","5,20","5,20","0,06K","0,19%"
2019-08-12,5.18,"5,19","5,19","5,18","17,55K","0,00%"
2019-08-09,5.18,"5,18","5,18","5,18","72,50K","-0,19%"
2019-08-08,5.19,"5,19","5,20","5,19","240,80K","0,19%"
2019-08-07,5.18,"5,17","5,18","5,17","0,10K","0,00%"
2019-08-06,5.18,"5,18","5,18","5,18","1,27K","0,19%"
2019-08-05,5.17,"5,17","5,17","5,17","1,67K","-0,58%"
2019-08-01,5.2,"5,20","5,21","5,20","5,95K","0,00%"
2019-07-31,5.2,"5,20","5,20","5,20","5,50K","0,00%"
2019-07-30,5.2,"5,22","5,22","5,21","65,62K","-0,38%"
2019-07-29,5.22,"5,23","5,23","5,22","1,18K","0,00%"
2019-07-26,5.22,"5,22","5,23","5,22","42,40K","0,00%"
2019-07-25,5.22,"5,22","5,24","5,22","213,52K","0,19%"
2019-07-24,5.21,"5,20","5,22","5,20","44,19K","0,00%"
2019-07-23,5.21,"5,20","5,21","5,20","32,13K","0,39%"
2019-07-22,5.19,"5,19","5,20","5,19","6,62K","0,00%"
2019-07-19,5.19,"5,19","5,19","5,19","0,79K","0,00%"
2019-07-18,5.19,"5,19","5,19","5,19","0,92K","-0,19%"
2019-07-17,5.2,"5,20","5,20","5,20","5,59K","0,00%"
2019-07-16,5.2,"5,21","5,21","5,21","49,39K","-0,19%"
2019-07-15,5.21,"5,21","5,21","5,21","3,95K","0,00%"
2019-07-12,5.21,"5,22","5,22","5,21","17,08K","-0,19%"
2019-07-11,5.22,"5,22","5,22","5,21","138,00K","0,19%"
2019-07-10,5.21,"5,22","5,22","5,20","232,01K","0,00%"
2019-07-09,5.21,"5,21","5,21","5,21","11,38K","-0,19%"
2019-07-08,5.22,"5,22","5,22","5,22","1,98K","0,00%"
2019-07-05,5.22,"5,23","5,23","5,22","7,49K","-0,19%"
2019-07-04,5.23,"5,23","5,23","5,23","2,10K","0,19%"
2019-07-03,5.22,"5,22","5,23","5,22","484,91K","0,19%"
2019-07-02,5.21,"5,20","5,21","5,20","8,95K","0,00%"
2019-07-01,5.21,"5,22","5,22","5,21","229,05K","0,19%"
2019-06-28,5.2,"5,19","5,20","5,19","8,84K","0,39%"
2019-06-27,5.18,"5,18","5,19","5,18","5,20K","0,19%"
2019-06-26,5.17,"5,17","5,17","5,17","1,48K","0,00%"
2019-06-25,5.17,"5,17","5,18","5,17","19,16K","-0,19%"
2019-06-24,5.18,"5,19","5,19","5,19","40,36K","-0,19%"
2019-06-21,5.19,"5,20","5,20","5,19","32,19K","-0,19%"
2019-06-20,5.2,"5,20","5,20","5,20","1,84K","0,58%"
2019-06-19,5.17,"5,16","5,17","5,16","32,94K","0,19%"
2019-06-18,5.16,"5,13","5,15","5,13","6,58K","0,78%"
2019-06-17,5.12,"5,12","5,12","5,12","3,61K","0,00%"
2019-06-14,5.12,"5,12","5,12","5,12","11,68K","0,00%"
2019-06-13,5.12,"5,12","5,12","5,12","7,13K","0,00%"
2019-06-12,5.12,"5,13","5,13","5,12","489,29K","-0,19%"
2019-06-11,5.13,"5,13","5,14","5,13","52,88K","0,00%"
2019-06-07,5.13,"5,12","5,12","5,12","0,40K","0,59%"
2019-06-06,5.1,"5,12","5,12","5,09","19,73K","0,00%"
2019-06-05,5.1,"5,10","5,10","5,10","173,75K","0,39%"
2019-06-04,5.08,"5,08","5,08","5,08","1,20K","0,40%"
2019-06-03,5.06,"5,07","5,07","5,07","4,67K","-0,20%"
2019-05-31,5.07,"5,07","5,07","5,07","4,09K","-0,39%"
2019-05-30,5.09,"5,09","5,10","5,09","5,64K","-0,20%"
2019-05-28,5.1,"5,12","5,12","5,10","17,11K","0,00%"
2019-05-24,5.1,"5,09","5,10","5,09","265,77K","0,20%"
2019-05-23,5.09,"5,13","5,13","5,09","82,38K","-0,39%"
2019-05-22,5.11,"5,12","5,12","5,12","19,98K","-0,20%"
2019-05-21,5.12,"5,11","5,11","5,11","3,81K","0,20%"
2019-05-20,5.11,"5,11","5,11","5,11","27,62K","-0,20%"
2019-05-17,5.12,"5,11","5,11","5,11","16,18K","0,20%"
2019-05-16,5.11,"5,10","5,10","5,10","11,22K","0,39%"
2019-05-15,5.09,"5,10","5,10","5,09","77,56K","0,00%"
2019-05-14,5.09,"5,09","5,09","5,09","22,56K","-0,20%"
2019-05-10,5.1,"5,10","5,11","5,10","2,92K","0,20%"
2019-05-09,5.09,"5,10","5,10","5,10","19,73K","-0,39%"
2019-05-08,5.11,"5,12","5,12","5,11","31,28K","-0,20%"
2019-05-07,5.12,"5,14","5,14","5,12","15,95K","-0,39%"
2019-05-03,5.14,"5,14","5,14","5,14","1,07K","0,00%"
2019-05-02,5.14,"5,14","5,15","5,14","4,63K","-0,39%"
2019-05-01,5.16,"5,16","5,16","5,16","2,00K","0,00%"
2019-04-30,5.16,"5,16","5,16","5,16","27,46K","0,00%"
2019-04-29,5.16,"5,16","5,16","5,16","17,75K","0,00%"
2019-04-26,5.16,"5,16","5,16","5,15","101,10K","-0,19%"
2019-04-24,5.17,"5,18","5,18","5,18","0,20K","-0,19%"
2019-04-23,5.18,"5,18","5,18","5,18","13,77K","0,00%"
2019-04-18,5.18,"5,17","5,18","5,17","15,91K","0,19%"
2019-04-17,5.17,"5,17","5,17","5,16","436,03K","0,00%"
2019-04-16,5.17,"5,16","5,17","5,16","18,01K","0,19%"
2019-04-15,5.16,"5,16","5,17","5,16","2,20K","0,00%"
2019-04-12,5.16,"5,16","5,16","5,16","1,70K","0,19%"
2019-04-11,5.15,"5,15","5,15","5,15","61,00K","0,19%"
2019-04-10,5.14,"5,14","5,15","5,14","18,24K","0,00%"
2019-04-08,5.14,"5,13","5,14","5,13","10,65K","0,00%"
2019-04-05,5.14,"5,14","5,14","5,13","11,81K","0,19%"
2019-04-04,5.13,"5,15","5,15","5,13","7,23K","-0,19%"
2019-04-03,5.14,"5,14","5,14","5,14","94,58K","0,19%"
2019-04-02,5.13,"5,12","5,13","5,12","4,33K","0,20%"
2019-04-01,5.12,"5,12","5,12","5,12","7,97K","0,39%"
2019-03-29,5.1,"5,10","5,10","5,10","0,20K","0,20%"
2019-03-28,5.09,"5,08","5,09","5,08","49,35K","0,00%"
2019-03-27,5.09,"5,09","5,09","5,08","231,10K","0,00%"
2019-03-26,5.09,"5,09","5,09","5,08","42,17K","0,20%"
2019-03-25,5.08,"5,09","5,09","5,08","16,90K","0,00%"
2019-03-22,5.08,"5,09","5,09","5,08","11,00K","-0,39%"
2019-03-21,5.1,"5,09","5,09","5,09","1,40K","0,39%"
2019-03-20,5.08,"5,09","5,09","5,09","3,49K","-0,39%"
2019-03-19,5.1,"5,10","5,10","5,10","4,42K","0,20%"
2019-03-18,5.09,"5,09","5,09","5,09","4,79K","0,39%"
2019-03-13,5.07,"5,07","5,07","5,07","13,00K","0,40%"
2019-03-11,5.05,"5,04","5,05","5,04","16,78K","0,20%"
2019-03-08,5.04,"5,05","5,05","5,03","61,70K","-0,40%"
2019-03-07,5.06,"5,05","5,06","5,05","9,19K","0,00%"
2019-03-06,5.06,"5,06","5,07","5,06","8,48K","-0,20%"
2019-03-05,5.07,"5,08","5,08","5,08","0,20K","-0,20%"
2019-03-04,5.08,"5,07","5,08","5,07","46,20K","0,20%"
2019-03-01,5.07,"5,07","5,07","5,07","1,38K","0,20%"
2019-02-28,5.06,"5,06","5,07","5,06","4,95K","0,00%"
2019-02-27,5.06,"5,06","5,06","5,06","58,61K","0,00%"
2019-02-26,5.06,"5,05","5,06","5,05","46,63K","0,20%"
2019-02-25,5.05,"5,04","5,04","5,03","11,74K","0,40%"
2019-02-22,5.03,"5,04","5,04","5,03","56,26K","0,20%"
2019-02-20,5.02,"5,02","5,02","5,02","36,89K","0,00%"
2019-02-19,5.02,"5,01","5,02","5,01","1,16K","0,00%"
2019-02-18,5.02,"5,02","5,02","5,02","12,95K","0,00%"
2019-02-15,5.02,"5,00","5,01","5,00","44,40K","0,80%"
2019-02-11,4.98,"4,97","4,97","4,97","0,09K","-0,20%"
2019-02-07,4.99,"5,01","5,01","4,99","24,49K","-0,20%"
2019-02-06,5,"5,02","5,02","5,02","15,06K","0,00%"
2019-02-05,5,"4,99","5,00","4,99","16,49K","0,40%"
2019-02-04,4.98,"4,98","4,98","4,98","0,25K","0,00%"
2019-02-01,4.98,"4,98","4,98","4,98","6,03K","0,00%"
2019-01-31,4.98,"4,98","4,98","4,98","3,00K","0,40%"
2019-01-30,4.96,"4,96","4,96","4,96","25,50K","0,20%"
2019-01-29,4.95,"4,95","4,95","4,95","3,87K","0,00%"
2019-01-24,4.95,"4,95","4,95","4,95","0,57K","0,20%"
2019-01-23,4.94,"4,94","4,94","4,94","1,45K","0,00%"
2019-01-22,4.94,"4,94","4,94","4,94","4,67K","-0,20%"
2019-01-21,4.95,"4,96","4,96","4,96","7,13K","0,00%"
2019-01-18,4.95,"4,96","4,96","4,96","10,90K","0,41%"
2019-01-17,4.93,"4,93","4,94","4,93","45,24K","0,20%"
2019-01-15,4.92,"4,91","4,92","4,91","13,22K","0,20%"
2019-01-14,4.91,"4,91","4,91","4,91","0,15K","-0,20%"
2019-01-11,4.92,"4,92","4,92","4,92","23,32K","0,41%"
2019-01-10,4.9,"4,90","4,90","4,89","36,04K","-0,20%"
2019-01-09,4.91,"4,90","4,91","4,90","138,85K","0,61%"
2019-01-08,4.88,"4,87","4,88","4,87","114,98K","0,41%"
2019-01-07,4.86,"4,86","4,86","4,86","0,10K","0,21%"
2019-01-04,4.85,"4,84","4,84","4,84","8,08K","0,41%"
2019-01-03,4.83,"4,85","4,85","4,85","2,65K","-0,41%"
2019-01-02,4.85,"4,85","4,85","4,85","102,03K","-0,21%"
2018-12-28,4.86,"4,86","4,86","4,85","6,53K","0,21%"
2018-12-27,4.85,"4,86","4,86","4,85","201,51K","0,21%"
2018-12-24,4.84,"4,86","4,86","4,86","3,80K","-0,21%"
2018-12-21,4.85,"4,85","4,85","4,84","80,83K","-0,21%"
2018-12-20,4.86,"4,86","4,87","4,86","57,24K","-0,41%"
2018-12-19,4.88,"4,89","4,89","4,89","213,75K","0,00%"
2018-12-18,4.88,"4,88","4,88","4,88","1,09K","0,00%"
2018-12-17,4.88,"4,88","4,88","4,88","5,44K","-0,20%"
2018-12-14,4.89,"4,89","4,89","4,89","210,00K","-0,20%"
2018-12-13,4.9,"4,88","4,89","4,88","250,77K","0,41%"
2018-12-12,4.88,"4,85","4,87","4,85","4,86K","0,83%"
2018-12-11,4.84,"4,83","4,85","4,83","6,47K","0,00%"
2018-12-10,4.84,"4,84","4,84","4,84","1,53K","-0,41%"
2018-12-07,4.86,"4,86","4,87","4,86","139,98K","0,21%"
2018-12-06,4.85,"4,85","4,85","4,85","2,49M","-0,41%"
2018-12-05,4.87,"4,86","4,87","4,86","5,35K","-0,20%"
2018-12-04,4.88,"4,90","4,90","4,88","19,51K","-0,41%"
2018-12-03,4.9,"4,91","4,92","4,91","36,97K","0,20%"
2018-11-30,4.89,"4,89","4,89","4,89","1,33M","0,00%"
2018-11-29,4.89,"4,92","4,92","4,89","5,98K","0,00%"
2018-11-28,4.89,"4,90","4,90","4,90","0,37K","0,00%"
2018-11-27,4.89,"4,90","4,90","4,89","20,77K","-0,41%"
2018-11-26,4.91,"4,92","4,92","4,91","55,21K","0,20%"
2018-11-23,4.9,"4,92","4,92","4,92","20,00K","-0,20%"
2018-11-22,4.91,"4,90","4,90","4,90","5,05K","0,20%"
2018-11-21,4.9,"4,90","4,90","4,90","0,91K","0,62%"
2018-11-20,4.87,"4,87","4,87","4,87","0,90K","-1,02%"
2018-11-16,4.92,"4,95","4,95","4,94","14,61K","-0,40%"
2018-11-15,4.94,"4,96","4,96","4,95","3,49K","-0,60%"
2018-11-14,4.97,"4,98","4,98","4,98","2,60K","-0,20%"
2018-11-13,4.98,"4,98","4,98","4,98","0,75K","-0,20%"
2018-11-12,4.99,"4,99","4,99","4,99","0,40K","-0,40%"
2018-11-09,5.01,"5,02","5,02","5,02","2,74K","-0,20%"
2018-11-08,5.02,"5,02","5,03","5,02","185,00K","0,00%"
2018-11-07,5.02,"5,01","5,01","5,01","2,58K","0,20%"
2018-11-06,5.01,"5,00","5,00","5,00","1,87K","0,00%"
2018-11-05,5.01,"5,01","5,01","5,01","10,00K","0,00%"
2018-11-02,5.01,"5,01","5,01","5,01","0,20K","0,40%"
2018-10-31,4.99,"4,99","4,99","4,99","104,54K","0,00%"
2018-10-30,4.99,"4,99","4,99","4,98","134,42K","0,00%"
2018-10-29,4.99,"4,99","4,99","4,99","2,00K","0,20%"
2018-10-26,4.98,"4,98","4,98","4,97","12,20K","-0,20%"
2018-10-24,4.99,"5,00","5,00","5,00","0,59K","-0,20%"
2018-10-23,5,"5,01","5,01","5,01","0,18K","-0,20%"
2018-10-22,5.01,"5,02","5,02","5,02","0,82K","0,00%"
2018-10-19,5.01,"5,02","5,02","5,01","27,00K","-0,20%"
2018-10-18,5.02,"5,03","5,03","5,02","58,89K","0,00%"
2018-10-17,5.02,"5,01","5,03","5,01","164,45K","0,00%"
2018-10-12,5.02,"5,02","5,03","5,02","20,34K","0,20%"
2018-10-11,5.01,"5,00","5,01","5,00","29,28K","-0,20%"
2018-10-10,5.02,"5,02","5,02","5,02","0,32K","0,00%"
2018-10-09,5.02,"5,02","5,02","5,02","200,00K","-0,40%"
2018-10-08,5.04,"5,04","5,04","5,04","2,30K","0,00%"
2018-10-05,5.04,"5,04","5,04","5,04","7,90K","-0,20%"
2018-10-04,5.05,"5,05","5,05","5,05","0,63K","0,20%"
2018-10-02,5.04,"5,04","5,05","5,04","8,02K","-0,20%"
2018-10-01,5.05,"5,05","5,05","5,05","63,07K","0,20%"
2018-09-28,5.04,"5,04","5,04","5,04","9,30K","-0,20%"
2018-09-27,5.05,"5,07","5,07","5,05","132,94K","0,00%"
2018-09-26,5.05,"5,06","5,06","5,06","0,76K","-0,20%"
2018-09-24,5.06,"5,06","5,06","5,06","16,00K","0,00%"
2018-09-21,5.06,"5,06","5,06","5,06","4,44K","0,00%"
2018-09-20,5.06,"5,06","5,06","5,06","1,94M","0,20%"
2018-09-19,5.05,"5,05","5,05","5,05","572,00K","0,00%"
2018-09-18,5.05,"5,05","5,05","5,05","0,34K","0,20%"
2018-09-17,5.04,"5,05","5,05","5,05","0,74K","0,00%"
2018-09-14,5.04,"5,04","5,04","5,04","14,28K","0,20%"
2018-09-12,5.03,"5,04","5,04","5,04","57,60K","0,00%"
2018-09-11,5.03,"5,03","5,03","5,03","1,63K","0,00%"
2018-09-10,5.03,"5,01","5,03","5,01","17,23K","0,20%"
2018-09-07,5.02,"5,02","5,02","5,02","559,01K","0,00%"
2018-09-05,5.02,"5,02","5,02","5,02","7,37K","0,00%"
2018-09-04,5.02,"5,02","5,02","5,02","0,66K","0,00%"
2018-09-03,5.02,"5,03","5,03","5,02","43,90K","-0,20%"
2018-08-31,5.03,"5,03","5,03","5,03","0,12K","-0,20%"
2018-08-30,5.04,"5,03","5,04","5,03","15,43K","0,00%"
2018-08-29,5.04,"5,05","5,05","5,05","4,63K","0,00%"
2018-08-28,5.04,"5,04","5,05","5,04","1,89M","0,00%"
2018-08-24,5.04,"5,04","5,04","5,04","0,89K","0,00%"
2018-08-23,5.04,"5,05","5,05","5,05","1,34K","0,00%"
2018-08-22,5.04,"5,03","5,03","5,03","0,32K","0,00%"
2018-08-21,5.04,"5,04","5,04","5,03","4,11K","0,20%"
2018-08-17,5.03,"5,04","5,04","5,04","20,00K","0,00%"
2018-08-16,5.03,"5,03","5,03","5,03","4,81K","0,20%"
2018-08-15,5.02,"5,03","5,03","5,02","0,40K","-0,40%"
2018-08-14,5.04,"5,04","5,04","5,04","1,88K","0,40%"
2018-08-13,5.02,"5,03","5,03","5,03","5,52K","-0,20%"
2018-08-10,5.03,"5,04","5,04","5,04","107,45K","-0,20%"
2018-08-09,5.04,"5,05","5,05","5,04","30,78K","0,00%"
2018-08-08,5.04,"5,05","5,05","5,04","16,55K","0,00%"
2018-08-07,5.04,"5,05","5,05","5,05","6,03K","0,00%"
2018-08-06,5.04,"5,04","5,04","5,04","14,23K","0,00%"
2018-07-31,5.04,"5,04","5,04","5,04","1,49K","0,20%"
2018-07-30,5.03,"5,04","5,04","5,04","9,69K","0,00%"
2018-07-27,5.03,"5,04","5,04","5,04","121,60K","-0,20%"
2018-07-26,5.04,"5,04","5,04","5,04","440,93K","0,40%"
2018-07-24,5.02,"5,02","5,02","5,02","2,30K","0,00%"
2018-07-20,5.02,"5,02","5,02","5,02","0,18K","0,00%"
2018-07-19,5.02,"5,03","5,03","5,02","3,34K","-0,20%"
2018-07-18,5.03,"5,03","5,03","5,03","0,20K","0,20%"
2018-07-17,5.02,"5,03","5,03","5,03","10,84K","0,00%"
2018-07-16,5.02,"5,00","5,02","5,00","6,47K","0,00%"
2018-07-13,5.02,"5,01","5,01","5,01","0,36K","0,20%"
2018-07-10,5.01,"5,01","5,01","5,01","11,08K","0,20%"
2018-07-09,5,"5,00","5,00","5,00","10,20K","0,00%"
2018-07-06,5,"4,99","4,99","4,99","0,10K","0,40%"
2018-07-05,4.98,"4,98","4,99","4,98","11,92K","0,20%"
2018-07-04,4.97,"4,96","4,97","4,96","5,62K","0,00%"
2018-07-03,4.97,"4,97","4,97","4,97","0,88K","0,40%"
2018-07-02,4.95,"4,95","4,95","4,95","1,01K","0,00%"
2018-06-28,4.95,"4,97","4,97","4,97","1,32K","-0,40%"
2018-06-27,4.97,"4,99","4,99","4,98","2,84K","-0,20%"
2018-06-25,4.98,"4,99","5,00","4,98","221,69K","-0,40%"
2018-06-22,5,"5,01","5,01","5,01","0,77K","0,20%"
2018-06-21,4.99,"5,00","5,00","5,00","281,01K","-0,40%"
2018-06-20,5.01,"5,00","5,00","5,00","2,16K","0,20%"
2018-06-19,5,"5,00","5,00","4,99","2,12K","-0,20%"
2018-06-18,5.01,"5,00","5,00","5,00","50,00K","-0,20%"
2018-06-15,5.02,"5,02","5,02","5,02","8,05K","0,20%"
2018-06-14,5.01,"5,00","5,00","5,00","7,71K","0,20%"
2018-06-13,5,"5,00","5,00","5,00","1,01K","0,20%"
2018-06-12,4.99,"5,00","5,00","4,99","3,90K","0,00%"
2018-06-11,4.99,"4,99","4,99","4,99","0,78K","0,20%"
2018-06-08,4.98,"4,98","4,98","4,98","0,60K","-0,20%"
2018-06-07,4.99,"5,00","5,00","4,99","14,92K","0,00%"
2018-06-06,4.99,"5,02","5,02","4,99","3,80K","-0,40%"
2018-06-05,5.01,"5,01","5,01","5,00","30,04K","0,00%"
2018-06-04,5.01,"5,00","5,00","5,00","228,96K","0,40%"
2018-06-01,4.99,"4,99","4,99","4,99","34,77K","0,40%"
2018-05-31,4.97,"4,96","4,98","4,96","55,66K","0,20%"
2018-05-30,4.96,"4,95","4,96","4,95","240,20K","0,00%"
2018-05-29,4.96,"4,92","4,96","4,92","121,25K","-0,60%"
2018-05-25,4.99,"5,01","5,01","4,99","88,76K","-0,20%"
2018-05-23,5,"5,01","5,01","5,00","8,05K","-0,40%"
2018-05-22,5.02,"5,02","5,02","5,02","3,58K","0,20%"
2018-05-21,5.01,"5,01","5,01","5,01","451,00K","-0,20%"
2018-05-18,5.02,"5,02","5,02","5,02","3,00K","-0,40%"
2018-05-15,5.04,"5,04","5,04","5,04","4,66K","0,00%"
2018-05-14,5.04,"5,04","5,04","5,04","52,22K","0,00%"
2018-05-10,5.04,"5,04","5,04","5,04","99,24K","0,20%"
2018-05-08,5.03,"5,06","5,06","5,06","3,77K","0,00%"
2018-05-04,5.03,"5,04","5,04","5,04","6,25K","-0,20%"
2018-05-03,5.04,"5,05","5,05","5,04","93,93K","0,00%"
2018-05-02,5.04,"5,04","5,04","5,04","0,20K","0,00%"
2018-04-30,5.04,"5,04","5,04","5,04","0,75K","0,00%"
2018-04-27,5.04,"5,04","5,04","5,04","0,26K","0,00%"
2018-04-26,5.04,"5,04","5,04","5,04","0,28K","0,00%"
2018-04-25,5.04,"5,03","5,04","5,03","11,87K","0,00%"
2018-04-24,5.04,"5,04","5,04","5,04","2,85K","0,00%"
2018-04-23,5.04,"5,04","5,04","5,04","3,98K","0,00%"
2018-04-19,5.04,"5,05","5,05","5,04","51,17K","-0,20%"
2018-04-18,5.05,"5,05","5,05","5,05","2,93K","0,00%"
2018-04-16,5.05,"5,05","5,05","5,05","22,25K","0,00%"
2018-04-13,5.05,"5,04","5,05","5,04","239,24K","0,20%"
2018-04-12,5.04,"5,04","5,04","5,02","4,76K","0,40%"
2018-04-10,5.02,"5,03","5,03","5,02","2,22K","0,00%"
2018-04-09,5.02,"5,02","5,02","5,02","10,17K","0,00%"
2018-04-06,5.02,"5,02","5,02","5,01","5,14K","0,20%"
2018-04-05,5.01,"5,02","5,02","5,02","0,45K","0,20%"
2018-04-04,5,"5,01","5,01","5,01","0,31K","0,00%"
2018-04-03,5,"5,01","5,01","5,00","0,53K","-0,20%"
2018-03-28,5.01,"5,00","5,00","5,00","0,45K","0,00%"
2018-03-27,5.01,"5,01","5,01","5,01","42,54K","0,20%"
2018-03-26,5,"5,00","5,00","4,99","10,47K","0,00%"
2018-03-23,5,"4,99","5,00","4,99","6,68K","0,00%"
2018-03-22,5,"5,00","5,00","5,00","3,00K","-0,20%"
2018-03-21,5.01,"5,02","5,02","5,02","0,98K","0,00%"
2018-03-20,5.01,"5,01","5,01","5,01","1,52K","-0,20%"
2018-03-16,5.02,"5,04","5,04","5,04","1,03K","0,00%"
2018-03-15,5.02,"5,03","5,03","5,03","7,53K","0,00%"
2018-03-14,5.02,"5,03","5,03","5,02","7,00K","0,00%"
2018-03-13,5.02,"5,02","5,02","5,02","1,30K","-0,20%"
2018-03-12,5.03,"5,03","5,03","5,03","2,39K","0,20%"
2018-03-08,5.02,"5,01","5,01","5,01","0,35K","0,20%"
2018-03-07,5.01,"5,01","5,01","5,01","17,00K","0,00%"
2018-03-06,5.01,"5,01","5,01","5,00","1,36K","0,20%"
2018-03-05,5,"5,00","5,00","5,00","0,83K","0,00%"
2018-03-02,5,"5,02","5,02","5,00","6,85K","-0,20%"
2018-03-01,5.01,"5,01","5,01","5,00","11,15K","0,00%"
2018-02-28,5.01,"5,00","5,01","5,00","2,95K","0,20%"
2018-02-26,5,"5,01","5,01","5,01","3,00K","0,00%"
2018-02-23,5,"5,00","5,00","5,00","10,13K","0,00%"
2018-02-22,5,"5,01","5,01","5,00","2,45K","-0,20%"
2018-02-21,5.01,"5,01","5,01","5,00","8,03K","0,00%"
2018-02-20,5.01,"5,02","5,02","5,02","1,80K","0,00%"
2018-02-19,5.01,"4,99","4,99","4,99","6,00K","0,00%"
2018-02-16,5.01,"5,00","5,01","5,00","7,55K","0,60%"
2018-02-14,4.98,"4,99","4,99","4,98","2,52K","0,00%"
2018-02-13,4.98,"5,00","5,00","4,99","20,65K","-0,40%"
2018-02-12,5,"5,00","5,01","5,00","1,59K","0,00%"
2018-02-09,5,"5,00","5,00","5,00","17,41K","-0,20%"
2018-02-08,5.01,"5,03","5,03","5,03","5,91K","-0,40%"
2018-02-07,5.03,"5,02","5,03","5,02","18,91K","0,20%"
2018-02-05,5.02,"5,03","5,03","5,03","0,53K","-0,20%"
2018-02-02,5.03,"5,04","5,04","5,03","3,87K","-0,20%"
2018-02-01,5.04,"5,04","5,04","5,04","23,39K","0,00%"
2018-01-31,5.04,"5,04","5,04","5,04","85,37K","-0,20%"
2018-01-29,5.05,"5,05","5,05","5,05","11,61K","-0,20%"
2018-01-26,5.06,"5,05","5,05","5,05","4,25K","0,20%"
2018-01-25,5.05,"5,05","5,05","5,05","1,30K","-0,20%"
2018-01-24,5.06,"5,07","5,07","5,07","10,99K","0,00%"
2018-01-22,5.06,"5,05","5,05","5,05","0,38K","0,20%"
2018-01-17,5.05,"5,06","5,06","5,05","1,50K","-0,20%"
2018-01-16,5.06,"5,06","5,06","5,05","12,35K","0,20%"
2018-01-12,5.05,"5,05","5,05","5,05","18,52K","0,00%"
2018-01-11,5.05,"5,06","5,06","5,05","30,52K","0,00%"
2018-01-10,5.05,"5,05","5,05","5,05","1,08K","-0,20%"
2018-01-08,5.06,"5,07","5,07","5,07","0,36K","0,00%"
2018-01-05,5.06,"5,07","5,07","5,07","10,00K","0,00%"
2018-01-04,5.06,"5,05","5,05","5,05","10,00K","0,20%"
2018-01-03,5.05,"5,04","5,05","5,04","30,43K","0,20%"
2018-01-02,5.04,"5,05","5,05","5,04","118,50K","0,20%"
2017-12-27,5.03,"5,04","5,04","5,04","26,76K","0,20%"
2017-12-19,5.02,"5,03","5,03","5,02","3,97K","-0,20%"
2017-12-18,5.03,"5,02","5,02","5,02","3,14K","0,20%"
2017-12-15,5.02,"5,03","5,03","5,03","5,00K","-0,20%"
2017-12-12,5.03,"0,00","5,03","5,03","30,22K","0,00%"
2017-12-11,5.03,"0,00","5,04","5,04","22,40K","0,00%"
2017-12-07,5.03,"0,00","5,03","5,03","19,60K","0,00%"
2017-12-06,5.03,"5,04","5,04","5,04","10,00K","-0,20%"
2017-12-04,5.04,"5,04","5,04","5,04","67,32K","0,00%"
2017-12-01,5.04,"5,04","5,04","5,04","0,70K","0,00%"
2017-11-30,5.04,"0,00","5,04","5,04","24,00K","0,00%"
2017-11-29,5.04,"0,00","5,04","5,04","150,00K","-0,20%"
2017-11-28,5.05,"5,05","5,05","5,04","71,39K","0,00%"
2017-11-27,5.05,"5,05","5,05","5,05","10,00K","0,20%"
2017-11-23,5.04,"5,04","5,04","5,04","0,59K","0,00%"
2017-11-22,5.04,"5,03","5,03","5,03","0,85K","0,20%"
2017-11-17,5.03,"5,03","5,03","5,03","3,00K","-0,20%"
2017-11-16,5.04,"5,04","5,04","5,04","9,27K","0,60%"
2017-11-15,5.01,"5,00","5,00","5,00","0,40K","-0,20%"
2017-11-14,5.02,"5,04","5,04","5,04","10,00K","-0,20%"
2017-11-13,5.03,"5,03","5,03","5,03","20,80K","0,00%"
2017-11-10,5.03,"5,04","5,04","5,02","16,00K","-0,40%"
2017-11-09,5.05,"5,04","5,04","5,04","5,00K","-0,20%"
2017-11-08,5.06,"5,07","5,07","5,07","3,00K","-0,39%"
2017-11-07,5.08,"5,08","5,08","5,08","0,29K","0,20%"
2017-11-01,5.07,"5,08","5,08","5,08","10,00K","0,00%"
2017-10-31,5.07,"5,07","5,07","5,07","4,00K","0,20%"
2017-10-27,5.06,"5,06","5,06","5,06","4,94K","0,20%"
2017-10-24,5.05,"5,04","5,04","5,04","2,77K","0,00%"
2017-10-19,5.05,"5,04","5,04","5,04","3,00K","0,20%"
2017-10-16,5.04,"5,05","5,05","5,05","0,00K","0,00%"
